data,Tmax,Tmin,Qg,UR
2001-01-01,32.8786947,22.71097485,23.66299111,76.37795305000002
2001-01-02,33.79303109999999,22.69815705,27.590156359999998,73.62204752000001
2001-01-03,34.35808245,23.155325249999997,29.161022459999998,68.11023646000001
2001-01-04,33.8720742,22.4257788,27.433069749999998,70.07874041000001
2001-01-05,33.3422718,22.553956799999998,21.62086518,77.55905542
2001-01-06,33.80264445,23.03996505,23.34881789,73.62204752000001
2001-01-07,33.6648531,22.2335118,24.134250939999998,73.62204752000001
2001-01-08,34.57812135,23.11046295,24.44842416,78.74015779000001
2001-01-09,31.5734154,22.05513075,22.563384839999998,82.67716569000001
2001-01-10,31.427078849999997,22.647954,21.77795179,81.88976411000002
2001-01-11,24.77464065,21.0094119,11.41023553,94.0944886
2001-01-12,26.1044874,19.23307845,14.394881119999999,87.00787438000002
2001-01-13,28.741749749999997,20.5201992,13.13818824,86.22047280000001
2001-01-14,29.8216494,20.839576049999998,17.2224401,82.28346490000001
2001-01-15,32.04660585,21.64923375,21.9350384,81.10236253000001
2001-01-16,32.86053615,22.005995849999998,20.835432129999997,79.52755937
2001-01-17,33.69155685,22.6949526,23.66299111,73.62204752000001
2001-01-18,35.29378185,23.196983099999997,25.548030429999997,72.83464594000002
2001-01-19,34.444602599999996,22.6415451,20.835432129999997,77.55905542
2001-01-20,31.81588545,21.10234095,18.63621959,79.13385858000001
2001-01-21,32.68322325,22.214285099999998,20.52125891,78.34645700000002
2001-01-22,32.27518995,22.2655563,20.3641723,78.34645700000002
2001-01-23,31.07458935,22.84128915,15.96574722,86.22047280000001
2001-01-24,33.3486807,22.26876075,23.82007772,80.70866174000001
2001-01-25,33.53560695,23.0047161,23.977164329999997,75.98425226
2001-01-26,33.22584345,23.433044250000002,21.9350384,75.98425226
2001-01-27,33.74923695,24.28115535,24.76259738,76.37795305000002
2001-01-28,34.559962799999994,23.8784628,25.548030429999997,71.65354357000001
2001-01-29,31.0072959,22.847698049999998,15.33740078,85.03937043
2001-01-30,33.08271135,21.7827525,21.9350384,79.52755937
2001-01-31,33.83255265,23.580448949999997,20.52125891,81.49606332000002
2001-02-01,31.064975999999998,22.77933645,14.394881119999999,85.43307122000002
2001-02-02,31.9515405,22.4172336,17.06535349,85.82677201000001
2001-02-03,32.09146815,22.71097485,14.70905434,88.58267754
2001-02-04,32.6650647,22.510162649999998,20.835432129999997,82.28346490000001
2001-02-05,32.389482,23.4362487,15.023227559999999,84.64566964000001
2001-02-06,29.84835315,22.12990125,13.92362129,85.82677201000001
2001-02-07,33.123301049999995,21.80518365,20.3641723,80.31496095000001
2001-02-08,34.65502815,23.06132805,25.23385721,76.77165384000001
2001-02-09,33.30488655,23.50781475,20.3641723,81.88976411000002
2001-02-10,32.902193999999994,22.40334765,20.992518739999998,83.46456727000002
2001-02-11,33.26216055,22.199331,23.03464467,81.88976411000002
2001-02-12,32.38414125,22.73874675,18.16495976,85.82677201000001
2001-02-13,31.560597599999998,22.11067455,20.3641723,86.61417359000001
2001-02-14,28.53025605,22.210012499999998,14.394881119999999,89.76377991000001
2001-02-15,29.58986085,21.80518365,15.180314169999999,92.51968544000002
2001-02-16,31.47835005,21.32024355,20.3641723,85.82677201000001
2001-02-17,30.9175713,22.047653699999998,17.06535349,87.00787438000002
2001-02-18,28.36576095,22.464232199999998,11.25314892,90.55118149000002
2001-02-19,29.16473715,22.589205749999998,13.45236146,88.97637833000002
2001-02-20,29.5823838,21.468716399999998,14.23779451,87.00787438000002
2001-02-21,32.6223387,21.96540615,18.7933062,83.85826806000001
2001-02-22,33.30915915,22.8551751,18.95039281,80.31496095000001
2001-02-23,31.552052399999997,22.4407329,13.92362129,83.85826806000001
2001-02-24,32.37986865,21.6716649,20.04999908,82.28346490000001
2001-02-25,31.8468618,22.1117427,16.90826688,83.85826806000001
2001-02-26,33.5580381,21.31597095,22.24921162,77.55905542
2001-02-27,33.66592125,23.0923044,22.87755806,73.62204752000001
2001-02-28,33.49288095,22.1074701,26.33346348,69.29133883000002
2001-03-01,33.90091425,22.31148675,25.39094382,70.86614199000002
2001-03-02,34.5321909,22.26662445,24.44842416,70.86614199000002
2001-03-03,34.72766235,22.76865495,20.992518739999998,74.80314989000001
2001-03-04,34.504419,21.814797,21.46377857,79.52755937
2001-03-05,34.381581749999995,22.38839355,23.82007772,73.22834673000001
2001-03-06,33.5452203,23.06560065,17.850786539999998,85.43307122000002
2001-03-07,31.2764697,22.669317,17.69369993,87.40157517000002
2001-03-08,30.2061834,22.5112308,15.023227559999999,84.64566964000001
2001-03-09,30.929320949999997,22.49093595,15.96574722,86.61417359000001
2001-03-10,32.75158485,22.8145854,20.67834552,80.31496095000001
2001-03-11,33.3657711,22.5774561,21.62086518,76.77165384000001
2001-03-12,33.0581439,21.8895675,24.76259738,70.4724412
2001-03-13,32.7654708,21.6417567,21.30669196,77.55905542
2001-03-14,33.694761299999996,23.430907949999998,18.95039281,81.49606332000002
2001-03-15,34.68280005,23.354001150000002,23.19173128,74.80314989000001
2001-03-16,34.436057399999996,22.77720015,18.95039281,78.74015779000001
2001-03-17,33.097665449999994,22.61056875,14.70905434,80.70866174000001
2001-03-18,31.1653821,21.72614055,18.007873149999998,82.28346490000001
2001-03-19,30.47428905,20.82248565,14.23779451,88.58267754
2001-03-20,32.502705899999995,21.6930279,18.16495976,81.49606332000002
2001-03-21,32.85412725,22.6436814,17.69369993,82.28346490000001
2001-03-22,33.2461383,22.35207645,18.7933062,77.95275621000002
2001-03-23,33.085915799999995,21.789161399999998,19.73582586,73.62204752000001
2001-03-24,32.189737949999994,21.468716399999998,15.651574,84.64566964000001
2001-03-25,32.097877049999994,21.093795749999998,16.43700705,85.43307122000002
2001-03-26,30.733849499999998,22.1074701,15.180314169999999,87.00787438000002
2001-03-27,29.004514649999997,20.56612965,13.45236146,87.00787438000002
2001-03-28,26.91521325,19.89533145,12.5098418,89.37007912000001
2001-03-29,30.2467731,18.54305355,19.73582586,77.55905542
2001-03-30,31.46766855,18.5142135,21.77795179,73.62204752000001
2001-03-31,32.56786305,20.118574799999998,21.77795179,74.80314989000001
2001-04-01,29.4050709,19.285417799999998,11.72440875,87.00787438000002
2001-04-02,30.7616214,16.81905945,20.992518739999998,77.95275621000002
2001-04-03,32.307234449999996,17.05405245,20.992518739999998,74.80314989000001
2001-04-04,32.53581855,19.70520075,20.67834552,71.25984278000001
2001-04-05,32.83917314999999,19.826969849999998,18.95039281,73.62204752000001
2001-04-06,29.7661056,22.714179299999998,9.21102299,85.43307122000002
2001-04-07,32.873353949999995,21.418513349999998,16.75118027,77.95275621000002
2001-04-08,33.3657711,22.29866895,16.90826688,80.31496095000001
2001-04-09,29.675312849999997,22.7739957,11.72440875,88.18897675000001
2001-04-10,31.518939749999998,21.52746465,18.47913298,79.92126016000002
2001-04-11,33.81118965,20.54049405,19.73582586,73.22834673000001
2001-04-12,33.92654985,23.3465241,17.37952671,75.98425226
2001-04-13,32.72167665,21.960065399999998,18.95039281,71.25984278000001
2001-04-14,31.172859149999997,18.34010505,20.67834552,69.68503962000001
2001-04-15,31.654594799999998,18.82504515,19.89291247,66.53543330000001
2001-04-16,31.7443194,19.65392955,20.3641723,66.53543330000001
2001-04-17,31.179268049999997,19.039743299999998,20.20708569,69.29133883000002
2001-04-18,31.577688,18.60286995,20.20708569,69.68503962000001
2001-04-19,32.62661129999999,18.05170455,19.73582586,66.92913409
2001-04-20,31.569142799999998,19.77142605,16.43700705,72.44094515
2001-04-21,26.49863475,19.8194928,7.483070279999999,90.94488228000002
2001-04-22,26.7539226,19.0418796,8.42558994,88.58267754
2001-04-23,30.10257285,20.88016575,12.5098418,85.82677201000001
2001-04-24,27.2815887,21.2401323,8.26850333,93.70078781000001
2001-04-25,29.61976905,20.0267139,12.66692841,89.76377991000001
2001-04-26,30.6548064,21.534941699999997,14.394881119999999,83.46456727000002
2001-04-27,32.023106549999994,20.3300685,18.16495976,73.62204752000001
2001-04-28,32.9086029,20.16664155,18.32204637,69.29133883000002
2001-04-29,31.7080023,21.4409445,14.86614095,77.55905542
2001-04-30,30.777643649999998,19.701996299999998,13.92362129,78.74015779000001
2001-05-01,31.628959199999997,20.6953758,16.75118027,73.62204752000001
2001-05-02,30.8855268,19.5097293,15.180314169999999,76.37795305000002
2001-05-03,30.2574546,18.85708965,12.82401502,81.49606332000002
2001-05-04,23.3401152,12.9149712,7.640156889999999,83.46456727000002
2001-05-05,19.6763607,6.48364005,16.75118027,72.04724436000001
2001-05-06,23.9019621,8.4800124,15.808660609999999,72.04724436000001
2001-05-07,25.5276864,11.11086585,14.70905434,70.86614199000002
2001-05-08,26.14828155,14.0877999,12.5098418,74.80314989000001
2001-05-09,27.92354685,16.81905945,13.29527485,77.55905542
2001-05-10,24.55887435,18.1019076,7.325983669999999,90.55118149000002
2001-05-11,22.1437872,14.3185203,12.5098418,79.92126016000002
2001-05-12,22.0946523,11.99956665,10.31062926,85.03937043
2001-05-13,21.885294899999998,12.1224039,13.60944807,77.55905542
2001-05-14,22.64261325,10.522315200000001,14.0807079,78.34645700000002
2001-05-15,20.3471589,12.20678775,6.540550619999999,87.40157517000002
2001-05-16,19.2341466,14.1732519,6.069290789999999,93.70078781000001
2001-05-17,18.6936627,10.36316085,14.0807079,78.74015779000001
2001-05-18,22.37130315,8.5846911,14.55196773,76.77165384000001
2001-05-19,25.2691941,10.314025950000001,14.394881119999999,73.22834673000001
2001-05-20,23.821850849999997,13.84532985,9.3681096,78.74015779000001
2001-05-21,27.5956248,16.4035491,13.29527485,74.40944910000002
2001-05-22,24.47342235,17.56249185,9.05393638,90.15748070000001
2001-05-23,26.151486,16.8286728,13.29527485,85.82677201000001
2001-05-24,25.10576715,15.56932395,13.76653468,81.88976411000002
2001-05-25,25.4165988,15.1367232,12.98110163,84.25196885000001
2001-05-26,23.52704145,16.748561549999998,7.325983669999999,92.51968544000002
2001-05-27,21.87781785,17.73125955,6.69763723,97.24409492000001
2001-05-28,25.3525098,17.8690509,11.41023553,86.22047280000001
2001-05-29,28.1724258,14.72121285,13.76653468,85.03937043
2001-05-30,30.379223699999997,18.45546525,15.180314169999999,82.28346490000001
2001-05-31,31.03399965,19.45738995,15.180314169999999,77.16535463000001
2001-06-01,30.3514518,18.1083165,15.180314169999999,74.01574831
2001-06-02,30.31193025,17.2879773,15.33740078,72.83464594000002
2001-06-03,30.36533775,17.456744999999998,15.023227559999999,72.44094515
2001-06-04,30.39738225,17.43431385,15.023227559999999,75.19685068000001
2001-06-05,30.59499,18.10938465,14.86614095,74.40944910000002
2001-06-06,29.104920749999998,18.64345965,11.25314892,81.49606332000002
2001-06-07,24.37515255,17.790007799999998,7.01181045,92.12598465
2001-06-08,27.6191241,18.17560995,13.29527485,87.40157517000002
2001-06-09,29.06219475,17.81030265,13.92362129,83.85826806000001
2001-06-10,27.559307699999998,17.66717055,12.66692841,77.55905542
2001-06-11,26.69731065,15.478531199999999,14.70905434,79.52755937
2001-06-12,27.35742735,16.3074156,14.394881119999999,79.13385858000001
2001-06-13,27.9780225,15.95385795,14.394881119999999,75.98425226
2001-06-14,28.758840149999997,15.21897075,14.55196773,73.22834673000001
2001-06-15,29.42322945,16.0809678,14.0807079,70.86614199000002
2001-06-16,25.46039295,16.65670065,5.91220418,88.97637833000002
2001-06-17,17.254864650000002,10.3364571,6.540550619999999,89.76377991000001
2001-06-18,12.0113163,8.6188719,5.44094435,91.73228386000001
2001-06-19,12.58491285,9.3751221,5.44094435,97.24409492000001
2001-06-20,14.3655189,7.333887450000001,12.19566858,76.37795305000002
2001-06-21,15.939972,4.174299750000001,13.45236146,73.22834673000001
2001-06-22,18.373217699999998,5.1986556,12.19566858,75.98425226
2001-06-23,21.88636305,6.807289500000001,12.98110163,75.98425226
2001-06-24,25.14208425,11.7293247,9.83936943,76.77165384000001
2001-06-25,22.21748955,14.1198444,6.383464009999999,92.51968544000002
2001-06-26,16.81905945,9.272579700000001,10.15354265,80.31496095000001
2001-06-27,16.90664775,8.1360681,9.68228282,86.22047280000001
2001-06-28,19.6977237,8.139272550000001,8.58267655,84.25196885000001
2001-06-29,21.152544,10.321503,11.09606231,82.67716569000001
2001-06-30,26.05428435,11.52530805,14.394881119999999,78.74015779000001
2001-07-01,27.6768042,12.9619698,12.5098418,74.01574831
2001-07-02,26.8436472,15.51591645,11.41023553,76.77165384000001
2001-07-03,29.3388456,15.64623075,13.92362129,72.04724436000001
2001-07-04,30.13034475,15.982698,13.76653468,66.53543330000001
2001-07-05,27.441811199999997,16.4163669,9.21102299,79.13385858000001
2001-07-06,26.638562399999998,16.29352965,11.41023553,75.59055147000001
2001-07-07,27.37024515,16.12048935,13.60944807,70.86614199000002
2001-07-08,27.316837649999997,15.92394975,9.68228282,74.01574831
2001-07-09,29.370890099999997,17.9993652,12.66692841,72.04724436000001
2001-07-10,30.039552,16.57979385,14.394881119999999,63.385826980000004
2001-07-11,27.254884949999997,14.1561615,8.73976316,84.25196885000001
2001-07-12,21.05106975,9.857925900000001,13.92362129,71.65354357000001
2001-07-13,21.67486935,8.425536750000001,15.023227559999999,77.95275621000002
2001-07-14,24.17434035,9.466983,14.86614095,75.98425226
2001-07-15,25.5725487,12.83913255,9.68228282,80.31496095000001
2001-07-16,28.454417399999997,13.9062144,14.55196773,71.65354357000001
2001-07-17,29.304664799999998,16.23584955,13.13818824,66.92913409
2001-07-18,28.857109949999998,18.04315935,10.9389757,72.44094515
2001-07-19,29.84408055,18.6658908,13.60944807,69.68503962000001
2001-07-20,31.810544699999998,19.42107285,15.49448739,66.92913409
2001-07-21,28.9115856,19.29075855,12.03858197,77.16535463000001
2001-07-22,24.08675205,14.6816913,14.55196773,66.92913409
2001-07-23,23.27923065,12.8466096,13.45236146,74.01574831
2001-07-24,22.4920041,13.94359965,9.68228282,83.85826806000001
2001-07-25,27.55396695,16.324506,11.88149536,81.49606332000002
2001-07-26,24.588782549999998,14.8525953,8.11141672,89.37007912000001
2001-07-27,15.4657134,8.99592885,6.2263774,83.07086648
2001-07-28,17.5293792,2.1576325500000006,16.59409366,66.92913409
2001-07-29,22.0134729,4.804508250000001,16.279920439999998,70.07874041000001
2001-07-30,27.846640049999998,10.8662595,15.808660609999999,68.50393725
2001-07-31,31.139746499999998,16.14612495,16.75118027,65.74803172000001
2001-08-01,31.189949549999998,16.8030372,17.06535349,63.385826980000004
2001-08-02,30.2980443,16.1407842,17.2224401,62.20472461000001
2001-08-03,29.79921825,15.1516773,17.37952671,62.5984254
2001-08-04,30.541582499999997,15.3888066,17.37952671,61.81102382
2001-08-05,30.782984399999997,16.0361055,17.69369993,59.842519870000004
2001-08-06,31.07458935,16.2240999,16.75118027,58.661417500000006
2001-08-07,29.46168285,15.561846899999999,14.86614095,66.14173251000001
2001-08-08,29.7105618,17.050848,16.12283383,61.02362224
2001-08-09,29.4157524,15.5426202,16.75118027,59.44881908
2001-08-10,28.846428449999998,14.73189435,17.37952671,59.05511829
2001-08-11,28.1895162,14.2565676,18.16495976,62.5984254
2001-08-12,29.206395,15.03311265,17.69369993,61.02362224
2001-08-13,30.041688299999997,16.79342385,16.90826688,55.118110390000005
2001-08-14,30.883390499999997,16.39607205,18.16495976,52.75590565
2001-08-15,30.66441975,15.9079275,18.32204637,53.93700802
2001-08-16,29.9306007,17.002781249999998,15.808660609999999,57.48031513
2001-08-17,30.4304949,18.4266252,15.96574722,55.905511970000006
2001-08-18,31.9237686,17.7323277,15.180314169999999,49.21259854
2001-08-19,30.0139164,18.6552093,12.98110163,66.53543330000001
2001-08-20,26.046807299999998,17.914981349999998,10.78188909,75.19685068000001
2001-08-21,24.82698,16.6855407,17.06535349,72.44094515
2001-08-22,26.33627595,14.658192,18.32204637,61.02362224
2001-08-23,28.20981105,13.5387708,16.279920439999998,71.25984278000001
2001-08-24,28.984219799999998,15.08865645,14.86614095,77.55905542
2001-08-25,29.355936,16.3074156,13.92362129,74.01574831
2001-08-26,26.22946095,17.71203285,9.3681096,85.03937043
2001-08-27,28.583663549999997,18.0079104,12.98110163,83.07086648
2001-08-28,23.844282,17.20145715,7.325983669999999,94.48818939000002
2001-08-29,26.920554,16.5295908,13.92362129,83.46456727000002
2001-08-30,30.4689483,18.3796266,17.37952671,74.40944910000002
2001-08-31,32.37132345,19.9690338,17.37952671,68.89763804
2001-09-01,33.051734999999994,20.57467485,20.67834552,58.661417500000006
2001-09-02,31.225198499999998,19.8600825,20.3641723,59.05511829
2001-09-03,34.72979865,20.0908029,20.67834552,61.02362224
2001-09-04,32.31150705,19.92737595,15.651574,72.44094515
2001-09-05,30.71782725,20.426202,15.808660609999999,79.92126016000002
2001-09-06,29.23096245,19.2619185,17.850786539999998,68.50393725
2001-09-07,30.44865345,17.463153900000002,20.3641723,68.89763804
2001-09-08,31.71975195,18.65200485,16.75118027,69.68503962000001
2001-09-09,33.3914067,19.0781967,17.850786539999998,65.35433093000002
2001-09-10,30.524492099999996,19.0525611,12.82401502,83.46456727000002
2001-09-11,27.6789405,15.79577175,20.20708569,66.53543330000001
2001-09-12,28.075224149999997,13.41166095,15.808660609999999,60.23622066
2001-09-13,30.04702905,17.73339585,18.47913298,67.71653567000001
2001-09-14,26.730423299999998,18.4159437,9.52519621,87.40157517000002
2001-09-15,24.771436199999997,13.1649183,20.3641723,64.56692935000001
2001-09-16,18.13074765,8.7983211,22.720471449999998,52.75590565
2001-09-17,23.35186485,5.81497815,23.5059045,53.54330723
2001-09-18,26.10982815,10.45929435,23.34881789,57.086614340000004
2001-09-19,29.60267865,12.6821145,18.95039281,55.118110390000005
2001-09-20,28.6701837,17.1512541,12.19566858,59.44881908
2001-09-21,22.968398999999998,16.71865335,7.168897059999999,90.15748070000001
2001-09-22,25.0876086,17.31040845,14.55196773,88.18897675000001
2001-09-23,31.567006499999998,17.6447394,20.04999908,77.55905542
2001-09-24,30.596058149999998,19.414663949999998,15.49448739,81.49606332000002
2001-09-25,23.7267855,18.3945807,7.640156889999999,94.48818939000002
2001-09-26,24.6688938,18.7000716,12.82401502,90.15748070000001
2001-09-27,29.633654999999997,16.71651705,19.73582586,82.67716569000001
2001-09-28,27.7451658,19.43602695,12.35275519,87.40157517000002
2001-09-29,28.9884924,18.77804655,15.33740078,83.85826806000001
2001-09-30,33.58901444999999,20.18159565,19.26456603,72.04724436000001
2001-10-01,29.890011,22.1331057,13.13818824,75.19685068000001
2001-10-02,26.192075699999997,16.623587999999998,20.3641723,64.17322856000001
2001-10-03,27.1021395,15.00961335,23.03464467,64.96063014
2001-10-04,30.0865506,16.05853665,19.73582586,70.07874041000001
2001-10-05,27.74409765,16.81265055,16.59409366,81.10236253000001
2001-10-06,31.1995629,17.6853291,19.89291247,76.77165384000001
2001-10-07,29.64113205,20.589628949999998,18.16495976,79.13385858000001
2001-10-08,26.6236083,19.12199085,14.70905434,83.85826806000001
2001-10-09,28.6189125,18.482169,19.89291247,70.4724412
2001-10-10,30.6847146,15.93035865,24.134250939999998,62.99212619
2001-10-11,32.8295598,18.161724,21.9350384,67.32283488000002
2001-10-12,33.2055486,19.5460464,23.19173128,68.11023646000001
2001-10-13,33.37645259999999,21.11729505,23.34881789,66.92913409
2001-10-14,31.54884795,20.15596005,15.96574722,77.55905542
2001-10-15,32.58708975,19.756471949999998,23.19173128,69.29133883000002
2001-10-16,31.19849475,20.3898849,19.578739249999998,70.07874041000001
2001-10-17,31.3362861,20.18159565,20.992518739999998,74.40944910000002
2001-10-18,32.43754875,18.9030201,20.992518739999998,73.22834673000001
2001-10-19,28.5484146,18.5334402,19.421652639999998,78.34645700000002
2001-10-20,30.33970215,18.26319825,21.30669196,77.55905542
2001-10-21,27.1405929,18.9884721,18.32204637,82.28346490000001
2001-10-22,28.501416,17.30399955,26.33346348,64.17322856000001
2001-10-23,30.67296495,13.87310175,27.74724297,52.75590565
2001-10-24,32.9171481,15.91113195,25.548030429999997,53.93700802
2001-10-25,33.68301165,18.6701634,23.66299111,60.629921450000005
2001-10-26,35.5811142,19.64965695,25.548030429999997,62.99212619
2001-10-27,35.0641296,21.41210445,16.75118027,59.05511829
2001-10-28,35.7968805,21.6631197,22.720471449999998,63.385826980000004
2001-10-29,34.7500935,21.302084999999998,15.651574,74.40944910000002
2001-10-30,29.3388456,20.9965941,14.0807079,84.64566964000001
2001-10-31,32.6202024,20.02564575,23.977164329999997,72.44094515
2001-11-01,33.33265845,18.22474485,27.590156359999998,55.118110390000005
2001-11-02,32.154489,19.5097293,20.3641723,60.23622066
2001-11-03,28.3411935,19.4755485,14.0807079,77.95275621000002
2001-11-04,25.130334599999998,18.9051564,12.98110163,88.18897675000001
2001-11-05,30.7530762,17.3563389,25.39094382,76.77165384000001
2001-11-06,34.7479572,19.06003815,28.06141619,68.11023646000001
2001-11-07,33.169231499999995,21.4986246,18.32204637,82.28346490000001
2001-11-08,30.8641638,20.77762335,19.578739249999998,83.46456727000002
2001-11-09,34.2544719,21.52319205,26.33346348,77.16535463000001
2001-11-10,34.418966999999995,23.10832665,23.977164329999997,76.77165384000001
2001-11-11,28.55161905,20.99979855,10.15354265,89.37007912000001
2001-11-12,26.19955275,19.75860825,16.43700705,90.15748070000001
2001-11-13,28.6894104,19.8963996,15.33740078,85.82677201000001
2001-11-14,25.913288549999997,18.51100905,10.46771587,92.51968544000002
2001-11-15,29.13055635,19.79278905,20.04999908,81.10236253000001
2001-11-16,31.6738215,19.7319045,19.89291247,74.40944910000002
2001-11-17,30.29270355,20.08332585,20.992518739999998,77.55905542
2001-11-18,30.762689549999997,20.0587584,21.9350384,78.74015779000001
2001-11-19,32.1843972,20.201890499999998,21.62086518,79.92126016000002
2001-11-20,33.947912849999994,20.747715149999998,26.33346348,73.22834673000001
2001-11-21,35.797948649999995,22.45889145,24.91968399,71.65354357000001
2001-11-22,35.3140767,22.41616545,25.705117039999998,73.22834673000001
2001-11-23,34.89643005,20.8342353,26.49055009,71.25984278000001
2001-11-24,35.4614814,22.91178705,21.30669196,74.01574831
2001-11-25,35.30125889999999,22.9662627,22.406298229999997,74.80314989000001
2001-11-26,34.62939255,22.7269971,24.60551077,74.40944910000002
2001-11-27,31.141882799999998,23.293116599999998,15.023227559999999,84.25196885000001
2001-11-28,31.63429995,21.86713635,18.95039281,83.07086648
2001-11-29,30.604603349999998,21.94831575,15.651574,85.82677201000001
2001-11-30,29.49799995,19.7959935,24.91968399,74.40944910000002
2001-12-01,25.87483515,13.79619495,24.44842416,61.417323030000006
2001-12-02,30.416608949999997,14.615466,28.689762629999997,56.69291355
2001-12-03,31.2914238,17.40654195,18.32204637,62.20472461000001
2001-12-04,25.531959,19.69451925,9.68228282,93.70078781000001
2001-12-05,25.6195473,19.5545916,15.651574,88.58267754
2001-12-06,29.89107915,18.759888,27.275983139999997,70.86614199000002
2001-12-07,33.50997135,18.7192983,28.846849239999997,66.92913409
2001-12-08,34.45848855,21.29033535,24.291337549999998,66.92913409
2001-12-09,34.04297819999999,21.20061075,22.09212501,74.80314989000001
2001-12-10,32.40336795,21.06388755,20.04999908,80.31496095000001
2001-12-11,28.079496749999997,20.5693341,14.86614095,90.55118149000002
2001-12-12,29.7532878,22.043381099999998,15.49448739,86.22047280000001
2001-12-13,28.59861765,21.8703408,17.53661332,88.58267754
2001-12-14,32.22819135,22.0754256,22.563384839999998,83.85826806000001
2001-12-15,31.591573949999997,21.1375899,22.720471449999998,76.77165384000001
2001-12-16,31.05963525,19.8088113,26.80472331,74.40944910000002
2001-12-17,31.567006499999998,19.44029955,28.06141619,65.74803172000001
2001-12-18,33.0367809,19.03867515,29.63228229,63.77952777000001
2001-12-19,34.81311435,20.639832,28.689762629999997,61.81102382
2001-12-20,35.5554786,22.4620959,27.74724297,64.17322856000001
2001-12-21,33.02716755,22.6244547,20.992518739999998,80.31496095000001
2001-12-22,27.39801705,21.3319932,14.394881119999999,85.43307122000002
2001-12-23,29.05151325,19.0867419,29.7893689,65.35433093000002
2001-12-24,30.150639599999998,18.84854445,26.96180992,63.77952777000001
2001-12-25,30.8641638,19.36980165,29.7893689,68.89763804
2001-12-26,32.0839911,20.3065692,25.39094382,70.4724412
2001-12-27,32.27946255,20.8363716,22.24921162,77.55905542
2001-12-28,30.524492099999996,21.8254785,19.421652639999998,83.85826806000001
2001-12-29,31.81161285,21.039320099999998,22.406298229999997,78.34645700000002
2001-12-30,33.11048325,21.6139848,23.34881789,79.52755937
2001-12-31,32.0669007,22.3552809,18.7933062,81.10236253000001
2002-01-01,31.9387227,20.8833702,27.275983139999997,70.86614199000002
2002-01-02,32.73663075,21.11729505,30.103542119999997,60.23622066
2002-01-03,32.99939565,20.493495449999998,30.103542119999997,58.26771671
2002-01-04,34.1711562,20.60885565,29.7893689,55.118110390000005
2002-01-05,32.70992699999999,21.1012728,14.23779451,71.25984278000001
2002-01-06,31.855407,21.51464685,20.835432129999997,72.04724436000001
2002-01-07,32.490956249999996,19.86969585,28.53267602,61.81102382
2002-01-08,34.7308668,18.70113975,29.7893689,59.05511829
2002-01-09,34.4552841,21.45696675,27.74724297,66.53543330000001
2002-01-10,31.406784,20.9239599,20.992518739999998,74.40944910000002
2002-01-11,27.9481143,20.3792034,13.13818824,83.46456727000002
2002-01-12,25.597116149999998,20.5821519,10.46771587,93.30708702000001
2002-01-13,31.964358299999997,21.872477099999998,21.62086518,81.10236253000001
2002-01-14,32.86694505,22.289055599999998,23.34881789,79.13385858000001
2002-01-15,30.483902399999998,21.4131726,22.720471449999998,77.95275621000002
2002-01-16,30.17307075,19.160444249999998,24.291337549999998,72.04724436000001
2002-01-17,30.9389343,18.524895,28.53267602,65.35433093000002
2002-01-18,31.14081465,18.10724835,29.31810907,63.77952777000001
2002-01-19,32.11283115,18.5483943,29.63228229,66.53543330000001
2002-01-20,33.89450535,20.7701463,27.90432958,70.86614199000002
2002-01-21,32.02951545,22.3253727,16.59409366,83.07086648
2002-01-22,31.9152234,23.034624299999997,15.023227559999999,89.37007912000001
2002-01-23,32.79431085,22.43111955,22.24921162,82.67716569000001
2002-01-24,32.828491650000004,22.14271905,21.77795179,77.16535463000001
2002-01-25,32.6501106,23.3999316,21.30669196,72.83464594000002
2002-01-26,34.19358735,22.49093595,21.46377857,74.80314989000001
2002-01-27,32.63622465,23.7737841,22.24921162,76.77165384000001
2002-01-28,33.9404358,22.676794049999998,21.30669196,77.55905542
2002-01-29,30.149571449999996,21.205951499999998,11.72440875,88.18897675000001
2002-01-30,33.02075865,20.746647,21.149605349999998,81.49606332000002
2002-01-31,34.197859949999994,22.8914922,22.87755806,77.16535463000001
2002-02-01,31.79665875,21.4473534,14.0807079,84.64566964000001
2002-02-02,31.768886849999998,20.319387,26.49055009,74.01574831
2002-02-03,30.860959349999998,17.4588813,26.01929026,65.35433093000002
2002-02-04,32.35850565,17.7921441,28.846849239999997,67.32283488000002
2002-02-05,33.08484765,18.5633484,25.39094382,66.92913409
2002-02-06,29.4072072,20.37386265,13.29527485,78.74015779000001
2002-02-07,28.2536052,19.16685315,18.63621959,83.07086648
2002-02-08,30.63451155,18.5847114,23.66299111,76.37795305000002
2002-02-09,32.15769345,19.0183803,27.90432958,66.14173251000001
2002-02-10,34.4510115,18.6060744,27.275983139999997,63.385826980000004
2002-02-11,34.66357335,20.2723884,24.60551077,62.5984254
2002-02-12,31.148291699999998,20.6206053,11.41023553,86.61417359000001
2002-02-13,30.0096438,20.832099,13.76653468,88.58267754
2002-02-14,31.1141109,21.03611565,21.77795179,85.43307122000002
2002-02-15,32.90112585,21.76673025,18.95039281,83.07086648
2002-02-16,28.72893195,21.8212059,12.35275519,84.25196885000001
2002-02-17,31.6588674,21.92481645,19.89291247,79.92126016000002
2002-02-18,32.011356899999996,22.48879965,20.3641723,81.10236253000001
2002-02-19,30.466811999999997,21.714390899999998,16.43700705,82.28346490000001
2002-02-20,26.7816945,21.49969275,11.25314892,90.15748070000001
2002-02-21,28.7769987,21.65564265,14.86614095,87.79527596000001
2002-02-22,29.523635549999998,21.8276148,19.578739249999998,81.49606332000002
2002-02-23,31.001955149999997,18.956427599999998,24.60551077,71.25984278000001
2002-02-24,32.519796299999996,19.1529672,26.49055009,64.56692935000001
2002-02-25,32.4663888,20.2638432,26.17637687,67.32283488000002
2002-02-26,33.235456799999994,20.17945935,23.82007772,73.22834673000001
2002-02-27,31.8468618,21.343742849999998,20.04999908,81.49606332000002
2002-02-28,31.889587799999997,22.23244365,20.835432129999997,78.34645700000002
2002-03-01,32.1395349,22.122424199999998,15.33740078,81.49606332000002
2002-03-02,33.9340269,22.135241999999998,21.30669196,75.19685068000001
2002-03-03,33.92868615,22.9384908,20.3641723,76.37795305000002
2002-03-04,34.80884175,23.437316850000002,24.60551077,70.07874041000001
2002-03-05,34.6005525,23.6370609,20.835432129999997,72.44094515
2002-03-06,33.30488655,23.7310581,17.37952671,72.44094515
2002-03-07,33.5067669,22.6009554,20.67834552,75.19685068000001
2002-03-08,35.2991226,22.5176397,24.291337549999998,70.4724412
2002-03-09,36.093826199999995,22.762246049999998,23.03464467,72.44094515
2002-03-10,36.89387055,23.288843999999997,22.563384839999998,71.65354357000001
2002-03-11,35.94321705,22.964126399999998,24.291337549999998,67.71653567000001
2002-03-12,34.315356449999996,23.230095749999997,14.70905434,81.10236253000001
2002-03-13,34.8291366,21.95258835,19.89291247,75.59055147000001
2002-03-14,34.3057431,23.801555999999998,19.10747942,73.62204752000001
2002-03-15,35.27455515,22.0561989,24.60551077,72.44094515
2002-03-16,36.01798755,23.3614782,23.66299111,71.65354357000001
2002-03-17,36.01157865,24.009845249999998,22.24921162,68.89763804
2002-03-18,35.7733812,24.1369551,20.20708569,70.07874041000001
2002-03-19,34.81097805,22.9171278,19.26456603,75.19685068000001
2002-03-20,32.688564,22.085038949999998,15.808660609999999,78.74015779000001
2002-03-21,32.95987409999999,22.2954645,20.3641723,77.95275621000002
2002-03-22,32.9150118,21.3063576,23.03464467,69.29133883000002
2002-03-23,31.82015805,22.210012499999998,16.75118027,78.74015779000001
2002-03-24,32.10001335,22.62125025,18.7933062,83.07086648
2002-03-25,34.2950616,22.0647441,19.578739249999998,77.55905542
2002-03-26,33.53774325,23.224755000000002,16.279920439999998,76.37795305000002
2002-03-27,34.00986555,22.48452705,17.06535349,73.62204752000001
2002-03-28,34.510827899999995,22.66183995,21.46377857,69.68503962000001
2002-03-29,34.68493635,23.1585297,21.46377857,68.89763804
2002-03-30,35.3290308,23.418090149999998,21.9350384,67.32283488000002
2002-03-31,32.152352699999994,21.1055454,10.9389757,79.52755937
2002-04-01,29.63899575,19.63256655,16.279920439999998,75.59055147000001
2002-04-02,31.20490365,18.914769749999998,17.69369993,72.83464594000002
2002-04-03,34.42858035,20.872688699999998,20.52125891,69.68503962000001
2002-04-04,34.47985155,21.5926218,19.578739249999998,69.68503962000001
2002-04-05,34.03763745,21.59582625,21.149605349999998,63.385826980000004
2002-04-06,33.381793349999995,21.1461351,18.7933062,67.71653567000001
2002-04-07,34.490533049999996,20.6932395,20.20708569,65.74803172000001
2002-04-08,34.0792953,20.91221025,19.10747942,73.62204752000001
2002-04-09,34.12522575,22.135241999999998,16.75118027,72.44094515
2002-04-10,34.514032349999994,21.7549806,19.26456603,64.56692935000001
2002-04-11,35.29271369999999,20.993389649999997,20.67834552,65.35433093000002
2002-04-12,35.347189349999994,21.98890545,19.26456603,63.385826980000004
2002-04-13,33.6798072,22.5817287,13.92362129,75.59055147000001
2002-04-14,33.66592125,21.701573099999997,16.90826688,72.44094515
2002-04-15,35.20192095,22.1758317,18.7933062,68.11023646000001
2002-04-16,35.714632949999995,22.24953405,19.10747942,63.77952777000001
2002-04-17,34.46810189999999,22.1929221,16.12283383,71.25984278000001
2002-04-18,33.13611885,21.43560375,14.0807079,79.52755937
2002-04-19,34.72125345,21.15574845,17.69369993,68.50393725
2002-04-20,32.57640825,21.9963825,13.92362129,75.98425226
2002-04-21,33.5452203,19.39543725,17.69369993,70.4724412
2002-04-22,34.13804355,20.9859126,18.47913298,67.32283488000002
2002-04-23,34.60375695,21.92481645,17.850786539999998,63.77952777000001
2002-04-24,34.71698085,21.93763425,17.53661332,60.23622066
2002-04-25,34.5791895,21.8126607,18.007873149999998,60.23622066
2002-04-26,34.06968195,21.73895835,16.279920439999998,59.842519870000004
2002-04-27,32.5646586,20.9901852,15.180314169999999,71.65354357000001
2002-04-28,33.078438750000004,19.1102412,13.60944807,72.04724436000001
2002-04-29,32.6287476,20.36104485,13.13818824,79.52755937
2002-04-30,27.566784749999997,19.710541499999998,12.19566858,83.46456727000002
2002-05-01,28.84856475,17.40654195,13.92362129,79.52755937
2002-05-02,30.192297449999998,19.90601295,13.45236146,81.88976411000002
2002-05-03,27.833822249999997,19.39970985,10.78188909,89.76377991000001
2002-05-04,29.162600849999997,19.06644705,12.98110163,87.00787438000002
2002-05-05,26.763535949999998,19.3388253,7.01181045,89.76377991000001
2002-05-06,26.33200335,19.02585735,8.42558994,87.79527596000001
2002-05-07,30.07266465,19.3195986,14.55196773,86.61417359000001
2002-05-08,26.79344415,19.701996299999998,9.52519621,92.91338623000001
2002-05-09,26.7859671,18.29951535,12.35275519,88.18897675000001
2002-05-10,29.524703699999996,17.87225535,16.43700705,81.88976411000002
2002-05-11,31.527484949999998,19.98932865,16.90826688,75.98425226
2002-05-12,31.689843749999998,19.10490045,17.06535349,74.80314989000001
2002-05-13,32.0562192,19.57488645,16.59409366,70.86614199000002
2002-05-14,32.698177349999995,19.98505605,16.279920439999998,71.65354357000001
2002-05-15,31.90988265,20.993389649999997,14.0807079,75.19685068000001
2002-05-16,29.12201115,20.95920885,10.9389757,83.85826806000001
2002-05-17,28.092314549999998,19.8237654,10.9389757,85.43307122000002
2002-05-18,26.5851549,21.31169835,8.58267655,81.88976411000002
2002-05-19,25.103630850000002,19.4328225,7.95433011,93.30708702000001
2002-05-20,24.9850662,18.5633484,7.325983669999999,94.0944886
2002-05-21,20.8705524,14.71053135,8.26850333,91.73228386000001
2002-05-22,22.47384555,11.5840563,13.29527485,88.18897675000001
2002-05-23,24.759686549999998,12.820974,15.023227559999999,81.88976411000002
2002-05-24,24.996815849999997,13.313391150000001,16.12283383,80.70866174000001
2002-05-25,25.1666517,13.37107125,16.12283383,75.59055147000001
2002-05-26,26.959007399999997,13.43516025,15.49448739,70.86614199000002
2002-05-27,27.1405929,15.21683445,11.25314892,71.65354357000001
2002-05-28,28.37216985,15.41978295,14.55196773,68.11023646000001
2002-05-29,25.7584068,16.27430295,7.01181045,71.65354357000001
2002-05-30,23.0837592,17.8711872,5.283857739999999,89.76377991000001
2002-05-31,25.95174195,17.3307033,8.11141672,94.88189018000001
2002-06-01,26.334139649999997,17.07327915,11.56732214,88.18897675000001
2002-06-02,29.65608615,18.039954899999998,14.0807079,75.98425226
2002-06-03,30.379223699999997,18.56014395,14.55196773,70.4724412
2002-06-04,30.453994199999997,17.94702585,15.49448739,69.68503962000001
2002-06-05,30.278817599999996,17.498402849999998,12.66692841,64.56692935000001
2002-06-06,28.804770599999998,19.4734122,9.05393638,70.4724412
2002-06-07,29.554611899999998,19.4947752,12.5098418,70.86614199000002
2002-06-08,29.067535499999998,18.52169055,12.19566858,72.44094515
2002-06-09,30.4262223,18.8282496,13.29527485,66.14173251000001
2002-06-10,28.96392495,18.225813,10.46771587,71.25984278000001
2002-06-11,27.4567653,17.4247005,10.78188909,84.64566964000001
2002-06-12,22.5560931,15.3140361,7.640156889999999,94.48818939000002
2002-06-13,23.0282154,14.8889124,7.95433011,92.12598465
2002-06-14,20.6441046,14.4552435,7.01181045,91.33858307000001
2002-06-15,22.22389845,13.57188345,9.68228282,92.51968544000002
2002-06-16,26.675947649999998,13.8634884,11.41023553,85.43307122000002
2002-06-17,29.421093149999997,16.3287786,14.23779451,71.65354357000001
2002-06-18,25.083336,16.3586868,8.11141672,87.40157517000002
2002-06-19,22.6201821,14.2330683,7.640156889999999,89.37007912000001
2002-06-20,27.5208543,15.60136845,11.72440875,82.28346490000001
2002-06-21,27.903252,17.1832986,11.25314892,75.98425226
2002-06-22,23.313411449999997,13.2610518,9.21102299,85.43307122000002
2002-06-23,23.3422515,12.517619400000001,10.78188909,80.70866174000001
2002-06-24,23.86671315,13.2119169,12.03858197,75.98425226
2002-06-25,24.56101065,9.8707437,14.70905434,66.14173251000001
2002-06-26,26.10555555,10.42084095,14.0807079,72.44094515
2002-06-27,28.97887905,12.96303795,14.86614095,72.04724436000001
2002-06-28,30.527696549999998,15.12924615,14.23779451,67.71653567000001
2002-06-29,31.479418199999998,17.53685625,13.76653468,68.89763804
2002-06-30,26.50290735,19.69238295,9.68228282,76.37795305000002
2002-07-01,29.837671649999997,18.41808,11.25314892,78.34645700000002
2002-07-02,28.758840149999997,16.90237515,14.394881119999999,74.40944910000002
2002-07-03,27.07329945,17.16727635,8.11141672,72.83464594000002
2002-07-04,28.08590565,16.324506,10.46771587,74.01574831
2002-07-05,25.0277922,16.174965,6.2263774,85.03937043
2002-07-06,23.74494405,15.8374296,6.069290789999999,90.55118149000002
2002-07-07,17.23563795,10.3108215,7.483070279999999,87.00787438000002
2002-07-08,16.7859468,7.982254500000001,12.03858197,77.55905542
2002-07-09,20.0053509,5.90256645,14.0807079,76.37795305000002
2002-07-10,22.95024045,8.5569192,12.19566858,71.25984278000001
2002-07-11,18.5483943,12.46528005,6.540550619999999,88.18897675000001
2002-07-12,20.714602499999998,13.7160837,9.68228282,86.61417359000001
2002-07-13,20.9410503,8.901931650000002,14.394881119999999,72.83464594000002
2002-07-14,24.2779509,7.676763600000001,15.180314169999999,69.29133883000002
2002-07-15,25.766952,10.0779648,15.023227559999999,72.83464594000002
2002-07-16,27.8776164,12.4513941,14.0807079,68.11023646000001
2002-07-17,27.055140899999998,12.8487459,14.394881119999999,66.92913409
2002-07-18,22.78360905,11.16213705,12.82401502,72.04724436000001
2002-07-19,22.3211001,12.62550255,9.52519621,79.92126016000002
2002-07-20,24.5407158,14.7308262,8.11141672,79.52755937
2002-07-21,24.78104955,18.3475821,9.05393638,79.52755937
2002-07-22,23.988482249999997,16.97287305,10.46771587,83.85826806000001
2002-07-23,27.0145512,14.935911,14.23779451,83.46456727000002
2002-07-24,30.7594851,17.0593932,16.12283383,73.62204752000001
2002-07-25,28.78874835,17.670375,9.83936943,84.25196885000001
2002-07-26,28.607162849999998,17.3435211,12.35275519,84.25196885000001
2002-07-27,21.9451113,13.5494523,5.598030959999999,96.06299255000002
2002-07-28,22.0668804,8.02391235,15.49448739,68.50393725
2002-07-29,24.001300049999998,8.5740096,11.25314892,67.32283488000002
2002-07-30,25.5148686,14.53535475,10.15354265,74.01574831
2002-07-31,28.342261649999998,17.5913319,11.25314892,70.07874041000001
2002-08-01,23.497133249999997,15.6814797,5.598030959999999,92.12598465
2002-08-02,16.22730435,11.07027615,5.598030959999999,94.88189018000001
2002-08-03,18.439443,8.0805243,14.394881119999999,76.77165384000001
2002-08-04,25.8203595,9.1700373,13.60944807,75.98425226
2002-08-05,26.20596165,16.0361055,10.62480248,74.80314989000001
2002-08-06,31.15790505,16.9632597,16.12283383,75.19685068000001
2002-08-07,32.81353755,18.82931775,16.12283383,68.89763804
2002-08-08,31.0307952,18.94040535,15.180314169999999,63.77952777000001
2002-08-09,26.728287,17.585991149999998,15.33740078,68.89763804
2002-08-10,26.41531905,9.895311150000001,17.2224401,61.417323030000006
2002-08-11,28.90624485,13.2674607,16.279920439999998,63.77952777000001
2002-08-12,32.8210146,17.0337576,16.90826688,64.56692935000001
2002-08-13,32.58922604999999,18.80795475,15.33740078,55.51181118
2002-08-14,31.71547935,20.210435699999998,14.0807079,57.086614340000004
2002-08-15,30.067323899999998,18.9692454,13.45236146,63.77952777000001
2002-08-16,31.0927479,18.6039381,15.180314169999999,61.417323030000006
2002-08-17,32.2997574,18.0506364,18.16495976,59.842519870000004
2002-08-18,33.20875305,18.36146805,18.47913298,53.93700802
2002-08-19,32.5133874,20.1036207,12.35275519,54.330708810000004
2002-08-20,28.9244034,19.83765135,8.42558994,75.98425226
2002-08-21,24.80241255,18.65841375,8.58267655,83.46456727000002
2002-08-22,29.1038526,18.2322219,12.98110163,72.44094515
2002-08-23,32.291212200000004,19.21812435,16.12283383,64.96063014
2002-08-24,34.151929499999994,19.8579462,18.32204637,59.44881908
2002-08-25,34.790683200000004,20.14314225,19.89291247,55.51181118
2002-08-26,33.2482746,18.2792205,20.04999908,50.39370091
2002-08-27,32.0797185,17.478108,20.04999908,56.69291355
2002-08-28,33.0154179,17.9587755,16.59409366,55.905511970000006
2002-08-29,25.771224599999996,16.88528475,7.01181045,88.97637833000002
2002-08-30,24.34951695,12.05083785,20.67834552,73.62204752000001
2002-08-31,20.12818815,12.09783645,14.55196773,62.5984254
2002-09-01,17.520834,6.36187095,19.89291247,57.874015920000005
2002-09-02,19.3879602,3.538750500000001,21.62086518,57.48031513
2002-09-03,24.7479369,4.721192550000001,20.835432129999997,53.14960644000001
2002-09-04,29.41041165,10.00639875,20.3641723,50.00000012
2002-09-05,29.304664799999998,15.18265365,12.82401502,59.44881908
2002-09-06,32.7889701,17.2409787,14.23779451,66.14173251000001
2002-09-07,23.3358426,13.57401975,20.04999908,65.74803172000001
2002-09-08,26.98143855,11.25399795,18.95039281,53.54330723
2002-09-09,28.184175449999998,16.29352965,14.55196773,71.65354357000001
2002-09-10,32.71740405,17.2388424,20.3641723,67.71653567000001
2002-09-11,34.852635899999996,20.20082235,19.421652639999998,62.5984254
2002-09-12,29.5802475,20.08332585,8.42558994,77.95275621000002
2002-09-13,25.9207656,18.07734015,8.42558994,82.28346490000001
2002-09-14,29.9946897,18.1360884,18.7933062,77.95275621000002
2002-09-15,31.21131255,18.42769335,16.75118027,74.01574831
2002-09-16,29.7896049,18.60927885,14.394881119999999,79.52755937
2002-09-17,30.91009425,18.96176835,14.0807079,68.11023646000001
2002-09-18,28.9372212,20.6569224,9.83936943,72.44094515
2002-09-19,33.0666891,20.59176525,11.41023553,77.95275621000002
2002-09-20,23.6477424,15.13992765,7.7972434999999995,89.37007912000001
2002-09-21,23.62103865,8.3945604,16.75118027,61.02362224
2002-09-22,26.68662915,10.897235850000001,22.406298229999997,55.118110390000005
2002-09-23,26.3971605,13.521680400000001,14.70905434,74.40944910000002
2002-09-24,28.1019279,13.7118111,22.87755806,53.93700802
2002-09-25,29.4264339,13.68937995,23.34881789,55.51181118
2002-09-26,31.04254485,14.3185203,23.977164329999997,49.606299330000006
2002-09-27,33.0218268,15.395215499999999,23.5059045,48.818897750000005
2002-09-28,34.696686,17.86157385,23.5059045,55.905511970000006
2002-09-29,36.41320305,19.5524553,19.578739249999998,48.818897750000005
2002-09-30,34.5129642,20.7338292,15.023227559999999,62.99212619
2002-10-01,31.4537826,19.88464995,19.10747942,79.92126016000002
2002-10-02,33.1841856,19.35484755,23.34881789,63.385826980000004
2002-10-03,29.72658405,20.18373195,13.45236146,77.55905542
2002-10-04,34.82593215,18.3304917,20.52125891,64.17322856000001
2002-10-05,35.21046615,22.8658566,17.2224401,60.629921450000005
2002-10-06,37.3328802,21.86927265,22.720471449999998,56.69291355
2002-10-07,38.0122236,23.94361995,23.19173128,55.51181118
2002-10-08,35.43264135,24.222407099999998,17.37952671,63.385826980000004
2002-10-09,35.46041325,21.857523,19.10747942,62.20472461000001
2002-10-10,34.52044125,22.519776,16.75118027,60.629921450000005
2002-10-11,36.0980988,21.48687495,18.007873149999998,61.02362224
2002-10-12,30.949615799999997,21.9771558,12.35275519,77.55905542
2002-10-13,31.32240015,20.15168745,11.09606231,73.22834673000001
2002-10-14,31.5905058,22.42043805,12.19566858,69.68503962000001
2002-10-15,34.39226325,22.754769,14.86614095,63.77952777000001
2002-10-16,35.3033952,21.964337999999998,12.19566858,74.01574831
2002-10-17,29.777855249999998,20.447565,12.66692841,75.19685068000001
2002-10-18,30.47001645,20.793645599999998,17.850786539999998,72.44094515
2002-10-19,32.346756,21.5904855,15.651574,70.4724412
2002-10-20,34.0899768,22.1950584,22.09212501,59.44881908
2002-10-21,30.46147125,20.422997549999998,12.98110163,77.16535463000001
2002-10-22,27.14379735,14.6923728,22.406298229999997,66.53543330000001
2002-10-23,32.4727977,15.66332115,24.134250939999998,59.842519870000004
2002-10-24,36.68664945,20.4005664,23.5059045,58.661417500000006
2002-10-25,33.1991397,23.742807749999997,16.12283383,70.4724412
2002-10-26,32.36918715,19.8387195,17.69369993,71.65354357000001
2002-10-27,31.46125965,18.2578575,14.0807079,75.59055147000001
2002-10-28,32.031651749999995,21.22838265,11.09606231,77.16535463000001
2002-10-29,28.28885415,21.3576288,9.05393638,89.76377991000001
2002-10-30,27.6575775,21.02970675,12.5098418,87.40157517000002
2002-10-31,26.792375999999997,19.528956,13.13818824,85.82677201000001
2002-11-01,31.3298772,18.51314535,25.39094382,69.68503962000001
2002-11-02,34.3506054,18.77804655,27.118896529999997,60.23622066
2002-11-03,36.2583213,20.910073949999997,24.44842416,59.44881908
2002-11-04,28.912653749999997,19.87610475,10.31062926,84.25196885000001
2002-11-05,27.732347999999998,16.373640899999998,23.19173128,70.86614199000002
2002-11-06,29.50654515,17.002781249999998,25.705117039999998,62.20472461000001
2002-11-07,29.06005845,15.39841995,29.161022459999998,51.96850407
2002-11-08,31.39503435,15.92181345,28.37558941,54.7244096
2002-11-09,35.9656482,18.63277815,26.17637687,50.39370091
2002-11-10,28.23117405,19.7233593,10.46771587,86.61417359000001
2002-11-11,27.1106847,14.8013241,21.62086518,57.874015920000005
2002-11-12,30.021393449999998,17.0337576,19.421652639999998,57.48031513
2002-11-13,29.3602086,17.81243895,17.69369993,75.59055147000001
2002-11-14,27.8541171,18.97885875,12.35275519,85.82677201000001
2002-11-15,28.105132349999998,18.47682825,15.651574,83.07086648
2002-11-16,31.648185899999998,20.05341765,22.24921162,78.34645700000002
2002-11-17,35.57790975,21.42492225,24.291337549999998,66.14173251000001
2002-11-18,34.0664775,23.4939288,18.16495976,68.89763804
2002-11-19,33.6733983,21.5007609,18.95039281,69.68503962000001
2002-11-20,36.36834075,23.6327883,23.5059045,65.35433093000002
2002-11-21,31.620414,22.0326996,8.89684977,87.79527596000001
2002-11-22,31.74325125,21.32237985,20.835432129999997,70.4724412
2002-11-23,34.09318125,20.90366505,28.689762629999997,66.14173251000001
2002-11-24,35.122877849999995,22.6458177,22.87755806,72.44094515
2002-11-25,32.99298675,22.54220715,19.421652639999998,72.04724436000001
2002-11-26,33.540947700000004,25.0171107,21.62086518,66.92913409
2002-11-27,36.00303345,24.275814599999997,23.5059045,65.35433093000002
2002-11-28,28.771657949999998,22.080766349999998,10.31062926,89.76377991000001
2002-11-29,28.121154599999997,22.201467299999997,12.98110163,88.97637833000002
2002-11-30,32.995123050000004,23.5537452,21.62086518,76.37795305000002
2002-12-01,33.83682525,23.021806499999997,23.19173128,74.80314989000001
2002-12-02,27.7708014,20.8171449,9.05393638,89.76377991000001
2002-12-03,31.4153292,21.77100285,15.33740078,83.46456727000002
2002-12-04,33.0880521,22.82419875,17.06535349,75.98425226
2002-12-05,34.75543424999999,23.639197199999998,20.52125891,70.4724412
2002-12-06,33.3166362,23.24932245,13.92362129,77.16535463000001
2002-12-07,29.225621699999998,21.515715,16.90826688,85.82677201000001
2002-12-08,30.8406645,21.3512199,15.808660609999999,77.16535463000001
2002-12-09,29.5353852,20.9346414,16.43700705,73.62204752000001
2002-12-10,30.9432069,20.83316715,20.04999908,72.44094515
2002-12-11,31.8361803,22.455686999999998,19.89291247,75.19685068000001
2002-12-12,33.23866125,22.98869385,20.3641723,70.86614199000002
2002-12-13,33.99704775,21.7400265,27.433069749999998,59.842519870000004
2002-12-14,33.41811045,20.17518675,20.992518739999998,66.14173251000001
2002-12-15,31.74325125,21.260427149999998,14.0807079,85.82677201000001
2002-12-16,32.3318019,20.69003505,21.149605349999998,79.13385858000001
2002-12-17,33.4384053,23.16173415,23.82007772,74.80314989000001
2002-12-18,34.4296485,21.3298569,26.01929026,65.74803172000001
2002-12-19,35.947489649999994,22.72165635,26.01929026,67.71653567000001
2002-12-20,32.56999935,23.25359505,17.850786539999998,76.77165384000001
2002-12-21,33.93509505,21.91199865,21.9350384,79.13385858000001
2002-12-22,33.86246085,21.8468415,25.705117039999998,71.65354357000001
2002-12-23,33.384997799999994,23.29845735,19.421652639999998,71.25984278000001
2002-12-24,30.2595909,22.918195949999998,14.0807079,81.88976411000002
2002-12-25,31.63002735,20.4091116,28.37558941,70.4724412
2002-12-26,33.1008699,21.1482714,29.003935849999998,67.32283488000002
2002-12-27,33.6370812,21.1931337,26.49055009,68.89763804
2002-12-28,34.69561785,21.30956205,27.90432958,62.5984254
2002-12-29,36.7325799,22.391598,27.90432958,59.44881908
2002-12-30,36.6065382,22.8380847,23.66299111,69.29133883000002
2002-12-31,35.7819264,24.422151149999998,24.60551077,66.92913409
2003-01-01,35.19978465,23.5601541,20.992518739999998,71.65354357000001
2003-01-02,34.4211033,23.188437899999997,18.16495976,80.70866174000001
2003-01-03,30.679373849999998,22.595614649999998,13.13818824,89.37007912000001
2003-01-04,29.815240499999998,22.284782999999997,13.29527485,89.37007912000001
2003-01-05,31.90347375,22.4492781,20.67834552,81.10236253000001
2003-01-06,31.6909119,22.334986049999998,15.023227559999999,79.52755937
2003-01-07,34.73620755,21.8917038,29.63228229,65.35433093000002
2003-01-08,34.597348049999994,21.95258835,29.47519568,64.96063014
2003-01-09,36.131211449999995,23.255731349999998,25.39094382,66.53543330000001
2003-01-10,34.01841075,24.32388135,22.406298229999997,74.40944910000002
2003-01-11,29.8729206,20.8641435,10.9389757,88.58267754
2003-01-12,30.6975324,21.3982185,18.47913298,78.34645700000002
2003-01-13,30.6612153,21.29247165,20.20708569,82.28346490000001
2003-01-14,31.66314,22.2911919,22.406298229999997,77.55905542
2003-01-15,32.63836095,22.2441933,23.03464467,79.52755937
2003-01-16,33.381793349999995,22.7868135,22.09212501,73.62204752000001
2003-01-17,33.90518685,22.89896925,27.118896529999997,71.65354357000001
2003-01-18,34.37730915,23.122212599999997,22.24921162,74.80314989000001
2003-01-19,34.5706443,22.52298045,26.01929026,74.01574831
2003-01-20,31.547779799999997,23.54840445,16.12283383,83.07086648
2003-01-21,33.03357645,21.643893,21.46377857,79.52755937
2003-01-22,32.71313145,23.36254635,19.73582586,80.70866174000001
2003-01-23,27.78041475,22.47811815,11.41023553,88.58267754
2003-01-24,29.304664799999998,21.3469473,17.850786539999998,83.46456727000002
2003-01-25,29.28650625,21.2038152,13.60944807,89.76377991000001
2003-01-26,28.36362465,21.918407549999998,13.76653468,87.79527596000001
2003-01-27,30.7723029,20.9752311,24.91968399,78.34645700000002
2003-01-28,31.277537849999998,20.40804345,24.134250939999998,69.29133883000002
2003-01-29,32.51872815,21.39287775,24.76259738,69.68503962000001
2003-01-30,33.1884582,21.2230419,26.96180992,70.07874041000001
2003-01-31,34.02481965,21.83616,23.82007772,77.55905542
2003-02-01,29.95516815,22.31148675,16.90826688,85.82677201000001
2003-02-02,33.66378495,21.73682205,20.04999908,74.80314989000001
2003-02-03,34.9786776,22.4407329,24.134250939999998,72.83464594000002
2003-02-04,34.207473300000004,22.054062599999998,25.0767706,70.4724412
2003-02-05,33.226911599999994,22.6436814,18.95039281,78.34645700000002
2003-02-06,34.028024099999996,21.951520199999997,24.91968399,75.19685068000001
2003-02-07,34.08677235,23.22368685,20.67834552,78.74015779000001
2003-02-08,32.88617175,22.297600799999998,15.651574,82.28346490000001
2003-02-09,33.41811045,22.27944225,18.47913298,85.03937043
2003-02-10,31.1183835,22.220693999999998,13.45236146,87.79527596000001
2003-02-11,28.95110715,20.701784699999997,12.82401502,81.88976411000002
2003-02-12,28.462962599999997,21.02543415,11.25314892,87.40157517000002
2003-02-13,30.317270999999998,19.8408558,15.023227559999999,83.46456727000002
2003-02-14,30.356792549999998,20.319387,20.67834552,83.46456727000002
2003-02-15,32.01242505,21.372582899999998,20.67834552,79.52755937
2003-02-16,29.52790815,22.7804046,11.25314892,88.18897675000001
2003-02-17,31.1098383,22.7910861,18.63621959,84.64566964000001
2003-02-18,32.12564895,21.376855499999998,18.95039281,85.03937043
2003-02-19,32.502705899999995,22.11067455,22.24921162,78.34645700000002
2003-02-20,29.857966499999996,23.1863016,13.13818824,86.61417359000001
2003-02-21,27.813527399999998,21.5669862,10.31062926,92.51968544000002
2003-02-22,29.66463135,21.0051393,14.55196773,87.79527596000001
2003-02-23,32.735562599999994,21.7998429,16.279920439999998,81.88976411000002
2003-02-24,33.329454,22.44180105,20.04999908,83.46456727000002
2003-02-25,34.310015699999994,22.05299445,22.720471449999998,73.62204752000001
2003-02-26,35.240374349999996,22.57211535,24.134250939999998,67.32283488000002
2003-02-27,36.34056885,24.0493668,24.91968399,65.74803172000001
2003-02-28,36.88532535,24.36660735,25.0767706,62.99212619
2003-03-01,36.656741249999996,24.113455799999997,22.406298229999997,68.89763804
2003-03-02,35.3333034,22.0220181,22.87755806,72.44094515
2003-03-03,32.835968699999995,22.47598185,17.69369993,78.34645700000002
2003-03-04,34.223495549999996,22.6415451,21.46377857,74.01574831
2003-03-05,34.13483909999999,22.6458177,21.77795179,78.74015779000001
2003-03-06,33.77487255,22.168354649999998,17.37952671,76.37795305000002
2003-03-07,33.578332950000004,23.1563934,16.90826688,78.74015779000001
2003-03-08,31.904541899999998,22.29012375,16.12283383,80.31496095000001
2003-03-09,31.6887756,22.8509025,14.70905434,87.79527596000001
2003-03-10,30.71996355,22.4086884,13.29527485,87.79527596000001
2003-03-11,27.5721255,21.6567108,12.35275519,88.97637833000002
2003-03-12,29.8344672,21.22838265,20.04999908,83.85826806000001
2003-03-13,30.56828625,20.6889669,22.87755806,73.62204752000001
2003-03-14,32.47600215,19.0076988,21.77795179,70.07874041000001
2003-03-15,32.6757462,21.05534235,17.06535349,67.32283488000002
2003-03-16,31.599051,21.9835647,15.023227559999999,77.55905542
2003-03-17,31.46766855,19.752199349999998,23.03464467,72.44094515
2003-03-18,31.6951845,19.5610005,23.82007772,69.68503962000001
2003-03-19,32.84558205,21.09165945,23.19173128,70.07874041000001
2003-03-20,33.11048325,21.64068855,19.10747942,79.13385858000001
2003-03-21,26.89598655,19.2491007,14.0807079,77.55905542
2003-03-22,28.800497999999997,17.331771449999998,22.563384839999998,72.44094515
2003-03-23,30.324748049999997,18.01752375,22.720471449999998,68.50393725
2003-03-24,30.633443399999997,17.8562331,22.09212501,68.50393725
2003-03-25,29.9220555,18.91690605,19.10747942,70.86614199000002
2003-03-26,28.583663549999997,19.27580445,15.96574722,77.95275621000002
2003-03-27,31.29249195,19.64965695,21.149605349999998,71.25984278000001
2003-03-28,32.0070843,20.4881547,21.9350384,68.11023646000001
2003-03-29,32.0092206,19.35912015,22.87755806,66.14173251000001
2003-03-30,32.5710675,19.64111175,20.67834552,60.629921450000005
2003-03-31,33.0474624,19.87183215,18.95039281,60.23622066
2003-04-01,33.92227724999999,19.9092174,20.3641723,62.99212619
2003-04-02,33.74282805,20.1848001,21.9350384,64.56692935000001
2003-04-03,32.948124449999995,20.8705524,18.16495976,70.4724412
2003-04-04,27.5998974,21.06388755,9.3681096,91.33858307000001
2003-04-05,27.61805595,20.73062475,12.35275519,86.61417359000001
2003-04-06,27.4909461,18.1553151,15.33740078,74.01574831
2003-04-07,29.517226649999998,15.97735725,20.992518739999998,64.96063014
2003-04-08,29.4905229,15.7840221,16.90826688,69.68503962000001
2003-04-09,30.06839205,19.02158475,13.13818824,81.88976411000002
2003-04-10,24.3228132,19.4734122,9.3681096,88.97637833000002
2003-04-11,25.722089699999998,15.7242057,19.26456603,62.99212619
2003-04-12,23.61249345,9.53854905,21.149605349999998,60.23622066
2003-04-13,26.97075705,11.11300215,20.835432129999997,58.661417500000006
2003-04-14,28.01968035,13.2204621,20.835432129999997,66.53543330000001
2003-04-15,30.5479914,14.722281,18.7933062,62.20472461000001
2003-04-16,31.483690799999998,16.6599051,20.20708569,65.35433093000002
2003-04-17,31.937654549999998,17.4738354,19.578739249999998,63.385826980000004
2003-04-18,29.567429699999998,19.4285499,11.09606231,81.49606332000002
2003-04-19,24.31960875,16.4355936,8.42558994,92.51968544000002
2003-04-20,25.3204653,13.4939085,17.37952671,75.98425226
2003-04-21,29.91885105,14.1262533,18.95039281,78.34645700000002
2003-04-22,32.5967031,19.68170145,17.850786539999998,76.37795305000002
2003-04-23,32.347824149999994,21.1888611,19.578739249999998,74.01574831
2003-04-24,32.27091735,20.63021865,18.63621959,71.65354357000001
2003-04-25,32.5753401,21.409968149999997,18.007873149999998,70.86614199000002
2003-04-26,33.3059547,20.39308935,18.7933062,69.29133883000002
2003-04-27,33.12116475,21.035047499999997,16.59409366,70.4724412
2003-04-28,33.07202985,21.0905913,15.180314169999999,72.44094515
2003-04-29,33.3892704,22.32003195,15.96574722,68.89763804
2003-04-30,32.474934,21.4089,15.651574,69.68503962000001
2003-05-01,29.333504849999997,21.21770115,10.31062926,83.85826806000001
2003-05-02,25.3418283,17.4524724,10.62480248,83.46456727000002
2003-05-03,24.130546199999998,11.190977100000001,17.37952671,71.65354357000001
2003-05-04,23.7118314,12.8167014,11.88149536,81.49606332000002
2003-05-05,21.7528443,15.73595535,9.52519621,87.79527596000001
2003-05-06,22.080766349999998,13.07839815,16.90826688,69.68503962000001
2003-05-07,20.4753369,8.1617037,16.90826688,70.07874041000001
2003-05-08,22.81138095,7.78678305,15.96574722,68.11023646000001
2003-05-09,25.1602428,9.85685775,16.59409366,66.92913409
2003-05-10,26.02223985,11.94402285,16.59409366,68.11023646000001
2003-05-11,27.371313299999997,14.09100435,15.33740078,72.04724436000001
2003-05-12,27.850912649999998,14.75966625,16.75118027,68.89763804
2003-05-13,28.070951549999997,14.93270655,16.59409366,71.25984278000001
2003-05-14,28.8368151,15.3930792,16.43700705,70.4724412
2003-05-15,30.42301785,16.9055796,16.43700705,65.74803172000001
2003-05-16,30.5223558,16.80624165,15.180314169999999,68.89763804
2003-05-17,30.317270999999998,16.9824864,13.60944807,69.29133883000002
2003-05-18,30.116458799999997,18.22688115,14.0807079,68.89763804
2003-05-19,28.0848375,17.4097464,13.92362129,66.92913409
2003-05-20,28.71397785,16.5466812,10.15354265,70.4724412
2003-05-21,31.0777938,16.4975463,15.96574722,66.14173251000001
2003-05-22,31.485827099999998,19.358052,12.19566858,64.96063014
2003-05-23,26.2518921,17.3670204,9.68228282,84.64566964000001
2003-05-24,22.2527385,12.1565847,14.86614095,68.11023646000001
2003-05-25,22.595614649999998,10.1164182,14.394881119999999,70.4724412
2003-05-26,24.509739449999998,8.9713614,15.33740078,68.50393725
2003-05-27,24.5855781,11.58512445,12.03858197,68.50393725
2003-05-28,25.74879345,10.9794834,14.86614095,62.5984254
2003-05-29,26.079919949999997,11.76884625,15.49448739,64.96063014
2003-05-30,27.083980949999997,11.090571,15.023227559999999,68.89763804
2003-05-31,29.0611266,13.3208682,14.394881119999999,69.68503962000001
2003-06-01,29.99789415,15.0598164,14.70905434,70.4724412
2003-06-02,30.20084265,16.260417,14.86614095,69.68503962000001
2003-06-03,23.5537452,18.63918705,5.598030959999999,93.30708702000001
2003-06-04,19.82056095,15.6579804,5.598030959999999,94.88189018000001
2003-06-05,22.1736954,15.8694741,6.2263774,87.00787438000002
2003-06-06,27.5849433,17.65221645,10.46771587,86.22047280000001
2003-06-07,28.0570656,19.0568337,11.88149536,83.07086648
2003-06-08,24.6624849,17.91070875,7.483070279999999,90.15748070000001
2003-06-09,26.259369149999998,17.9780022,10.46771587,87.00787438000002
2003-06-10,29.46381915,18.55159875,13.92362129,72.83464594000002
2003-06-11,29.109193349999998,18.4714875,12.98110163,73.62204752000001
2003-06-12,29.70094845,17.4909258,13.60944807,74.40944910000002
2003-06-13,30.208319699999997,17.0593932,14.0807079,74.80314989000001
2003-06-14,29.2982559,16.69088145,14.0807079,71.25984278000001
2003-06-15,29.36768565,17.56249185,13.76653468,70.07874041000001
2003-06-16,29.817376799999998,17.40440565,12.66692841,69.68503962000001
2003-06-17,28.2899223,18.55800765,12.19566858,67.32283488000002
2003-06-18,27.88295715,17.752622549999998,12.5098418,68.89763804
2003-06-19,25.83210915,16.78915125,10.78188909,79.92126016000002
2003-06-20,27.18225075,14.59517115,13.29527485,78.34645700000002
2003-06-21,27.730211699999998,14.61012525,12.35275519,76.37795305000002
2003-06-22,28.67766075,15.42619185,14.23779451,69.68503962000001
2003-06-23,28.39139655,14.81521005,14.23779451,67.32283488000002
2003-06-24,28.717182299999997,14.0621643,14.23779451,64.96063014
2003-06-25,26.059625099999998,13.9681671,14.394881119999999,66.53543330000001
2003-06-26,28.1553354,13.4896359,13.92362129,68.11023646000001
2003-06-27,28.1980614,13.5131352,13.92362129,70.86614199000002
2003-06-28,28.66484295,14.9978637,12.66692841,70.07874041000001
2003-06-29,27.9224787,15.0,13.45236146,68.89763804
2003-06-30,25.52234565,14.9722281,14.394881119999999,71.25984278000001
2003-07-01,27.371313299999997,12.41400885,14.55196773,70.07874041000001
2003-07-02,27.86586675,13.09762485,14.23779451,67.71653567000001
2003-07-03,27.4012215,13.7075385,14.394881119999999,68.11023646000001
2003-07-04,26.877828,12.2057196,11.25314892,66.92913409
2003-07-05,25.880175899999998,14.33240625,7.168897059999999,61.417323030000006
2003-07-06,26.704787699999997,17.46849465,8.26850333,81.49606332000002
2003-07-07,21.7571169,17.49199395,6.069290789999999,93.70078781000001
2003-07-08,28.17349395,17.2025253,12.5098418,67.32283488000002
2003-07-09,23.797283399999998,15.4635771,7.483070279999999,88.97637833000002
2003-07-10,16.6684503,10.739149650000002,6.540550619999999,91.33858307000001
2003-07-11,17.47063095,6.973920900000001,13.45236146,71.25984278000001
2003-07-12,19.4200047,4.65710355,15.023227559999999,61.81102382
2003-07-13,20.98698075,6.460140750000001,15.023227559999999,70.07874041000001
2003-07-14,21.409968149999997,11.057458350000001,9.21102299,85.03937043
2003-07-15,25.6943178,15.72954645,10.9389757,77.16535463000001
2003-07-16,20.8085997,15.5703921,6.69763723,91.33858307000001
2003-07-17,22.30935045,12.95235645,7.7972434999999995,85.43307122000002
2003-07-18,27.9908403,15.1666314,14.55196773,73.62204752000001
2003-07-19,29.508681449999997,15.18692625,15.180314169999999,65.74803172000001
2003-07-20,30.16879815,16.538136,15.33740078,55.905511970000006
2003-07-21,30.066255749999996,17.3328396,12.98110163,64.56692935000001
2003-07-22,29.31855075,17.046575400000002,13.13818824,62.99212619
2003-07-23,30.4262223,18.21619965,13.60944807,55.905511970000006
2003-07-24,28.7534994,16.998508649999998,12.66692841,60.629921450000005
2003-07-25,29.3452545,16.65883695,14.55196773,70.4724412
2003-07-26,26.74430925,16.18885095,10.9389757,76.77165384000001
2003-07-27,26.025444299999997,15.234993,10.62480248,68.89763804
2003-07-28,27.36383625,15.8502474,13.60944807,70.4724412
2003-07-29,28.450144799999997,17.2815684,14.0807079,66.14173251000001
2003-07-30,28.6402755,16.2668259,14.86614095,63.77952777000001
2003-07-31,28.9991739,14.4189264,15.651574,61.417323030000006
2003-08-01,30.112186199999996,14.9465925,16.43700705,60.629921450000005
2003-08-02,29.88680655,15.7797495,16.279920439999998,62.99212619
2003-08-03,29.93166885,16.6834044,13.76653468,61.02362224
2003-08-04,31.2657882,17.2815684,15.651574,52.75590565
2003-08-05,27.93209205,18.4907142,7.95433011,75.59055147000001
2003-08-06,20.3087055,15.48814455,6.69763723,95.27559097000001
2003-08-07,21.65564265,10.441135800000001,16.43700705,66.92913409
2003-08-08,24.4979898,8.7876396,11.09606231,72.44094515
2003-08-09,21.6738012,10.42084095,15.96574722,56.69291355
2003-08-10,19.3495068,5.299061700000001,16.59409366,58.26771671
2003-08-11,22.79429055,6.423823650000001,17.850786539999998,59.44881908
2003-08-12,24.2266797,7.97050485,18.32204637,63.385826980000004
2003-08-13,27.5657166,10.443272100000002,18.16495976,64.96063014
2003-08-14,21.74536725,13.4490462,7.7972434999999995,89.37007912000001
2003-08-15,22.84983435,13.29096,11.56732214,87.40157517000002
2003-08-16,20.06837175,11.938682100000001,17.37952671,72.04724436000001
2003-08-17,20.8940517,6.7464049500000005,18.7933062,59.44881908
2003-08-18,25.5768213,7.047623250000001,19.10747942,53.14960644000001
2003-08-19,28.8026343,10.3685016,19.10747942,50.787401700000004
2003-08-20,32.232463949999996,12.0860868,19.10747942,48.031496170000004
2003-08-21,32.523000749999994,14.9615466,19.10747942,44.88188985
2003-08-22,33.414906,14.76821145,18.95039281,44.48818906
2003-08-23,33.25575164999999,16.8991707,17.53661332,48.031496170000004
2003-08-24,24.49478535,12.3488517,8.26850333,87.79527596000001
2003-08-25,18.4928505,10.4261817,14.23779451,69.68503962000001
2003-08-26,20.55544815,6.07347045,19.421652639999998,64.17322856000001
2003-08-27,21.55523655,8.016435300000001,18.95039281,58.26771671
2003-08-28,18.63064185,7.67783175,16.90826688,57.48031513
2003-08-29,20.31190995,4.762850400000001,18.63621959,62.99212619
2003-08-30,23.481111,8.96602065,17.69369993,62.20472461000001
2003-08-31,25.96028715,11.53385325,19.421652639999998,60.629921450000005
2003-09-01,28.565504999999998,12.46314375,20.04999908,59.05511829
2003-09-02,30.1848204,14.71266765,19.421652639999998,57.48031513
2003-09-03,29.275824749999998,13.6306317,20.52125891,53.54330723
2003-09-04,31.2529704,14.4744702,20.835432129999997,55.118110390000005
2003-09-05,33.72573765,18.25678935,20.3641723,50.787401700000004
2003-09-06,34.04297819999999,19.21385175,19.421652639999998,45.275590640000004
2003-09-07,33.73641915,19.3858239,14.86614095,61.81102382
2003-09-08,23.96284665,18.7705695,8.11141672,93.70078781000001
2003-09-09,21.70905015,15.2819916,7.95433011,94.88189018000001
2003-09-10,16.7410845,10.69001475,11.41023553,79.52755937
2003-09-11,20.9581407,5.0298879,20.3641723,59.44881908
2003-09-12,23.72571735,8.7085965,15.808660609999999,64.96063014
2003-09-13,24.35806215,13.20016725,15.180314169999999,72.04724436000001
2003-09-14,26.37045675,11.4793776,22.563384839999998,60.23622066
2003-09-15,26.821216049999997,13.16385015,16.90826688,70.4724412
2003-09-16,25.9933998,16.29993855,18.32204637,73.62204752000001
2003-09-17,27.9267513,14.0493465,20.992518739999998,64.56692935000001
2003-09-18,29.820581249999996,14.2159779,22.87755806,53.93700802
2003-09-19,33.281387249999995,14.9038665,22.720471449999998,48.818897750000005
2003-09-20,34.0750227,17.748349949999998,19.10747942,50.787401700000004
2003-09-21,34.5535539,19.19889765,18.95039281,48.42519696
2003-09-22,36.54138105,19.7297682,23.03464467,45.66929143
2003-09-23,37.56680505,18.3860355,22.24921162,44.09448827
2003-09-24,33.7588503,21.14720325,13.60944807,70.86614199000002
2003-09-25,29.06860365,19.38048315,11.25314892,81.49606332000002
2003-09-26,23.19164235,18.7556154,8.73976316,94.88189018000001
2003-09-27,27.60737445,17.04550725,17.2224401,81.88976411000002
2003-09-28,29.856898349999998,16.01367435,15.651574,78.74015779000001
2003-09-29,26.8650102,17.1085281,15.49448739,77.55905542
2003-09-30,29.933805149999998,15.71459235,23.34881789,64.96063014
2003-10-01,32.6736099,17.76971295,24.134250939999998,61.02362224
2003-10-02,31.78170465,17.8391427,18.95039281,59.05511829
2003-10-03,35.45827695,19.1978295,23.19173128,50.787401700000004
2003-10-04,35.93467185,21.6161211,20.20708569,53.14960644000001
2003-10-05,32.407640549999996,21.216633,14.394881119999999,77.16535463000001
2003-10-06,30.83532375,20.243548349999998,20.20708569,73.22834673000001
2003-10-07,32.9556015,19.7041326,23.19173128,70.07874041000001
2003-10-08,33.643490099999994,20.8128723,24.60551077,64.56692935000001
2003-10-09,29.313209999999998,18.2813568,12.35275519,87.40157517000002
2003-10-10,24.347380649999998,16.55843085,12.66692841,86.22047280000001
2003-10-11,24.9038868,16.9397604,18.7933062,76.37795305000002
2003-10-12,27.1576833,14.5171962,25.548030429999997,60.23622066
2003-10-13,28.52811975,14.3676552,25.705117039999998,56.69291355
2003-10-14,29.425365749999997,13.94359965,26.01929026,55.905511970000006
2003-10-15,30.6441249,14.60158005,25.705117039999998,50.787401700000004
2003-10-16,31.0777938,15.520189049999999,26.49055009,49.606299330000006
2003-10-17,33.9895707,15.66545745,25.548030429999997,44.88188985
2003-10-18,35.51809335,18.20124555,19.73582586,45.275590640000004
2003-10-19,32.5133874,20.83316715,14.86614095,75.98425226
2003-10-20,28.0143396,19.65392955,14.86614095,79.92126016000002
2003-10-21,27.1534107,18.3582636,11.88149536,90.94488228000002
2003-10-22,27.9652047,16.86819435,17.53661332,81.88976411000002
2003-10-23,31.064975999999998,17.09036955,25.39094382,72.83464594000002
2003-10-24,33.7374873,19.28648595,26.6476367,66.53543330000001
2003-10-25,35.4401184,22.0839708,22.87755806,68.11023646000001
2003-10-26,28.650957,20.05982655,13.29527485,85.43307122000002
2003-10-27,28.938289349999998,17.99616075,16.75118027,80.70866174000001
2003-10-28,28.29953565,19.7190867,18.16495976,76.77165384000001
2003-10-29,29.944486649999998,18.73959315,22.720471449999998,73.62204752000001
2003-10-30,32.393754599999994,19.5738183,27.275983139999997,64.96063014
2003-10-31,33.2760465,20.23927575,20.992518739999998,69.68503962000001
2003-11-01,27.08184465,20.0138961,12.03858197,82.67716569000001
2003-11-02,23.85603165,16.8863529,13.29527485,80.70866174000001
2003-11-03,27.733416149999996,15.5404839,25.0767706,66.53543330000001
2003-11-04,28.0933827,14.7521892,22.720471449999998,55.905511970000006
2003-11-05,28.79942985,17.47703985,22.87755806,61.417323030000006
2003-11-06,30.96563805,16.77633345,27.433069749999998,54.7244096
2003-11-07,32.7676071,17.73766845,27.433069749999998,52.362204860000006
2003-11-08,33.80264445,17.9673207,28.2185028,51.18110249
2003-11-09,36.064986149999996,18.81436365,25.705117039999998,46.45669301
2003-11-10,37.4888301,21.29033535,25.862203649999998,45.275590640000004
2003-11-11,38.520663,22.6885437,28.2185028,40.94488195
2003-11-12,37.843455899999995,23.4533391,26.33346348,58.661417500000006
2003-11-13,29.86544355,19.6592703,22.24921162,70.86614199000002
2003-11-14,32.17478385,15.9207453,28.06141619,58.26771671
2003-11-15,33.68514795,19.72870005,23.19173128,67.71653567000001
2003-11-16,32.14701195,21.1012728,18.32204637,83.85826806000001
2003-11-17,28.600753949999998,18.567621,15.651574,85.03937043
2003-11-18,27.1940004,18.1702692,12.66692841,85.82677201000001
2003-11-19,29.03869545,16.36616385,27.590156359999998,59.05511829
2003-11-20,31.983584999999998,16.5744531,29.31810907,52.75590565
2003-11-21,32.968419299999994,18.30165165,29.161022459999998,57.874015920000005
2003-11-22,33.1649589,18.8923386,27.275983139999997,65.74803172000001
2003-11-23,34.9487694,21.45483045,26.80472331,64.17322856000001
2003-11-24,32.91821625,21.4751253,21.77795179,71.65354357000001
2003-11-25,32.9427837,21.4174452,17.53661332,79.92126016000002
2003-11-26,27.0829128,21.3063576,12.66692841,88.18897675000001
2003-11-27,27.237794549999997,21.067092,13.76653468,87.40157517000002
2003-11-28,32.33714265,19.6379073,26.33346348,66.92913409
2003-11-29,31.510394549999997,20.44863315,20.3641723,70.07874041000001
2003-11-30,32.3659827,21.14506695,20.835432129999997,70.4724412
2003-12-01,30.47642535,20.92075545,19.26456603,81.10236253000001
2003-12-02,33.577264799999995,19.23521475,28.37558941,62.5984254
2003-12-03,33.4512231,21.19847445,18.16495976,76.77165384000001
2003-12-04,30.069460199999998,22.54220715,15.651574,86.61417359000001
2003-12-05,29.758628549999997,21.6460293,15.651574,83.07086648
2003-12-06,31.0735212,19.44457215,21.9350384,66.53543330000001
2003-12-07,32.29441665,18.66268635,26.80472331,68.50393725
2003-12-08,32.060491799999994,20.79257745,20.20708569,78.34645700000002
2003-12-09,27.97909065,18.0185919,16.90826688,76.77165384000001
2003-12-10,31.7720913,16.08630855,26.96180992,70.86614199000002
2003-12-11,32.90112585,22.3360542,19.73582586,74.80314989000001
2003-12-12,27.93636465,19.69451925,15.180314169999999,88.18897675000001
2003-12-13,30.9325254,20.760532949999998,20.04999908,80.31496095000001
2003-12-14,31.88638335,21.8169333,18.47913298,74.80314989000001
2003-12-15,34.0707501,22.580660549999997,22.24921162,75.59055147000001
2003-12-16,30.1015047,21.87140895,18.95039281,76.37795305000002
2003-12-17,30.4774935,18.90195195,25.862203649999998,71.65354357000001
2003-12-18,31.8297714,19.5011841,27.118896529999997,68.50393725
2003-12-19,32.3659827,21.2550864,23.03464467,72.83464594000002
2003-12-20,34.09104495,22.69388445,22.563384839999998,68.11023646000001
2003-12-21,32.6821551,22.459959599999998,22.09212501,74.80314989000001
2003-12-22,32.4065724,21.66205155,21.149605349999998,76.77165384000001
2003-12-23,31.5264168,20.6975121,24.134250939999998,69.68503962000001
2003-12-24,32.03592435,20.1741186,27.118896529999997,65.74803172000001
2003-12-25,32.09574075,19.60265835,28.53267602,66.53543330000001
2003-12-26,33.02716755,20.9346414,26.96180992,65.74803172000001
2003-12-27,33.970344,22.09785675,26.17637687,67.32283488000002
2003-12-28,31.61507325,22.8295395,16.12283383,80.31496095000001
2003-12-29,32.50377405,22.49520855,17.2224401,83.46456727000002
2003-12-30,31.6011873,22.61484135,16.59409366,81.88976411000002
2003-12-31,28.190584349999998,21.7998429,12.03858197,89.37007912000001
2004-01-01,30.837460049999997,19.92523965,25.548030429999997,74.40944910000002
2004-01-02,30.8235741,19.077128549999998,26.49055009,70.86614199000002
2004-01-03,30.5394462,18.40205775,29.31810907,63.77952777000001
2004-01-04,32.08505925,18.76095615,28.2185028,69.68503962000001
2004-01-05,32.994054899999995,20.85666645,22.87755806,75.98425226
2004-01-06,28.98956055,22.21962585,17.53661332,85.82677201000001
2004-01-07,32.00174355,21.705845699999998,22.24921162,80.70866174000001
2004-01-08,31.275401549999998,22.6159095,16.279920439999998,82.67716569000001
2004-01-09,32.5262052,22.118151599999997,25.548030429999997,78.34645700000002
2004-01-10,33.86032455,22.678930349999998,26.6476367,71.65354357000001
2004-01-11,33.5174484,23.0602599,23.977164329999997,74.40944910000002
2004-01-12,32.936374799999996,21.7442991,29.003935849999998,61.02362224
2004-01-13,32.53581855,21.0286386,27.118896529999997,66.53543330000001
2004-01-14,32.52727335,21.00407115,27.275983139999997,67.71653567000001
2004-01-15,32.54329559999999,21.18565665,28.37558941,61.81102382
2004-01-16,33.89236905,20.64517275,28.2185028,62.99212619
2004-01-17,33.939367649999994,21.44628525,28.846849239999997,61.417323030000006
2004-01-18,33.1307781,20.6846943,28.37558941,57.874015920000005
2004-01-19,33.335862899999995,20.3257959,26.17637687,60.629921450000005
2004-01-20,33.2845917,20.660126849999997,26.49055009,66.14173251000001
2004-01-21,32.4236628,22.409756549999997,17.2224401,79.13385858000001
2004-01-22,32.772947849999994,22.11067455,21.9350384,77.16535463000001
2004-01-23,33.990638849999996,22.54007085,25.862203649999998,72.44094515
2004-01-24,32.52513705,22.7291334,21.149605349999998,79.52755937
2004-01-25,32.077582199999995,21.7827525,23.34881789,77.95275621000002
2004-01-26,33.86246085,21.1461351,26.96180992,65.74803172000001
2004-01-27,34.5706443,21.2657679,27.275983139999997,63.77952777000001
2004-01-28,34.71270825,22.14699165,26.33346348,68.11023646000001
2004-01-29,35.143172699999994,22.468504799999998,23.82007772,72.04724436000001
2004-01-30,33.71719245,22.07222115,23.03464467,74.01574831
2004-01-31,33.9874344,19.868627699999998,25.862203649999998,73.62204752000001
2004-02-01,32.92035255,21.6780738,23.34881789,78.34645700000002
2004-02-02,33.96286695,21.93763425,25.0767706,75.19685068000001
2004-02-03,34.55034945,22.9427634,26.33346348,71.65354357000001
2004-02-04,34.2822438,23.6541513,22.24921162,78.74015779000001
2004-02-05,31.705866,22.8231306,16.279920439999998,76.77165384000001
2004-02-06,31.256174849999997,21.970746899999998,21.9350384,70.86614199000002
2004-02-07,31.0158411,19.01944845,28.37558941,62.5984254
2004-02-08,30.3343614,18.24397155,28.53267602,60.23622066
2004-02-09,29.866511699999997,18.6146196,22.406298229999997,63.385826980000004
2004-02-10,31.07886195,18.07947645,26.6476367,59.05511829
2004-02-11,32.485615499999994,18.5184861,27.590156359999998,61.02362224
2004-02-12,33.2589561,20.1164385,27.590156359999998,62.5984254
2004-02-13,31.53603015,21.94404315,15.023227559999999,82.28346490000001
2004-02-14,30.023529749999998,21.8169333,16.279920439999998,87.40157517000002
2004-02-15,31.0286589,21.45269415,24.44842416,72.44094515
2004-02-16,32.93317035,18.5227587,27.433069749999998,66.14173251000001
2004-02-17,31.885315199999997,19.243759949999998,17.850786539999998,73.22834673000001
2004-02-18,32.23032765,20.5650615,19.578739249999998,77.55905542
2004-02-19,32.465320649999995,20.62167345,25.705117039999998,68.89763804
2004-02-20,32.278394399999996,19.6720881,26.6476367,66.92913409
2004-02-21,31.970767199999997,19.05576555,25.705117039999998,63.77952777000001
2004-02-22,31.086339,18.631709999999998,21.62086518,68.11023646000001
2004-02-23,32.43754875,19.1486946,23.977164329999997,65.74803172000001
2004-02-24,33.13825515,20.0929392,25.23385721,68.11023646000001
2004-02-25,33.019690499999996,20.6141964,22.720471449999998,70.4724412
2004-02-26,34.12736205,20.5223355,23.03464467,69.29133883000002
2004-02-27,34.763979449999994,20.3300685,22.87755806,70.86614199000002
2004-02-28,33.90305055,18.03247785,25.548030429999997,63.385826980000004
2004-02-29,35.02888065,18.90836085,24.91968399,58.26771671
2004-03-01,36.9739818,20.29909215,25.705117039999998,56.29921276
2004-03-02,37.697119349999994,21.6609834,23.82007772,61.417323030000006
2004-03-03,32.133126,21.71118645,17.06535349,76.77165384000001
2004-03-04,32.880831,22.2036036,23.5059045,70.4724412
2004-03-05,32.95880595,20.5372896,24.291337549999998,67.71653567000001
2004-03-06,34.244858550000004,20.7316929,25.0767706,66.53543330000001
2004-03-07,34.54287239999999,21.36937845,20.835432129999997,68.89763804
2004-03-08,33.3379992,21.81800145,16.75118027,81.49606332000002
2004-03-09,34.31322015,21.2508138,21.149605349999998,75.98425226
2004-03-10,36.54351735,22.5325938,21.149605349999998,66.14173251000001
2004-03-11,34.21067775,22.93315005,14.86614095,78.34645700000002
2004-03-12,27.40228965,21.427058549999998,10.78188909,87.40157517000002
2004-03-13,29.329232249999997,20.1719823,10.78188909,88.58267754
2004-03-14,29.50227255,21.9023853,15.651574,89.76377991000001
2004-03-15,32.1908061,21.1995426,20.3641723,78.34645700000002
2004-03-16,34.23417705,20.339681849999998,24.134250939999998,65.74803172000001
2004-03-17,33.8998461,21.284994599999997,23.5059045,70.07874041000001
2004-03-18,33.364702949999995,20.56185705,20.04999908,75.59055147000001
2004-03-19,31.07245305,19.9818516,21.77795179,70.86614199000002
2004-03-20,31.314923099999998,18.9265194,22.09212501,63.385826980000004
2004-03-21,31.181404349999998,18.674436,22.09212501,64.96063014
2004-03-22,31.03827225,18.1296795,23.34881789,62.5984254
2004-03-23,30.8812542,15.86840595,23.5059045,61.417323030000006
2004-03-24,30.79900665,16.40888985,23.34881789,62.20472461000001
2004-03-25,31.12799685,16.8927618,23.19173128,59.842519870000004
2004-03-26,32.135262299999994,15.97949355,22.563384839999998,57.086614340000004
2004-03-27,32.4386169,16.627860599999998,22.09212501,55.905511970000006
2004-03-28,33.23652495,17.61803565,22.406298229999997,54.330708810000004
2004-03-29,34.2309726,18.28883385,22.24921162,53.14960644000001
2004-03-30,34.55248575,18.8966112,21.62086518,53.93700802
2004-03-31,34.8825441,19.43175435,21.30669196,58.661417500000006
2004-04-01,34.12522575,21.1397262,17.850786539999998,68.11023646000001
2004-04-02,34.1797014,21.25401825,17.2224401,71.25984278000001
2004-04-03,29.324959649999997,21.1717707,11.09606231,90.15748070000001
2004-04-04,30.591785549999997,20.7765552,13.60944807,83.85826806000001
2004-04-05,31.96756275,20.876961299999998,19.10747942,80.31496095000001
2004-04-06,32.70031365,21.91199865,19.578739249999998,78.34645700000002
2004-04-07,33.58687815,21.455898599999998,18.7933062,76.77165384000001
2004-04-08,33.264296849999994,21.0158208,15.96574722,81.88976411000002
2004-04-09,32.08292295,20.45931465,18.47913298,75.98425226
2004-04-10,31.32453645,21.2123604,18.7933062,72.44094515
2004-04-11,31.80306765,20.3535678,19.578739249999998,70.4724412
2004-04-12,33.1414596,20.3920212,20.67834552,68.11023646000001
2004-04-13,33.02503125,21.122635799999998,20.3641723,68.89763804
2004-04-14,31.0884753,20.9859126,14.55196773,82.28346490000001
2004-04-15,30.2467731,20.3001603,16.59409366,81.88976411000002
2004-04-16,31.90774635,19.87183215,18.63621959,73.62204752000001
2004-04-17,29.70735735,20.90152875,10.78188909,89.37007912000001
2004-04-18,31.148291699999998,21.11943135,14.70905434,83.07086648
2004-04-19,29.5225674,20.4988362,9.99645604,91.33858307000001
2004-04-20,25.913288549999997,18.373217699999998,10.9389757,87.00787438000002
2004-04-21,30.5266284,19.68597405,13.13818824,82.67716569000001
2004-04-22,32.2207143,22.4663685,18.63621959,70.86614199000002
2004-04-23,29.125215599999997,21.99104175,12.98110163,83.46456727000002
2004-04-24,27.28692945,20.72848845,12.35275519,87.79527596000001
2004-04-25,27.1192299,16.94082855,15.180314169999999,78.34645700000002
2004-04-26,27.14379735,15.9271542,15.33740078,78.34645700000002
2004-04-27,27.117093599999997,17.7964167,12.03858197,79.13385858000001
2004-04-28,28.796225399999997,17.2772958,18.32204637,71.25984278000001
2004-04-29,30.354656249999998,17.4973347,18.32204637,68.89763804
2004-04-30,25.6280925,18.35078655,8.11141672,88.58267754
2004-05-01,23.813305649999997,18.3005835,7.95433011,90.55118149000002
2004-05-02,29.0098554,17.213206800000002,16.279920439999998,82.28346490000001
2004-05-03,27.689622,19.53429675,10.78188909,86.22047280000001
2004-05-04,24.922045349999998,18.8944749,8.42558994,90.55118149000002
2004-05-05,22.01667735,17.94702585,6.540550619999999,95.27559097000001
2004-05-06,21.6567108,17.10532365,6.69763723,94.88189018000001
2004-05-07,20.3514315,16.29352965,8.42558994,90.55118149000002
2004-05-08,20.62167345,12.0839505,14.70905434,81.49606332000002
2004-05-09,23.75776185,11.2913832,15.808660609999999,80.31496095000001
2004-05-10,25.83210915,13.88591955,16.75118027,78.74015779000001
2004-05-11,26.834033849999997,14.38795005,14.23779451,81.10236253000001
2004-05-12,27.02630085,17.50908435,11.25314892,84.64566964000001
2004-05-13,22.71311115,17.3371122,6.069290789999999,94.0944886
2004-05-14,20.6099238,16.04358255,6.854723839999999,91.33858307000001
2004-05-15,18.82718145,12.13628985,8.58267655,89.37007912000001
2004-05-16,20.4155205,8.91688575,15.33740078,76.37795305000002
2004-05-17,21.26469975,8.8004574,12.66692841,77.95275621000002
2004-05-18,23.097645149999998,10.8427602,14.55196773,76.77165384000001
2004-05-19,21.8212059,12.26019525,8.73976316,87.79527596000001
2004-05-20,22.5325938,15.11215575,8.73976316,88.97637833000002
2004-05-21,21.77313915,15.8822919,7.325983669999999,91.33858307000001
2004-05-22,19.7084052,15.2499471,6.2263774,92.91338623000001
2004-05-23,21.5904855,16.31489265,6.2263774,96.06299255000002
2004-05-24,20.92930065,17.5550148,5.7551175699999995,98.03149650000002
2004-05-25,19.39970985,12.8829267,5.7551175699999995,94.48818939000002
2004-05-26,17.74194105,11.04464055,12.5098418,80.70866174000001
2004-05-27,19.1081049,8.84638785,14.394881119999999,81.49606332000002
2004-05-28,21.10020465,8.740641,15.023227559999999,79.92126016000002
2004-05-29,21.5968944,10.0395114,13.76653468,79.52755937
2004-05-30,25.395235800000002,14.00768865,11.88149536,84.25196885000001
2004-05-31,22.2911919,15.3524895,7.483070279999999,92.51968544000002
2004-06-01,21.497556449999998,14.95406955,7.640156889999999,88.58267754
2004-06-02,22.8786744,14.69984985,8.11141672,89.76377991000001
2004-06-03,21.387537,13.48215885,9.21102299,90.55118149000002
2004-06-04,22.56997905,10.471044,14.0807079,78.74015779000001
2004-06-05,22.8338121,10.78828455,14.86614095,79.52755937
2004-06-06,24.097433549999998,11.2892469,14.0807079,77.95275621000002
2004-06-07,24.17006775,11.54239845,13.92362129,77.55905542
2004-06-08,21.30742575,12.9000171,7.640156889999999,81.49606332000002
2004-06-09,23.6156979,15.1965396,8.26850333,82.28346490000001
2004-06-10,24.90281865,17.960911799999998,6.854723839999999,84.64566964000001
2004-06-11,23.44372575,13.9660308,5.44094435,95.27559097000001
2004-06-12,16.4462751,8.7555951,14.0807079,74.80314989000001
2004-06-13,17.1063918,3.919011900000001,14.0807079,72.83464594000002
2004-06-14,19.77142605,5.6835957000000015,11.56732214,77.55905542
2004-06-15,25.4080536,10.5500871,13.92362129,77.16535463000001
2004-06-16,27.987635849999997,13.67442585,14.394881119999999,76.37795305000002
2004-06-17,28.65629775,15.59282325,14.70905434,73.62204752000001
2004-06-18,28.8026343,15.5212572,14.23779451,73.62204752000001
2004-06-19,27.305087999999998,15.0042726,14.394881119999999,75.59055147000001
2004-06-20,27.898979399999998,16.32557415,13.13818824,70.4724412
2004-06-21,29.0269458,14.78530185,14.394881119999999,71.25984278000001
2004-06-22,28.496075249999997,16.47084255,13.13818824,75.98425226
2004-06-23,28.2899223,16.06815,12.35275519,70.86614199000002
2004-06-24,23.1243489,17.05618875,5.7551175699999995,88.97637833000002
2004-06-25,20.5201992,16.55843085,5.598030959999999,93.30708702000001
2004-06-26,23.718240299999998,16.2945978,6.854723839999999,87.79527596000001
2004-06-27,24.1540455,18.07520385,6.2263774,93.70078781000001
2004-06-28,21.19527,17.92566285,5.44094435,96.85039413000001
2004-06-29,27.367040699999997,16.27430295,13.13818824,84.25196885000001
2004-06-30,28.93188045,17.5656963,12.5098418,78.34645700000002
2004-07-01,28.26108225,17.7835989,12.66692841,79.52755937
2004-07-02,29.0119917,17.5721052,10.46771587,75.59055147000001
2004-07-03,28.708637099999997,18.66268635,11.41023553,75.98425226
2004-07-04,27.9908403,17.67785205,10.9389757,77.55905542
2004-07-05,25.2521037,18.38496735,9.21102299,88.58267754
2004-07-06,24.96263505,16.2305088,9.52519621,90.55118149000002
2004-07-07,26.446295399999997,16.43879805,7.168897059999999,84.64566964000001
2004-07-08,21.98249655,16.13330715,5.598030959999999,91.73228386000001
2004-07-09,21.293539799999998,13.2247347,8.73976316,91.73228386000001
2004-07-10,20.61740085,13.034604,10.31062926,80.31496095000001
2004-07-11,18.4159437,4.795963050000001,15.49448739,70.07874041000001
2004-07-12,22.95664935,8.12859105,13.45236146,82.67716569000001
2004-07-13,25.654796249999997,15.5233935,9.21102299,85.03937043
2004-07-14,26.89171395,17.1662082,10.15354265,80.70866174000001
2004-07-15,28.425577349999998,18.29951535,10.31062926,82.28346490000001
2004-07-16,22.9748079,16.6705866,6.069290789999999,93.30708702000001
2004-07-17,19.09635525,14.273658,7.325983669999999,90.15748070000001
2004-07-18,18.6060744,12.78999765,6.069290789999999,90.55118149000002
2004-07-19,17.40654195,13.54197525,5.7551175699999995,94.48818939000002
2004-07-20,21.83295555,12.6821145,14.0807079,81.88976411000002
2004-07-21,21.97608765,11.8767294,15.180314169999999,76.77165384000001
2004-07-22,22.45889145,11.0371635,16.12283383,71.65354357000001
2004-07-23,23.03782875,10.84810095,16.43700705,68.11023646000001
2004-07-24,23.64881055,11.17281855,16.59409366,66.14173251000001
2004-07-25,24.06966165,10.6590384,16.59409366,63.77952777000001
2004-07-26,24.8248437,11.7036891,16.75118027,65.74803172000001
2004-07-27,24.71482425,10.29266295,16.279920439999998,68.50393725
2004-07-28,26.1472134,13.1691909,16.12283383,64.17322856000001
2004-07-29,23.5174281,13.77910455,7.95433011,76.37795305000002
2004-07-30,18.9863358,11.94615915,7.95433011,87.40157517000002
2004-07-31,19.56847755,6.15892245,15.023227559999999,71.25984278000001
2004-08-01,23.17455195,6.558410550000001,15.49448739,63.385826980000004
2004-08-02,27.8412993,9.90812895,16.279920439999998,64.96063014
2004-08-03,31.260447449999997,14.0536191,16.75118027,67.32283488000002
2004-08-04,31.13440575,17.6874654,17.06535349,60.629921450000005
2004-08-05,30.21152415,16.5530901,17.06535349,64.17322856000001
2004-08-06,28.7855439,15.6686619,16.59409366,66.92913409
2004-08-07,20.50844955,11.63639565,10.46771587,79.13385858000001
2004-08-08,18.73532055,4.713715500000001,17.69369993,62.20472461000001
2004-08-09,21.6780738,6.99421575,17.69369993,66.14173251000001
2004-08-10,24.26620125,8.25463275,17.850786539999998,67.32283488000002
2004-08-11,26.55845115,9.6229329,15.808660609999999,69.29133883000002
2004-08-12,26.70585585,12.21319665,18.007873149999998,64.17322856000001
2004-08-13,26.04787545,11.980339950000001,18.7933062,65.74803172000001
2004-08-14,26.5937001,13.03994475,18.7933062,55.905511970000006
2004-08-15,27.839163,14.26831725,18.95039281,53.54330723
2004-08-16,29.945554799999996,14.71907655,17.37952671,53.54330723
2004-08-17,31.73684235,14.90066205,18.32204637,55.118110390000005
2004-08-18,30.86523195,15.5874825,17.37952671,62.99212619
2004-08-19,31.264720049999998,14.9188206,17.69369993,67.32283488000002
2004-08-20,32.6287476,15.5383476,17.850786539999998,57.48031513
2004-08-21,28.53666495,15.2285841,11.88149536,82.28346490000001
2004-08-22,27.09466245,13.590042,11.56732214,75.59055147000001
2004-08-23,27.4653105,14.26831725,16.59409366,68.89763804
2004-08-24,29.271552149999998,13.4575914,16.43700705,65.74803172000001
2004-08-25,32.8658769,16.5530901,16.43700705,62.99212619
2004-08-26,28.817588399999998,19.75006305,8.89684977,72.44094515
2004-08-27,27.28265685,19.09421895,9.21102299,76.77165384000001
2004-08-28,28.1831073,18.75027465,18.32204637,77.95275621000002
2004-08-29,29.995757849999997,14.3292018,19.10747942,63.77952777000001
2004-08-30,32.12564895,13.8827151,20.3641723,54.330708810000004
2004-08-31,33.62105895,15.2926731,20.835432129999997,49.606299330000006
2004-09-01,34.777865399999996,16.51570485,20.67834552,48.818897750000005
2004-09-02,36.2390946,18.6765723,20.04999908,50.39370091
2004-09-03,34.680663749999994,20.8919154,17.37952671,51.574803280000005
2004-09-04,34.183974,18.93399645,20.67834552,51.574803280000005
2004-09-05,36.3501822,19.36980165,21.149605349999998,47.24409459
2004-09-06,36.984663299999994,18.26106195,21.149605349999998,44.88188985
2004-09-07,37.268791199999995,20.61526455,20.52125891,42.12598432
2004-09-08,37.14595395,19.8600825,20.20708569,48.42519696
2004-09-09,32.9812371,18.5142135,16.90826688,69.29133883000002
2004-09-10,33.2418657,17.73339585,18.47913298,67.71653567000001
2004-09-11,28.6595022,16.42384395,13.13818824,77.95275621000002
2004-09-12,19.7447223,13.68937995,8.11141672,88.97637833000002
2004-09-13,18.9991536,11.899160550000001,11.72440875,87.40157517000002
2004-09-14,23.694741,11.37790335,16.43700705,70.07874041000001
2004-09-15,25.603525050000002,11.57017035,15.180314169999999,62.5984254
2004-09-16,26.250823949999997,12.72377235,13.29527485,64.56692935000001
2004-09-17,25.85988105,14.2138416,13.76653468,75.59055147000001
2004-09-18,30.6313071,15.49028085,16.90826688,65.74803172000001
2004-09-19,34.4253759,18.717162,20.04999908,56.69291355
2004-09-20,32.432208,21.11943135,13.29527485,63.385826980000004
2004-09-21,35.6879292,21.9023853,16.59409366,50.39370091
2004-09-22,35.09510595,21.83616,18.16495976,55.905511970000006
2004-09-23,30.41447265,21.31169835,13.13818824,73.22834673000001
2004-09-24,33.42238304999999,14.35590555,15.49448739,66.92913409
2004-09-25,35.8972866,21.3960822,18.7933062,61.417323030000006
2004-09-26,37.772958,22.5005493,20.52125891,51.574803280000005
2004-09-27,35.9400126,23.4234309,18.7933062,52.75590565
2004-09-28,30.808619999999998,22.16621835,12.82401502,77.95275621000002
2004-09-29,27.267702749999998,18.14997435,18.007873149999998,71.65354357000001
2004-09-30,28.7940891,17.02414425,20.67834552,63.77952777000001
2004-10-01,29.4029346,16.67592735,20.835432129999997,64.56692935000001
2004-10-02,28.56443685,18.93613275,12.82401502,77.16535463000001
2004-10-03,28.98956055,17.80175745,18.63621959,74.40944910000002
2004-10-04,30.6184893,15.14847285,22.406298229999997,59.05511829
2004-10-05,31.71761565,16.5509538,25.39094382,44.48818906
2004-10-06,30.400586699999998,16.44947955,25.548030429999997,45.66929143
2004-10-07,28.7065008,13.2589155,25.548030429999997,47.63779538
2004-10-08,31.398238799999998,13.01858175,25.0767706,45.66929143
2004-10-09,33.33052215,17.1469815,15.651574,51.574803280000005
2004-10-10,29.725515899999998,19.36766535,9.52519621,85.03937043
2004-10-11,30.03634755,18.04529565,16.43700705,77.95275621000002
2004-10-12,31.87570185,21.5242602,17.37952671,68.89763804
2004-10-13,26.52854295,19.400778,10.15354265,93.30708702000001
2004-10-14,27.091458,18.1724055,15.651574,86.61417359000001
2004-10-15,28.46189445,19.62402135,14.70905434,86.61417359000001
2004-10-16,31.9152234,21.214496699999998,16.75118027,76.37795305000002
2004-10-17,27.82314075,19.7319045,11.88149536,92.91338623000001
2004-10-18,26.5830186,19.21385175,12.35275519,91.73228386000001
2004-10-19,28.2536052,17.25700095,22.24921162,68.50393725
2004-10-20,28.88915445,15.36851175,24.91968399,63.385826980000004
2004-10-21,28.88595,15.21042555,26.49055009,61.81102382
2004-10-22,31.229471099999998,17.2815684,23.03464467,68.11023646000001
2004-10-23,30.028870499999996,21.335197649999998,17.69369993,77.55905542
2004-10-24,27.77827845,19.668883649999998,14.23779451,83.46456727000002
2004-10-25,26.25296025,18.12861135,19.89291247,76.37795305000002
2004-10-26,29.5012044,13.56974715,24.76259738,60.23622066
2004-10-27,29.250189149999997,16.98569085,27.74724297,53.93700802
2004-10-28,30.670828649999997,14.6859639,27.74724297,57.874015920000005
2004-10-29,31.987857599999998,15.36637545,27.90432958,56.29921276
2004-10-30,35.96030745,18.59859735,25.39094382,60.629921450000005
2004-10-31,28.5825954,20.28627435,14.23779451,86.22047280000001
2004-11-01,29.916714749999997,18.653073,21.9350384,79.13385858000001
2004-11-02,33.0132816,20.70071655,25.548030429999997,70.07874041000001
2004-11-03,35.53518375,22.7440875,22.720471449999998,71.65354357000001
2004-11-04,31.712274899999997,20.30763735,15.023227559999999,82.67716569000001
2004-11-05,27.3819948,19.90814925,10.62480248,90.55118149000002
2004-11-06,25.59070725,18.37855845,13.60944807,85.03937043
2004-11-07,28.56443685,17.6789202,18.007873149999998,75.98425226
2004-11-08,30.483902399999998,17.49626655,23.19173128,70.86614199000002
2004-11-09,33.5259936,18.83359035,24.60551077,69.29133883000002
2004-11-10,29.1017163,19.55779605,10.9389757,92.12598465
2004-11-11,24.85795635,18.5740299,14.394881119999999,74.80314989000001
2004-11-12,25.96455975,14.914548,26.17637687,71.25984278000001
2004-11-13,29.868648,15.1239054,28.37558941,62.99212619
2004-11-14,32.53795485,19.01303955,24.91968399,64.17322856000001
2004-11-15,27.4268571,19.6656792,11.56732214,90.94488228000002
2004-11-16,25.63984215,19.8194928,10.46771587,92.51968544000002
2004-11-17,29.01519615,21.26469975,16.12283383,81.49606332000002
2004-11-18,30.153844049999996,18.78231915,22.09212501,57.086614340000004
2004-11-19,29.37409455,17.3328396,28.06141619,58.661417500000006
2004-11-20,29.95730445,15.47532675,28.846849239999997,56.29921276
2004-11-21,31.54457535,16.5680442,28.37558941,58.26771671
2004-11-22,31.98892575,17.9181858,29.003935849999998,57.48031513
2004-11-23,33.78341775,18.31660575,29.003935849999998,57.874015920000005
2004-11-24,35.46041325,21.4110363,25.548030429999997,59.44881908
2004-11-25,34.66143705,22.57852425,18.63621959,68.11023646000001
2004-11-26,32.5262052,22.3745076,18.32204637,72.83464594000002
2004-11-27,28.732136399999998,21.1034091,11.56732214,90.15748070000001
2004-11-28,29.7896049,21.1653618,19.26456603,80.70866174000001
2004-11-29,32.2506225,19.960488599999998,26.80472331,67.71653567000001
2004-11-30,32.643701699999994,21.08311425,26.33346348,65.35433093000002
2004-12-01,33.0560076,21.71759535,27.275983139999997,63.77952777000001
2004-12-02,32.6842914,20.422997549999998,28.37558941,63.385826980000004
2004-12-03,32.939579249999994,20.1613008,28.37558941,63.77952777000001
2004-12-04,34.0707501,22.0626078,19.73582586,75.59055147000001
2004-12-05,33.628536,21.9023853,19.10747942,78.34645700000002
2004-12-06,33.42451935,22.3232364,18.47913298,81.10236253000001
2004-12-07,31.45698705,20.1805275,15.023227559999999,83.85826806000001
2004-12-08,30.3343614,21.12584025,16.12283383,83.46456727000002
2004-12-09,30.273476849999998,20.256366149999998,17.2224401,82.67716569000001
2004-12-10,30.872709,20.31618255,25.548030429999997,70.4724412
2004-12-11,28.94469825,17.755827,28.06141619,66.53543330000001
2004-12-12,31.210244399999997,17.1747534,27.433069749999998,65.35433093000002
2004-12-13,34.522577549999994,18.03461415,28.06141619,61.02362224
2004-12-14,34.2032007,19.46807145,28.689762629999997,60.629921450000005
2004-12-15,35.323690049999996,21.2209056,27.90432958,59.05511829
2004-12-16,33.75564584999999,22.3467357,19.89291247,80.70866174000001
2004-12-17,32.69604105,21.94404315,20.20708569,76.37795305000002
2004-12-18,32.3595738,22.840221,20.04999908,75.59055147000001
2004-12-19,33.215161949999995,22.284782999999997,23.977164329999997,76.77165384000001
2004-12-20,30.8641638,20.4710643,16.59409366,80.31496095000001
2004-12-21,30.4198134,21.414240749999998,19.421652639999998,75.59055147000001
2004-12-22,25.69324965,18.24183525,12.66692841,84.64566964000001
2004-12-23,26.042534699999997,17.5956045,12.66692841,82.67716569000001
2004-12-24,30.648397499999998,17.5272429,24.291337549999998,72.44094515
2004-12-25,32.47172955,18.7705695,21.149605349999998,73.62204752000001
2004-12-26,31.4089203,20.47213245,21.62086518,70.4724412
2004-12-27,31.6823667,19.72870005,29.31810907,58.661417500000006
2004-12-28,33.364702949999995,17.72271435,29.7893689,54.7244096
2004-12-29,34.4916012,19.467003300000002,24.44842416,68.11023646000001
2004-12-30,34.8718626,22.637272499999998,22.09212501,72.04724436000001
2004-12-31,35.04597105,23.374296,22.24921162,70.07874041000001
2005-01-01,35.66977065,22.669317,24.76259738,62.99212619
2005-01-02,33.528129899999996,22.9619901,18.7933062,80.70866174000001
2005-01-03,27.467446799999998,22.19185395,10.78188909,94.88189018000001
2005-01-04,29.60267865,22.1031975,19.578739249999998,83.07086648
2005-01-05,31.80947655,21.926952749999998,20.67834552,85.82677201000001
2005-01-06,31.8468618,22.45248255,20.835432129999997,87.00787438000002
2005-01-07,33.80264445,22.4044158,25.705117039999998,79.52755937
2005-01-08,34.514032349999994,23.312343300000002,24.76259738,79.13385858000001
2005-01-09,32.6586558,22.89683295,17.37952671,86.61417359000001
2005-01-10,31.30103715,23.1841653,14.55196773,88.97637833000002
2005-01-11,32.67895065,21.537078,20.992518739999998,82.67716569000001
2005-01-12,32.24955435,22.86051585,19.578739249999998,80.70866174000001
2005-01-13,33.5473566,21.3832644,23.66299111,71.25984278000001
2005-01-14,33.568719599999994,21.10661355,26.6476367,70.07874041000001
2005-01-15,33.884891999999994,22.007064,20.04999908,81.49606332000002
2005-01-16,30.74773545,21.045729,20.835432129999997,78.74015779000001
2005-01-17,29.263006949999998,18.96604095,16.90826688,85.82677201000001
2005-01-18,30.96777435,20.4838821,16.43700705,86.22047280000001
2005-01-19,30.6056715,21.664187849999998,16.279920439999998,85.43307122000002
2005-01-20,31.46339595,22.03163145,21.30669196,75.19685068000001
2005-01-21,33.7652592,20.381339699999998,27.590156359999998,74.01574831
2005-01-22,32.5667949,22.201467299999997,20.04999908,83.85826806000001
2005-01-23,31.308514199999998,22.13203755,16.12283383,90.55118149000002
2005-01-24,28.8368151,21.814797,14.0807079,90.94488228000002
2005-01-25,30.3023169,21.797706599999998,18.95039281,85.43307122000002
2005-01-26,29.185032,18.78872805,23.34881789,75.59055147000001
2005-01-27,26.263641749999998,18.2429034,16.279920439999998,81.88976411000002
2005-01-28,27.441811199999997,18.56655285,12.66692841,88.58267754
2005-01-29,30.3899052,20.951731799999997,17.06535349,86.22047280000001
2005-01-30,31.57021095,21.381128099999998,20.3641723,81.49606332000002
2005-01-31,32.98016895,21.510374249999998,21.9350384,78.34645700000002
2005-02-01,30.1720026,20.36104485,21.9350384,78.74015779000001
2005-02-02,29.504408849999997,20.11750665,18.7933062,81.10236253000001
2005-02-03,31.3234683,20.3471589,20.52125891,78.74015779000001
2005-02-04,32.01883395,21.72400425,18.7933062,77.95275621000002
2005-02-05,32.3702553,22.519776,23.19173128,75.59055147000001
2005-02-06,32.189737949999994,21.5563047,24.291337549999998,73.22834673000001
2005-02-07,31.4900997,21.339470249999998,25.39094382,71.25984278000001
2005-02-08,31.7742276,19.4093232,27.118896529999997,66.92913409
2005-02-09,32.26023585,19.528956,27.590156359999998,61.417323030000006
2005-02-10,32.4300717,19.14762645,24.44842416,65.74803172000001
2005-02-11,33.45976829999999,20.88230205,27.275983139999997,60.23622066
2005-02-12,31.0970205,18.9265194,26.96180992,63.77952777000001
2005-02-13,32.27732625,20.18800455,26.96180992,62.20472461000001
2005-02-14,33.7503051,20.0651673,26.6476367,60.23622066
2005-02-15,34.1134761,21.1418625,24.60551077,60.629921450000005
2005-02-16,34.86011295,21.5050335,24.134250939999998,61.81102382
2005-02-17,36.3907719,21.0286386,24.76259738,60.629921450000005
2005-02-18,36.823372649999996,22.3616898,26.01929026,59.44881908
2005-02-19,37.16731695,22.32003195,26.6476367,57.086614340000004
2005-02-20,37.4482404,22.46743665,25.862203649999998,55.905511970000006
2005-02-21,36.964368449999995,21.6780738,24.91968399,55.118110390000005
2005-02-22,36.03721425,22.876538099999998,20.67834552,63.385826980000004
2005-02-23,37.073319749999996,23.22155055,20.04999908,64.56692935000001
2005-02-24,36.65246865,24.484103849999997,15.651574,61.417323030000006
2005-02-25,34.84943145,24.593055149999998,13.29527485,76.37795305000002
2005-02-26,32.207896500000004,22.47170925,15.023227559999999,80.31496095000001
2005-02-27,34.17008805,21.885294899999998,23.34881789,72.44094515
2005-02-28,35.8823325,21.7464354,24.76259738,59.842519870000004
2005-03-01,35.731723349999996,22.87333365,24.76259738,53.54330723
2005-03-02,34.039773749999995,20.9325051,21.77795179,67.71653567000001
2005-03-03,33.01221345,20.122847399999998,24.60551077,67.32283488000002
2005-03-04,32.8081968,19.14549015,25.0767706,63.385826980000004
2005-03-05,33.6306723,19.91242185,25.39094382,56.29921276
2005-03-06,33.643490099999994,18.5718936,25.705117039999998,58.661417500000006
2005-03-07,35.2115343,19.8664914,25.39094382,55.51181118
2005-03-08,37.32113055,20.4326109,24.134250939999998,56.29921276
2005-03-09,36.068190599999994,22.28585115,19.421652639999998,64.56692935000001
2005-03-10,37.17158954999999,23.655219449999997,20.835432129999997,62.5984254
2005-03-11,37.65866595,23.5921986,22.09212501,61.81102382
2005-03-12,38.919082949999996,24.0450942,22.87755806,59.05511829
2005-03-13,31.7785002,23.784465599999997,13.29527485,88.18897675000001
2005-03-14,27.70778055,20.048076899999998,14.55196773,79.92126016000002
2005-03-15,29.3495271,17.606286,17.06535349,77.16535463000001
2005-03-16,32.356369349999994,18.2300856,21.46377857,67.71653567000001
2005-03-17,34.4296485,20.4240657,23.66299111,63.385826980000004
2005-03-18,34.83874994999999,23.30272995,22.563384839999998,63.77952777000001
2005-03-19,35.5747053,21.62359815,22.24921162,59.05511829
2005-03-20,35.27669145,20.91648285,23.5059045,66.14173251000001
2005-03-21,33.54628845,22.26876075,20.20708569,75.19685068000001
2005-03-22,31.16645025,23.367887099999997,13.29527485,84.64566964000001
2005-03-23,29.9049651,21.5712588,13.29527485,83.46456727000002
2005-03-24,30.150639599999998,20.4432924,16.59409366,83.46456727000002
2005-03-25,31.8618159,20.3492952,20.67834552,76.37795305000002
2005-03-26,33.2375931,21.89063565,21.62086518,64.96063014
2005-03-27,33.123301049999995,20.71353435,21.77795179,60.629921450000005
2005-03-28,33.3209088,20.06196285,22.563384839999998,63.385826980000004
2005-03-29,34.6582326,20.5714704,20.992518739999998,61.02362224
2005-03-30,33.7246695,23.26214025,13.29527485,70.4724412
2005-03-31,34.119885,23.3614782,13.60944807,72.83464594000002
2005-04-01,34.43712555,23.44372575,17.850786539999998,66.92913409
2005-04-02,32.0925363,23.51849625,9.05393638,82.67716569000001
2005-04-03,31.0179774,21.951520199999997,13.60944807,88.58267754
2005-04-04,30.80114295,21.6524382,16.59409366,83.46456727000002
2005-04-05,32.560385999999994,20.98270815,17.37952671,77.95275621000002
2005-04-06,34.86759,22.840221,19.578739249999998,70.86614199000002
2005-04-07,35.7413367,23.514223649999998,21.62086518,65.74803172000001
2005-04-08,34.7735928,22.803903899999998,17.69369993,67.71653567000001
2005-04-09,34.34526465,21.6097122,18.47913298,66.53543330000001
2005-04-10,34.0216152,22.60629615,20.835432129999997,65.35433093000002
2005-04-11,35.87699175,22.6586355,21.30669196,56.69291355
2005-04-12,35.56936455,21.6203937,18.95039281,55.905511970000006
2005-04-13,33.7844859,22.3980069,14.23779451,63.77952777000001
2005-04-14,35.38350645,22.93528635,18.47913298,64.17322856000001
2005-04-15,33.1927308,21.6802101,16.12283383,71.65354357000001
2005-04-16,33.0453261,19.8365832,17.53661332,69.68503962000001
2005-04-17,33.93509505,19.29289485,16.12283383,70.4724412
2005-04-18,32.968419299999994,19.5332286,13.60944807,72.04724436000001
2005-04-19,33.71291985,21.09165945,16.279920439999998,62.5984254
2005-04-20,27.4354023,19.2042384,9.99645604,86.61417359000001
2005-04-21,30.283090199999997,18.1724055,16.75118027,76.77165384000001
2005-04-22,30.9175713,18.69259455,17.850786539999998,73.22834673000001
2005-04-23,30.229682699999998,18.4223526,16.90826688,79.13385858000001
2005-04-24,27.12029805,18.98740395,9.52519621,88.97637833000002
2005-04-25,22.74942825,15.89404155,6.854723839999999,92.12598465
2005-04-26,21.08738685,13.6263591,9.68228282,85.82677201000001
2005-04-27,23.13823485,14.7885063,8.73976316,88.58267754
2005-04-28,23.05919175,16.0959219,8.89684977,90.55118149000002
2005-04-29,21.8425689,16.22089545,7.325983669999999,93.30708702000001
2005-04-30,25.5020508,13.46934105,17.53661332,78.74015779000001
2005-05-01,26.5766097,13.6947207,17.850786539999998,72.44094515
2005-05-02,26.430273149999998,13.03780845,18.32204637,72.04724436000001
2005-05-03,27.730211699999998,14.3975634,18.007873149999998,73.22834673000001
2005-05-04,29.80562715,16.0831041,18.007873149999998,68.50393725
2005-05-05,30.08120985,16.6620414,17.2224401,66.92913409
2005-05-06,28.4650989,16.2262362,10.9389757,71.65354357000001
2005-05-07,26.7987849,16.2433266,11.41023553,81.10236253000001
2005-05-08,24.371948099999997,18.5612121,7.01181045,82.28346490000001
2005-05-09,28.0869738,17.5272429,11.72440875,74.40944910000002
2005-05-10,31.428147,17.290113599999998,17.06535349,68.89763804
2005-05-11,31.37580765,19.22666955,14.394881119999999,72.04724436000001
2005-05-12,32.2143054,20.4176568,14.23779451,66.53543330000001
2005-05-13,32.8295598,19.1508309,16.90826688,64.17322856000001
2005-05-14,32.62127055,19.8664914,16.90826688,65.74803172000001
2005-05-15,31.5328257,19.41680025,14.0807079,64.56692935000001
2005-05-16,30.2937717,20.74557885,10.46771587,77.95275621000002
2005-05-17,31.3533765,20.256366149999998,13.92362129,75.59055147000001
2005-05-18,32.08719555,20.9111421,14.23779451,70.86614199000002
2005-05-19,31.55525685,21.18138405,12.35275519,70.86614199000002
2005-05-20,29.754355949999997,21.1162269,11.09606231,69.68503962000001
2005-05-21,25.417666949999997,14.83230045,8.42558994,86.61417359000001
2005-05-22,20.68362615,10.030966200000002,10.78188909,73.22834673000001
2005-05-23,23.37963675,10.274504400000001,9.83936943,88.58267754
2005-05-24,24.909227549999997,15.79790805,7.325983669999999,92.91338623000001
2005-05-25,22.96519455,15.06942975,13.92362129,79.13385858000001
2005-05-26,23.747080349999997,9.8258814,14.70905434,74.40944910000002
2005-05-27,25.9912635,11.5413303,15.651574,74.40944910000002
2005-05-28,28.052793,15.2456745,15.808660609999999,73.22834673000001
2005-05-29,29.01946875,16.54347675,15.651574,74.40944910000002
2005-05-30,27.9395691,17.9673207,11.25314892,81.88976411000002
2005-05-31,27.175841849999998,17.60308155,9.05393638,82.28346490000001
2005-06-01,27.70350795,18.6253011,9.05393638,81.10236253000001
2005-06-02,28.6274577,18.41808,13.60944807,77.95275621000002
2005-06-03,29.88680655,18.6616182,15.33740078,77.16535463000001
2005-06-04,29.79067305,18.414875549999998,14.86614095,75.59055147000001
2005-06-05,29.9092377,18.6018018,15.180314169999999,75.59055147000001
2005-06-06,28.898767799999998,17.5272429,14.86614095,76.37795305000002
2005-06-07,28.4010099,15.98803875,14.70905434,72.83464594000002
2005-06-08,29.80776345,16.92160185,14.394881119999999,72.44094515
2005-06-09,29.34418635,17.01987165,14.55196773,71.25984278000001
2005-06-10,29.03228655,17.4204279,12.82401502,70.07874041000001
2005-06-11,28.75243125,17.627648999999998,12.19566858,71.65354357000001
2005-06-12,28.34012535,19.22239695,9.83936943,73.62204752000001
2005-06-13,28.58579985,18.64986855,12.66692841,71.65354357000001
2005-06-14,28.5569598,19.59411315,11.56732214,79.92126016000002
2005-06-15,27.582807,19.997873849999998,10.9389757,74.80314989000001
2005-06-16,27.991908449999997,17.9288673,11.56732214,77.16535463000001
2005-06-17,28.91906265,18.24183525,10.62480248,75.19685068000001
2005-06-18,24.088888349999998,16.1877828,7.325983669999999,91.73228386000001
2005-06-19,24.84513855,17.70562395,7.325983669999999,89.76377991000001
2005-06-20,21.868204499999997,16.47084255,6.383464009999999,91.73228386000001
2005-06-21,20.4753369,12.7227042,8.11141672,89.76377991000001
2005-06-22,22.41189285,12.5325735,10.15354265,86.22047280000001
2005-06-23,24.44137785,13.8784425,11.09606231,83.07086648
2005-06-24,26.22518835,14.4360168,12.98110163,83.46456727000002
2005-06-25,26.417455349999997,14.5278777,13.29527485,77.16535463000001
2005-06-26,25.103630850000002,14.67635055,8.89684977,82.28346490000001
2005-06-27,24.9572943,16.8094461,8.11141672,77.55905542
2005-06-28,24.4360371,17.4695628,6.854723839999999,91.73228386000001
2005-06-29,26.386479,18.3945807,8.73976316,89.37007912000001
2005-06-30,29.508681449999997,18.84854445,12.5098418,87.40157517000002
2005-07-01,29.267279549999998,19.46807145,13.45236146,82.67716569000001
2005-07-02,29.778923399999996,17.6831928,14.86614095,72.04724436000001
2005-07-03,30.2446368,16.6834044,15.023227559999999,68.89763804
2005-07-04,29.0739444,17.25059205,12.35275519,74.80314989000001
2005-07-05,23.61249345,12.98653725,9.3681096,83.07086648
2005-07-06,18.7556154,7.795328250000001,12.82401502,74.80314989000001
2005-07-07,20.1356652,5.430444150000001,14.394881119999999,69.29133883000002
2005-07-08,22.210012499999998,8.3902878,14.70905434,70.4724412
2005-07-09,23.3700234,9.4990275,14.86614095,70.86614199000002
2005-07-10,24.0173223,10.2275058,15.180314169999999,69.68503962000001
2005-07-11,25.5020508,10.763717100000001,15.023227559999999,70.86614199000002
2005-07-12,26.60544975,11.95897695,14.86614095,72.44094515
2005-07-13,28.17349395,14.04400575,15.49448739,68.50393725
2005-07-14,28.0442478,14.37726855,15.33740078,66.14173251000001
2005-07-15,28.283513399999997,15.7412961,13.60944807,63.385826980000004
2005-07-16,26.358707099999997,15.44114595,9.3681096,76.77165384000001
2005-07-17,19.7682216,11.16427335,6.854723839999999,87.79527596000001
2005-07-18,16.4206395,7.4075898,11.72440875,79.92126016000002
2005-07-19,18.5419854,5.3514010500000015,15.49448739,70.4724412
2005-07-20,22.40334765,6.748541250000001,15.33740078,69.29133883000002
2005-07-21,22.043381099999998,12.6137529,7.95433011,87.00787438000002
2005-07-22,23.92439325,15.81286215,8.73976316,90.94488228000002
2005-07-23,18.01966005,10.932484800000001,7.7972434999999995,84.64566964000001
2005-07-24,15.0128178,8.9029998,7.95433011,90.15748070000001
2005-07-25,19.69451925,5.801092200000001,16.279920439999998,70.4724412
2005-07-26,21.2465412,7.82950905,13.45236146,73.22834673000001
2005-07-27,24.5727603,10.064078850000001,15.023227559999999,72.04724436000001
2005-07-28,28.7065008,13.727833350000001,14.70905434,70.4724412
2005-07-29,31.32026385,16.26575775,16.59409366,66.53543330000001
2005-07-30,31.65139035,17.34458925,16.75118027,57.874015920000005
2005-07-31,31.32667275,15.2755827,16.75118027,57.48031513
2005-08-01,31.03399965,16.15467015,16.90826688,61.02362224
2005-08-02,31.06604415,15.61845885,17.2224401,60.23622066
2005-08-03,30.93145725,15.2328567,17.2224401,60.629921450000005
2005-08-04,30.70714575,15.90685935,17.37952671,57.48031513
2005-08-05,31.979312399999998,16.1642835,17.2224401,56.69291355
2005-08-06,30.712486499999997,17.5891956,11.88149536,60.23622066
2005-08-07,29.23950765,16.07989965,14.86614095,64.17322856000001
2005-08-08,21.3490836,10.85023725,9.99645604,83.46456727000002
2005-08-09,16.8564447,8.1531585,13.60944807,70.86614199000002
2005-08-10,22.3445994,7.7023992,16.279920439999998,71.65354357000001
2005-08-11,24.7778451,9.112357200000002,17.06535349,63.385826980000004
2005-08-12,26.12691855,9.41250735,17.850786539999998,59.842519870000004
2005-08-13,28.513165649999998,11.2208853,18.47913298,59.05511829
2005-08-14,31.23267555,12.230287050000001,17.53661332,57.086614340000004
2005-08-15,32.89685325,13.79405865,17.69369993,54.330708810000004
2005-08-16,33.2140938,18.27387975,18.16495976,51.18110249
2005-08-17,33.83896154999999,18.37428585,14.55196773,52.362204860000006
2005-08-18,27.596692949999998,17.95343475,10.78188909,72.44094515
2005-08-19,30.550127699999997,16.38111795,16.75118027,70.07874041000001
2005-08-20,31.183540649999998,17.5080162,17.2224401,65.74803172000001
2005-08-21,31.172859149999997,18.43837485,16.59409366,60.23622066
2005-08-22,33.7503051,17.6340579,18.7933062,49.21259854
2005-08-23,34.27476675,18.45119265,16.75118027,53.54330723
2005-08-24,25.436893650000002,14.11450365,10.9389757,77.55905542
2005-08-25,22.9619901,6.94721715,19.421652639999998,55.51181118
2005-08-26,24.97118025,10.2937311,12.03858197,63.385826980000004
2005-08-27,32.02097025,14.4680613,15.808660609999999,64.56692935000001
2005-08-28,35.39205165,19.493707049999998,15.49448739,55.118110390000005
2005-08-29,35.1581268,21.997450649999998,11.09606231,51.96850407
2005-08-30,32.37773235,20.38668045,10.15354265,75.59055147000001
2005-08-31,22.20039915,15.17624475,7.7972434999999995,90.15748070000001
2005-09-01,16.12689825,11.12154735,7.483070279999999,94.88189018000001
2005-09-02,20.11537035,9.570593550000002,20.992518739999998,61.417323030000006
2005-09-03,25.1773332,8.08159245,16.75118027,61.81102382
2005-09-04,27.9096609,16.0702863,11.88149536,71.65354357000001
2005-09-05,26.60544975,14.26404465,19.10747942,70.4724412
2005-09-06,28.079496749999997,13.521680400000001,19.10747942,55.905511970000006
2005-09-07,26.4014331,14.021574600000001,14.23779451,69.29133883000002
2005-09-08,29.6806536,15.32578575,18.63621959,68.11023646000001
2005-09-09,33.106210649999994,17.5101525,18.007873149999998,63.77952777000001
2005-09-10,34.5706443,21.7421628,16.90826688,53.14960644000001
2005-09-11,29.28650625,15.3717162,7.640156889999999,85.03937043
2005-09-12,16.42811655,11.45908275,7.01181045,84.25196885000001
2005-09-13,14.00555235,10.1270997,7.01181045,91.73228386000001
2005-09-14,18.0613179,10.24352805,8.42558994,93.70078781000001
2005-09-15,21.5691225,13.00790025,10.9389757,89.76377991000001
2005-09-16,22.7569053,11.346927,14.394881119999999,81.88976411000002
2005-09-17,22.5176397,11.79448185,14.70905434,78.34645700000002
2005-09-18,22.4150973,13.7887179,10.46771587,79.52755937
2005-09-19,25.09081305,11.6139645,23.03464467,62.5984254
2005-09-20,28.7769987,10.811783850000001,20.04999908,58.26771671
2005-09-21,27.575329949999997,14.32386105,13.13818824,64.96063014
2005-09-22,24.19783965,16.47725145,8.89684977,83.07086648
2005-09-23,25.30871565,17.03268945,11.41023553,79.13385858000001
2005-09-24,21.8447052,16.52211375,7.483070279999999,95.27559097000001
2005-09-25,22.26448815,16.40034465,7.7972434999999995,89.76377991000001
2005-09-26,24.830184449999997,14.3121114,22.09212501,68.89763804
2005-09-27,27.105343949999998,13.5238167,23.5059045,66.92913409
2005-09-28,27.767596949999998,13.46293215,23.66299111,61.02362224
2005-09-29,31.652458499999998,15.52873425,23.03464467,60.629921450000005
2005-09-30,27.175841849999998,18.1083165,9.05393638,87.79527596000001
2005-10-01,25.505255249999998,16.22089545,10.15354265,85.43307122000002
2005-10-02,31.0927479,20.3364774,20.835432129999997,72.83464594000002
2005-10-03,33.16816335,20.2574343,23.82007772,66.92913409
2005-10-04,34.6219155,22.2228303,16.59409366,68.11023646000001
2005-10-05,26.95793925,17.8925502,8.42558994,90.15748070000001
2005-10-06,25.768020149999998,15.64089,11.56732214,87.00787438000002
2005-10-07,30.400586699999998,19.202102099999998,14.70905434,80.70866174000001
2005-10-08,30.2403642,20.7423744,13.13818824,84.64566964000001
2005-10-09,28.471507799999998,19.34843865,19.89291247,81.88976411000002
2005-10-10,32.4087087,18.98313135,22.24921162,70.86614199000002
2005-10-11,32.70992699999999,19.9733064,17.2224401,78.74015779000001
2005-10-12,34.12522575,18.9393372,22.406298229999997,68.89763804
2005-10-13,36.55847145,21.70905015,24.134250939999998,63.77952777000001
2005-10-14,32.781493049999995,21.93122535,13.60944807,75.98425226
2005-10-15,31.720820099999997,20.3663856,16.279920439999998,75.59055147000001
2005-10-16,29.22882615,19.43175435,12.82401502,88.58267754
2005-10-17,23.7994197,20.3898849,9.05393638,92.91338623000001
2005-10-18,25.275602999999997,19.4990478,12.03858197,89.76377991000001
2005-10-19,28.29526305,18.4928505,21.30669196,79.92126016000002
2005-10-20,25.5917754,18.6787086,15.180314169999999,84.25196885000001
2005-10-21,23.6776506,19.2448281,9.05393638,93.30708702000001
2005-10-22,28.829338049999997,18.94895055,14.70905434,83.46456727000002
2005-10-23,32.48881995,18.85495335,23.5059045,75.19685068000001
2005-10-24,32.1373986,20.511654,20.835432129999997,74.01574831
2005-10-25,27.675736049999998,21.510374249999998,9.3681096,88.58267754
2005-10-26,29.22241725,20.75412405,14.394881119999999,84.25196885000001
2005-10-27,31.670617049999997,21.4259904,15.49448739,85.43307122000002
2005-10-28,30.46788015,22.159809449999997,12.82401502,85.43307122000002
2005-10-29,27.355291049999998,19.133740500000002,15.96574722,83.85826806000001
2005-10-30,28.050656699999998,17.95557105,17.06535349,77.55905542
2005-10-31,26.64390315,14.64216975,25.862203649999998,65.35433093000002
2005-11-01,29.2576662,14.5193325,26.49055009,60.629921450000005
2005-11-02,30.775507349999998,16.9760775,25.548030429999997,65.35433093000002
2005-11-03,31.40357955,17.4332457,22.24921162,75.59055147000001
2005-11-04,30.7680303,19.2683274,21.30669196,76.77165384000001
2005-11-05,29.483045849999996,19.7361771,13.45236146,78.34645700000002
2005-11-06,32.7163359,20.285206199999998,23.5059045,68.11023646000001
2005-11-07,31.600119149999998,20.50417695,20.04999908,72.83464594000002
2005-11-08,30.596058149999998,19.2597822,23.977164329999997,72.83464594000002
2005-11-09,25.8823122,18.34865025,16.90826688,83.07086648
2005-11-10,31.047885599999997,18.12006615,23.977164329999997,70.4724412
2005-11-11,28.88915445,18.590052149999998,18.63621959,70.86614199000002
2005-11-12,31.764614249999997,18.14142915,27.590156359999998,62.5984254
2005-11-13,33.13398255,18.5868477,27.74724297,57.874015920000005
2005-11-14,34.769320199999996,19.63683915,26.49055009,53.14960644000001
2005-11-15,36.4804965,19.9305804,27.118896529999997,55.905511970000006
2005-11-16,35.81717535,21.22411005,18.7933062,70.07874041000001
2005-11-17,29.324959649999997,21.2337234,12.19566858,84.64566964000001
2005-11-18,33.957526200000004,19.960488599999998,23.34881789,72.44094515
2005-11-19,30.765894,21.4751253,19.10747942,80.31496095000001
2005-11-20,34.11027165,21.5199876,27.590156359999998,63.77952777000001
2005-11-21,34.0814316,20.3471589,27.590156359999998,63.77952777000001
2005-11-22,31.102361249999998,21.510374249999998,13.45236146,75.19685068000001
2005-11-23,33.114755849999995,21.38433255,25.862203649999998,73.22834673000001
2005-11-24,30.060915,21.77313915,11.72440875,87.79527596000001
2005-11-25,30.8769816,20.9495955,22.87755806,70.4724412
2005-11-26,30.68578275,18.78018285,24.91968399,70.4724412
2005-11-27,31.58089245,16.40461725,28.846849239999997,60.629921450000005
2005-11-28,32.77722045,19.9968057,26.33346348,63.385826980000004
2005-11-29,33.85391565,21.8297511,23.82007772,75.19685068000001
2005-11-30,33.18525375,22.3958706,21.46377857,79.52755937
2005-12-01,33.0325083,22.89683295,21.30669196,74.40944910000002
2005-12-02,30.88018605,22.3168275,18.16495976,76.37795305000002
2005-12-03,29.190372749999998,19.202102099999998,20.992518739999998,75.19685068000001
2005-12-04,31.4943723,19.528956,22.406298229999997,74.80314989000001
2005-12-05,31.1781999,22.14058275,18.16495976,86.61417359000001
2005-12-06,28.522779,21.47619345,11.72440875,87.79527596000001
2005-12-07,30.058778699999998,17.9395488,29.31810907,65.35433093000002
2005-12-08,31.108770149999998,16.38752685,29.31810907,70.07874041000001
2005-12-09,32.86053615,20.3856123,25.548030429999997,71.65354357000001
2005-12-10,34.28331195,21.558441,23.977164329999997,67.32283488000002
2005-12-11,31.5285531,20.26277505,28.2185028,66.92913409
2005-12-12,31.560597599999998,19.577022749999998,28.37558941,66.53543330000001
2005-12-13,32.6757462,19.54070565,28.37558941,64.17322856000001
2005-12-14,33.390338549999996,20.26063875,28.846849239999997,63.77952777000001
2005-12-15,33.8079852,20.5928334,26.6476367,61.417323030000006
2005-12-16,35.4144828,20.6120601,27.275983139999997,55.51181118
2005-12-17,30.88659495,21.7763436,16.12283383,80.70866174000001
2005-12-18,32.6565195,20.51485845,25.548030429999997,74.40944910000002
2005-12-19,31.342695,19.678497,18.7933062,83.07086648
2005-12-20,30.4262223,19.5417738,16.75118027,77.55905542
2005-12-21,34.0002522,20.7722826,25.23385721,72.44094515
2005-12-22,34.35380985,21.77527545,24.91968399,70.07874041000001
2005-12-23,34.81738695,22.03590405,24.134250939999998,71.25984278000001
2005-12-24,33.23438865,21.58728105,18.63621959,77.95275621000002
2005-12-25,32.9171481,20.86521165,26.6476367,68.50393725
2005-12-26,32.6650647,20.048076899999998,28.2185028,65.35433093000002
2005-12-27,33.9382995,21.05106975,26.96180992,61.81102382
2005-12-28,33.7246695,21.6716649,28.06141619,60.23622066
2005-12-29,33.12757365,21.5242602,23.5059045,60.629921450000005
2005-12-30,34.69134525,20.7487833,24.91968399,61.81102382
2005-12-31,33.09125655,21.414240749999998,19.89291247,80.70866174000001
2006-01-01,29.84835315,22.0113366,15.808660609999999,85.03937043
2006-01-02,32.1416712,22.2676926,22.24921162,84.64566964000001
2006-01-03,32.578544550000004,22.412961,20.835432129999997,77.95275621000002
2006-01-04,33.485403899999994,22.1501961,24.76259738,68.89763804
2006-01-05,32.197215,19.13053605,23.977164329999997,72.44094515
2006-01-06,33.41383785,20.1655734,26.80472331,69.29133883000002
2006-01-07,33.94150395,21.4259904,27.74724297,68.50393725
2006-01-08,33.80905335,21.705845699999998,21.62086518,75.19685068000001
2006-01-09,33.911595750000004,21.4259904,23.03464467,76.37795305000002
2006-01-10,35.0961741,23.130757799999998,29.003935849999998,63.77952777000001
2006-01-11,34.49266935,22.51870785,26.80472331,69.68503962000001
2006-01-12,33.38392965,20.3898849,26.6476367,74.80314989000001
2006-01-13,33.2546835,21.109818,21.149605349999998,72.44094515
2006-01-14,34.6582326,21.7357539,23.5059045,70.4724412
2006-01-15,36.7133532,22.681066649999998,28.06141619,57.874015920000005
2006-01-16,37.1619762,23.61890235,28.06141619,57.48031513
2006-01-17,36.256185,23.5815171,23.5059045,61.02362224
2006-01-18,33.0752343,22.4236425,20.04999908,70.07874041000001
2006-01-19,31.4900997,21.33306135,16.90826688,81.10236253000001
2006-01-20,34.0643412,20.5501074,24.291337549999998,76.37795305000002
2006-01-21,33.8592564,21.5968944,17.53661332,78.74015779000001
2006-01-22,33.9511173,20.82462195,20.3641723,74.01574831
2006-01-23,30.8470734,22.0326996,15.023227559999999,79.52755937
2006-01-24,33.60396855,21.01902525,15.651574,75.59055147000001
2006-01-25,32.347824149999994,21.3341295,15.33740078,83.07086648
2006-01-26,28.8304062,20.85880275,15.651574,87.00787438000002
2006-01-27,31.82015805,20.79898635,19.89291247,83.07086648
2006-01-28,30.99340995,21.77741175,18.7933062,84.25196885000001
2006-01-29,31.64711775,20.4390198,18.7933062,82.28346490000001
2006-01-30,33.179913,19.51934265,25.23385721,76.37795305000002
2006-01-31,34.243790399999995,20.76801,28.37558941,64.96063014
2006-02-01,34.9914954,21.82441035,28.846849239999997,63.77952777000001
2006-02-02,35.5640238,21.845773349999998,28.689762629999997,61.417323030000006
2006-02-03,36.6300375,21.9023853,27.433069749999998,62.99212619
2006-02-04,36.75073845,22.3445994,24.91968399,68.11023646000001
2006-02-05,35.6729751,22.78574535,21.77795179,73.22834673000001
2006-02-06,35.5148889,21.876749699999998,22.24921162,75.19685068000001
2006-02-07,33.568719599999994,21.5691225,22.563384839999998,77.95275621000002
2006-02-08,34.390126949999996,21.69623235,20.992518739999998,78.74015779000001
2006-02-09,30.008575649999997,21.73895835,12.82401502,88.18897675000001
2006-02-10,32.4343443,20.747715149999998,23.977164329999997,67.32283488000002
2006-02-11,31.45271445,19.3922328,24.60551077,68.89763804
2006-02-12,31.760341649999997,20.87589315,21.62086518,72.04724436000001
2006-02-13,33.8314845,21.30742575,22.406298229999997,74.01574831
2006-02-14,34.643278499999994,21.42492225,21.149605349999998,68.50393725
2006-02-15,30.12179955,21.31383465,11.09606231,85.82677201000001
2006-02-16,30.333293249999997,20.7402381,16.75118027,86.61417359000001
2006-02-17,32.91821625,21.409968149999997,21.77795179,79.52755937
2006-02-18,32.30937075,21.32237985,20.67834552,79.52755937
2006-02-19,31.926973049999997,20.28841065,20.04999908,81.49606332000002
2006-02-20,32.92889775,21.06816015,23.19173128,76.77165384000001
2006-02-21,34.207473300000004,21.6973005,25.0767706,70.07874041000001
2006-02-22,30.8855268,19.96369305,15.808660609999999,83.07086648
2006-02-23,32.79217455,19.8429921,20.835432129999997,81.88976411000002
2006-02-24,28.162812449999997,20.9410503,13.45236146,86.61417359000001
2006-02-25,27.226044899999998,18.05384085,21.30669196,74.01574831
2006-02-26,30.082278,17.050848,21.9350384,68.50393725
2006-02-27,32.448230249999995,19.050424800000002,21.149605349999998,75.19685068000001
2006-02-28,34.95197385,20.32900035,22.09212501,72.04724436000001
2006-03-01,33.14466405,23.06132805,19.89291247,77.95275621000002
2006-03-02,34.102794599999996,21.86713635,20.992518739999998,74.01574831
2006-03-03,34.077158999999995,22.67465775,20.04999908,75.98425226
2006-03-04,33.6584442,21.6246663,17.69369993,78.34645700000002
2006-03-05,31.503985649999997,22.3659624,17.06535349,82.28346490000001
2006-03-06,33.1970034,20.75412405,18.47913298,81.49606332000002
2006-03-07,33.37752075,20.6633313,22.406298229999997,75.59055147000001
2006-03-08,35.157058649999996,21.1568166,21.77795179,73.22834673000001
2006-03-09,31.63002735,20.99125335,12.98110163,85.82677201000001
2006-03-10,32.910739199999995,19.8237654,23.82007772,71.25984278000001
2006-03-11,32.2869396,20.4197931,24.76259738,68.50393725
2006-03-12,32.44609395,20.0972118,24.134250939999998,68.50393725
2006-03-13,33.5900826,20.92075545,23.19173128,66.92913409
2006-03-14,34.4873286,20.99125335,22.720471449999998,69.68503962000001
2006-03-15,34.8163188,21.13652175,22.720471449999998,69.29133883000002
2006-03-16,35.3653479,21.7528443,23.66299111,64.96063014
2006-03-17,34.71911715,20.9474592,22.563384839999998,66.53543330000001
2006-03-18,32.0925363,21.9921099,15.49448739,81.49606332000002
2006-03-19,33.2824554,21.2401323,17.850786539999998,79.13385858000001
2006-03-20,32.43327615,21.0500016,17.2224401,79.52755937
2006-03-21,33.09980175,20.8299627,16.90826688,79.92126016000002
2006-03-22,32.4215265,21.90131715,15.808660609999999,80.31496095000001
2006-03-23,31.5905058,21.37151475,13.29527485,85.43307122000002
2006-03-24,33.12650549999999,21.04038825,18.16495976,81.10236253000001
2006-03-25,27.3990852,20.539425899999998,7.7972434999999995,93.70078781000001
2006-03-26,28.750294949999997,20.1078933,14.23779451,85.43307122000002
2006-03-27,29.554611899999998,19.77783495,15.49448739,80.31496095000001
2006-03-28,30.6441249,20.4347472,14.70905434,82.67716569000001
2006-03-29,29.50227255,20.85239385,17.2224401,79.13385858000001
2006-03-30,30.675101249999997,16.2326451,21.77795179,68.50393725
2006-03-31,31.79238615,17.17795785,20.835432129999997,70.86614199000002
2006-04-01,32.2848033,17.1854349,21.9350384,70.07874041000001
2006-04-02,32.49736515,18.0292734,21.62086518,68.89763804
2006-04-03,31.64925405,18.12861135,16.279920439999998,71.25984278000001
2006-04-04,30.495652049999997,19.53216045,16.279920439999998,70.86614199000002
2006-04-05,26.996392649999997,19.01090325,9.05393638,89.37007912000001
2006-04-06,27.858389699999996,19.6849059,9.3681096,89.76377991000001
2006-04-07,29.916714749999997,19.99146495,15.96574722,85.03937043
2006-04-08,31.7763639,20.0096235,19.10747942,80.70866174000001
2006-04-09,28.16067615,20.1890727,13.29527485,87.40157517000002
2006-04-10,28.2984675,17.60308155,18.16495976,77.55905542
2006-04-11,29.0226732,17.6511483,18.16495976,72.83464594000002
2006-04-12,30.037415699999997,17.7045558,19.578739249999998,69.29133883000002
2006-04-13,31.61934585,17.285841,20.04999908,70.4724412
2006-04-14,31.97183535,19.12626345,15.33740078,72.44094515
2006-04-15,26.71012845,19.4135958,8.11141672,88.58267754
2006-04-16,26.5894275,18.29097015,9.68228282,85.03937043
2006-04-17,25.852404,14.70839505,11.56732214,79.52755937
2006-04-18,26.621471999999997,14.53535475,17.69369993,75.98425226
2006-04-19,27.625532999999997,14.85793605,19.89291247,71.25984278000001
2006-04-20,29.3943894,15.78081765,19.89291247,70.4724412
2006-04-21,29.0077191,18.2813568,14.0807079,81.49606332000002
2006-04-22,30.02993865,17.3841108,18.007873149999998,76.77165384000001
2006-04-23,31.508258249999997,17.06259765,18.63621959,73.62204752000001
2006-04-24,32.6223387,18.26319825,19.10747942,68.50393725
2006-04-25,32.574271949999996,18.9243831,17.06535349,70.86614199000002
2006-04-26,30.9602973,18.51955425,17.06535349,72.04724436000001
2006-04-27,30.108981749999998,17.77612185,16.90826688,68.89763804
2006-04-28,29.8408761,15.6302085,18.63621959,65.74803172000001
2006-04-29,30.3236799,17.03055315,18.007873149999998,70.4724412
2006-04-30,30.2724087,17.97052515,14.55196773,72.44094515
2006-05-01,25.65693255,16.05426405,15.96574722,68.11023646000001
2006-05-02,21.1931337,9.0674949,16.279920439999998,65.35433093000002
2006-05-03,21.4964883,7.982254500000001,17.37952671,66.92913409
2006-05-04,23.88380355,9.6549774,16.279920439999998,68.89763804
2006-05-05,25.5661398,9.8194725,17.37952671,65.35433093000002
2006-05-06,26.37259305,12.11919945,16.59409366,66.14173251000001
2006-05-07,25.7605431,13.5750879,15.49448739,69.29133883000002
2006-05-08,24.49905795,12.92244825,15.651574,70.86614199000002
2006-05-09,23.3166159,11.6267823,16.12283383,73.22834673000001
2006-05-10,23.9190525,11.181363750000001,14.55196773,74.01574831
2006-05-11,24.6795753,11.4921954,16.90826688,67.71653567000001
2006-05-12,25.4828241,11.17922745,14.394881119999999,64.17322856000001
2006-05-13,25.726362299999998,9.9668772,17.06535349,61.81102382
2006-05-14,26.23159725,10.62592575,16.75118027,66.92913409
2006-05-15,26.06069325,11.3277003,15.180314169999999,66.92913409
2006-05-16,26.800921199999998,12.31787535,15.96574722,67.32283488000002
2006-05-17,27.725939099999998,12.6586152,16.12283383,67.32283488000002
2006-05-18,28.96606125,12.67036485,15.33740078,62.5984254
2006-05-19,25.58216205,14.829096,7.7972434999999995,83.85826806000001
2006-05-20,20.32472775,14.77248405,5.91220418,92.12598465
2006-05-21,21.62146185,13.803672,8.58267655,88.58267754
2006-05-22,21.85004595,11.5092858,10.46771587,76.37795305000002
2006-05-23,22.9961709,10.4624988,12.5098418,76.77165384000001
2006-05-24,24.3527214,11.723983950000001,13.92362129,80.31496095000001
2006-05-25,26.838306449999997,13.52915745,15.49448739,77.16535463000001
2006-05-26,28.0827012,13.3358223,15.023227559999999,75.98425226
2006-05-27,30.33115695,15.00320445,15.33740078,74.40944910000002
2006-05-28,30.71355465,16.3287786,14.86614095,69.29133883000002
2006-05-29,30.210456,16.5829983,15.023227559999999,62.5984254
2006-05-30,30.4326312,15.8780193,13.60944807,64.17322856000001
2006-05-31,28.237582949999997,17.23563795,10.31062926,74.80314989000001
2006-06-01,29.83980795,16.4462751,14.86614095,70.07874041000001
2006-06-02,26.86180575,16.44947955,12.98110163,70.86614199000002
2006-06-03,28.1104731,14.74471215,12.98110163,62.5984254
2006-06-04,23.79621525,17.6020134,5.7551175699999995,87.40157517000002
2006-06-05,24.14229585,16.60542945,8.73976316,88.97637833000002
2006-06-06,27.46637865,16.28284815,11.09606231,80.31496095000001
2006-06-07,30.14529885,17.6447394,14.70905434,69.29133883000002
2006-06-08,29.9135103,16.21448655,14.86614095,59.842519870000004
2006-06-09,29.2598025,14.83230045,15.023227559999999,61.417323030000006
2006-06-10,26.76139965,15.82567995,8.89684977,79.92126016000002
2006-06-11,23.8934169,15.5276661,12.66692841,77.55905542
2006-06-12,26.05642065,11.76670995,13.45236146,72.83464594000002
2006-06-13,28.2856497,14.5449681,14.394881119999999,73.62204752000001
2006-06-14,29.9476911,16.40888985,14.394881119999999,66.53543330000001
2006-06-15,29.3367093,15.41978295,12.98110163,63.77952777000001
2006-06-16,27.838094849999997,15.7348872,13.76653468,62.20472461000001
2006-06-17,26.871419099999997,15.17624475,12.03858197,67.71653567000001
2006-06-18,26.78062635,15.5511654,11.41023553,68.50393725
2006-06-19,29.495863649999997,15.3567621,14.394881119999999,62.5984254
2006-06-20,29.96798595,17.7835989,11.25314892,61.417323030000006
2006-06-21,27.81032295,18.14783805,9.3681096,72.83464594000002
2006-06-22,29.03015025,18.0463638,12.03858197,70.07874041000001
2006-06-23,29.7426063,17.98761555,11.72440875,66.92913409
2006-06-24,29.2149402,16.3565505,13.60944807,65.74803172000001
2006-06-25,29.191440899999996,16.1066034,12.82401502,66.53543330000001
2006-06-26,22.05940335,13.65519915,10.9389757,75.19685068000001
2006-06-27,19.21385175,8.8025937,12.5098418,74.01574831
2006-06-28,21.126908399999998,7.925642550000001,15.023227559999999,69.29133883000002
2006-06-29,18.610347,11.2913832,8.89684977,83.85826806000001
2006-06-30,23.9404155,10.75196745,10.9389757,79.52755937
2006-07-01,20.4240657,14.7714159,6.069290789999999,90.15748070000001
2006-07-02,23.45867985,13.0965567,10.62480248,87.00787438000002
2006-07-03,25.796860199999998,13.312323,13.76653468,80.31496095000001
2006-07-04,27.24847605,14.4317442,13.76653468,76.37795305000002
2006-07-05,27.813527399999998,15.3802614,13.92362129,72.04724436000001
2006-07-06,27.9523869,14.02477905,14.86614095,67.32283488000002
2006-07-07,29.8558302,14.03546055,15.023227559999999,62.99212619
2006-07-08,31.21772145,16.24653105,14.394881119999999,60.23622066
2006-07-09,30.111118049999998,18.798341399999998,11.25314892,77.16535463000001
2006-07-10,28.3646928,16.34907345,12.98110163,81.49606332000002
2006-07-11,30.782984399999997,18.1382247,14.55196773,72.44094515
2006-07-12,31.506121949999997,18.26106195,15.33740078,56.29921276
2006-07-13,30.72209985,18.0805446,15.180314169999999,61.02362224
2006-07-14,28.63066215,16.2006006,12.82401502,65.74803172000001
2006-07-15,28.774862399999996,16.40675355,12.98110163,68.50393725
2006-07-16,27.30188355,15.1580862,15.33740078,64.17322856000001
2006-07-17,27.6554412,14.0493465,15.808660609999999,64.96063014
2006-07-18,27.900047549999996,13.64879025,15.180314169999999,63.77952777000001
2006-07-19,28.304876399999998,13.8784425,15.180314169999999,61.417323030000006
2006-07-20,28.4480085,13.4661366,15.808660609999999,59.842519870000004
2006-07-21,30.949615799999997,12.54005055,16.12283383,55.118110390000005
2006-07-22,31.751796449999997,15.5191209,16.12283383,50.39370091
2006-07-23,32.51018295,16.02862845,15.023227559999999,58.26771671
2006-07-24,31.83297585,19.73510895,11.41023553,64.17322856000001
2006-07-25,31.49544045,18.1788144,11.56732214,58.26771671
2006-07-26,31.9280412,17.331771449999998,13.29527485,55.51181118
2006-07-27,30.37174665,18.6829812,10.9389757,58.661417500000006
2006-07-28,28.7022282,18.65414115,9.52519621,75.98425226
2006-07-29,20.87375685,11.27749725,9.05393638,68.89763804
2006-07-30,14.508651,6.0318126,8.58267655,72.04724436000001
2006-07-31,18.63918705,5.40053595,12.19566858,69.29133883000002
2006-08-01,21.8831586,10.472112150000001,12.19566858,74.01574831
2006-08-02,26.2070298,11.51889915,15.651574,70.86614199000002
2006-08-03,26.83617015,13.84319355,14.23779451,73.62204752000001
2006-08-04,30.646261199999998,15.83849775,15.808660609999999,66.53543330000001
2006-08-05,33.30488655,16.57338495,16.279920439999998,57.874015920000005
2006-08-06,33.7951674,18.2621301,15.651574,53.14960644000001
2006-08-07,33.67233014999999,17.89789095,17.37952671,48.42519696
2006-08-08,33.37218,16.96646415,17.850786539999998,47.63779538
2006-08-09,33.19166265,17.4268368,16.12283383,44.48818906
2006-08-10,30.596058149999998,19.7789031,12.19566858,57.874015920000005
2006-08-11,34.63580145,18.623164799999998,15.33740078,48.031496170000004
2006-08-12,35.5640238,19.4392314,17.06535349,45.66929143
2006-08-13,35.78299455,19.6037265,17.37952671,48.031496170000004
2006-08-14,35.2969863,20.29909215,14.0807079,50.787401700000004
2006-08-15,30.1143225,20.7744189,9.21102299,60.629921450000005
2006-08-16,25.954946399999997,17.734464,7.7972434999999995,80.31496095000001
2006-08-17,21.44201265,14.90920725,7.325983669999999,87.79527596000001
2006-08-18,21.13438545,14.7115995,11.25314892,83.46456727000002
2006-08-19,24.3975837,11.4558783,16.75118027,65.35433093000002
2006-08-20,23.603948250000002,10.67506065,18.63621959,54.330708810000004
2006-08-21,21.5071698,7.2195954,19.89291247,51.574803280000005
2006-08-22,25.2350133,6.11406015,19.73582586,46.8503938
2006-08-23,28.342261649999998,8.2087023,19.89291247,44.09448827
2006-08-24,32.2805307,11.934409500000001,19.89291247,40.94488195
2006-08-25,34.70202675,14.252295,19.421652639999998,39.763779580000005
2006-08-26,29.166873449999997,16.71865335,9.99645604,73.22834673000001
2006-08-27,23.880599099999998,13.9190322,14.0807079,80.31496095000001
2006-08-28,24.3228132,13.3037778,16.43700705,61.417323030000006
2006-08-29,23.2995255,6.85962885,21.149605349999998,50.787401700000004
2006-08-30,25.4571885,9.599433600000001,19.26456603,48.42519696
2006-08-31,28.850701049999998,15.4977579,11.56732214,62.99212619
2006-09-01,28.32730755,18.3069924,13.60944807,77.95275621000002
2006-09-02,23.0495784,14.27258985,12.35275519,77.16535463000001
2006-09-03,20.2317987,7.9769137500000005,20.992518739999998,54.7244096
2006-09-04,18.2300856,7.8092142,18.47913298,48.031496170000004
2006-09-05,18.0207282,3.2610315000000014,21.77795179,46.45669301
2006-09-06,22.99083015,5.338583250000001,21.77795179,46.8503938
2006-09-07,27.6789405,9.735088650000002,20.52125891,54.7244096
2006-09-08,32.62767945,15.66973005,17.37952671,55.118110390000005
2006-09-09,24.6731664,18.18415515,7.483070279999999,88.58267754
2006-09-10,28.529187899999997,16.4206395,16.279920439999998,79.52755937
2006-09-11,34.09104495,17.7600996,20.992518739999998,58.26771671
2006-09-12,35.8481517,20.418724949999998,21.30669196,52.362204860000006
2006-09-13,36.52429065,20.252093549999998,20.67834552,44.88188985
2006-09-14,36.869303099999996,21.10661355,20.835432129999997,45.66929143
2006-09-15,33.493949099999995,19.8365832,12.98110163,67.71653567000001
2006-09-16,24.14015955,16.9696686,8.58267655,85.03937043
2006-09-17,27.163024049999997,16.94937375,15.96574722,78.74015779000001
2006-09-18,30.458266799999997,17.67144315,21.30669196,67.71653567000001
2006-09-19,29.7233796,17.54326515,17.06535349,64.96063014
2006-09-20,27.31042875,18.1061802,11.09606231,77.16535463000001
2006-09-21,27.34460955,14.3954271,20.52125891,69.68503962000001
2006-09-22,29.7468789,14.98184145,19.26456603,68.50393725
2006-09-23,25.6708185,16.8842166,9.52519621,84.25196885000001
2006-09-24,23.87953095,13.3486401,16.279920439999998,75.19685068000001
2006-09-25,28.77806685,13.6648125,23.82007772,64.17322856000001
2006-09-26,29.429638349999998,14.438153100000001,24.291337549999998,56.69291355
2006-09-27,31.895996699999998,15.25956045,22.24921162,61.02362224
2006-09-28,26.6599254,20.0929392,8.26850333,88.18897675000001
2006-09-29,27.079708349999997,19.6635429,14.55196773,80.31496095000001
2006-09-30,28.16922135,18.27387975,16.12283383,73.62204752000001
2006-10-01,28.2407874,18.3903081,12.82401502,84.64566964000001
2006-10-02,27.5229906,17.22495645,14.0807079,84.64566964000001
2006-10-03,32.0797185,18.3668088,21.62086518,73.22834673000001
2006-10-04,31.089543449999997,20.5629252,15.33740078,73.62204752000001
2006-10-05,30.05557425,19.52575155,12.19566858,88.18897675000001
2006-10-06,27.006006,17.3007951,16.12283383,83.07086648
2006-10-07,30.504197249999997,18.9436098,21.9350384,74.80314989000001
2006-10-08,31.3683306,19.06858335,21.77795179,68.89763804
2006-10-09,33.42024675,19.831242449999998,24.76259738,68.50393725
2006-10-10,34.64221035,21.47405715,23.977164329999997,63.385826980000004
2006-10-11,30.1720026,21.40783185,12.35275519,80.70866174000001
2006-10-12,30.99768255,20.5992423,20.52125891,75.19685068000001
2006-10-13,33.352953299999996,20.9410503,22.563384839999998,72.83464594000002
2006-10-14,33.46083645,21.59582625,24.44842416,70.86614199000002
2006-10-15,31.04040855,21.7912977,12.82401502,83.07086648
2006-10-16,27.4012215,18.1489062,12.82401502,83.46456727000002
2006-10-17,30.22434195,20.15809635,18.63621959,80.31496095000001
2006-10-18,28.732136399999998,20.6120601,15.651574,85.03937043
2006-10-19,30.85241415,20.18159565,22.406298229999997,75.19685068000001
2006-10-20,31.39930695,19.7361771,25.39094382,68.11023646000001
2006-10-21,31.210244399999997,18.40419405,26.6476367,66.92913409
2006-10-22,32.4727977,18.37642215,27.275983139999997,58.26771671
2006-10-23,29.62404165,18.4586697,16.12283383,56.69291355
2006-10-24,31.433487749999998,19.9668975,22.09212501,57.874015920000005
2006-10-25,34.2865164,20.61312825,25.0767706,64.17322856000001
2006-10-26,35.6387943,21.8938401,23.5059045,63.385826980000004
2006-10-27,36.75928365,21.76673025,26.17637687,59.44881908
2006-10-28,37.119250199999996,23.005784249999998,23.03464467,63.385826980000004
2006-10-29,36.8479401,22.9107189,24.60551077,61.81102382
2006-10-30,33.2739102,22.5219123,18.16495976,72.83464594000002
2006-10-31,33.606104849999994,21.95258835,15.96574722,83.46456727000002
2006-11-01,28.066678949999996,21.16215735,12.5098418,87.79527596000001
2006-11-02,32.25809955,22.13844645,22.406298229999997,79.92126016000002
2006-11-03,32.8146057,21.16215735,17.850786539999998,82.67716569000001
2006-11-04,28.4864619,21.36937845,12.19566858,88.18897675000001
2006-11-05,32.456775449999995,21.90772605,21.30669196,75.98425226
2006-11-06,30.8492097,21.39928665,15.808660609999999,84.25196885000001
2006-11-07,29.15619195,19.85260545,18.7933062,70.4724412
2006-11-08,29.82271755,18.2322219,24.134250939999998,60.629921450000005
2006-11-09,24.6795753,16.5103641,10.62480248,79.13385858000001
2006-11-10,28.4309181,15.0961335,28.06141619,59.44881908
2006-11-11,29.1593964,15.15915435,28.846849239999997,51.18110249
2006-11-12,29.6721084,14.97329625,29.31810907,47.63779538
2006-11-13,30.8064837,16.51570485,28.53267602,53.93700802
2006-11-14,31.777432049999998,17.734464,28.689762629999997,55.905511970000006
2006-11-15,34.52044125,19.535364899999998,28.689762629999997,48.031496170000004
2006-11-16,37.132068,20.60458305,27.275983139999997,51.96850407
2006-11-17,36.05110019999999,23.075214,20.3641723,61.417323030000006
2006-11-18,34.9081797,23.780192999999997,16.279920439999998,61.417323030000006
2006-11-19,28.86992775,21.93122535,12.66692841,77.16535463000001
2006-11-20,24.609077399999997,19.09849155,18.32204637,80.70866174000001
2006-11-21,31.8511344,15.8267481,27.590156359999998,70.4724412
2006-11-22,33.83468895,20.59817415,27.118896529999997,62.20472461000001
2006-11-23,36.0831447,20.36104485,27.90432958,57.874015920000005
2006-11-24,32.859468,21.6503019,18.7933062,70.86614199000002
2006-11-25,28.72893195,21.5178513,15.49448739,83.46456727000002
2006-11-26,32.6202024,21.28392645,26.17637687,72.44094515
2006-11-27,32.02951545,22.5582294,16.279920439999998,76.37795305000002
2006-11-28,28.75243125,22.2719652,14.86614095,85.82677201000001
2006-11-29,31.737910499999998,21.0158208,25.705117039999998,76.37795305000002
2006-11-30,34.151929499999994,19.3260075,28.689762629999997,64.96063014
2006-12-01,33.45870015,20.59817415,30.574801949999998,58.661417500000006
2006-12-02,33.79623555,20.00001015,29.161022459999998,57.086614340000004
2006-12-03,34.72552605,21.8276148,22.24921162,62.99212619
2006-12-04,33.82614375,23.534518499999997,20.992518739999998,74.40944910000002
2006-12-05,33.45442755,22.2783741,22.720471449999998,75.19685068000001
2006-12-06,33.03571275,21.1461351,20.52125891,79.92126016000002
2006-12-07,29.537521499999997,20.0801214,17.69369993,84.25196885000001
2006-12-08,27.41938005,21.6887553,13.76653468,87.40157517000002
2006-12-09,32.528341499999996,21.076705349999997,22.720471449999998,79.92126016000002
2006-12-10,33.4170423,22.176899849999998,26.33346348,71.25984278000001
2006-12-11,32.1416712,20.668672049999998,28.846849239999997,68.11023646000001
2006-12-12,31.968630899999997,21.1909974,30.260628729999997,62.99212619
2006-12-13,33.2504109,20.37172635,29.63228229,65.35433093000002
2006-12-14,33.781281449999994,22.1053338,26.80472331,68.89763804
2006-12-15,34.7330031,23.2696173,24.60551077,72.44094515
2006-12-16,37.110704999999996,22.043381099999998,27.590156359999998,64.56692935000001
2006-12-17,35.87058285,23.8165101,27.590156359999998,64.17322856000001
2006-12-18,36.2540487,23.78980635,24.134250939999998,69.29133883000002
2006-12-19,34.6582326,24.03334455,17.06535349,80.31496095000001
2006-12-20,32.17905645,22.306146,18.16495976,85.43307122000002
2006-12-21,27.425788949999998,22.22176215,10.31062926,89.76377991000001
2006-12-22,28.233310349999996,22.63406805,10.46771587,91.73228386000001
2006-12-23,31.81374915,22.95878565,13.60944807,83.85826806000001
2006-12-24,29.39332125,22.30721415,14.394881119999999,88.58267754
2006-12-25,33.261092399999995,22.1331057,13.92362129,74.40944910000002
2006-12-26,30.13248105,20.73916995,18.63621959,83.46456727000002
2006-12-27,33.15534555,21.085250549999998,28.37558941,77.95275621000002
2006-12-28,31.5221442,22.4428692,22.720471449999998,75.98425226
2006-12-29,30.9303891,19.8472647,19.578739249999998,76.77165384000001
2006-12-30,31.89920115,23.05919175,23.03464467,71.25984278000001
2006-12-31,31.7891817,22.45034625,25.548030429999997,73.62204752000001
2007-01-01,31.7678187,21.83722815,24.134250939999998,74.80314989000001
2007-01-02,31.891724099999998,22.797494999999998,19.89291247,84.25196885000001
2007-01-03,27.73555245,22.6586355,12.03858197,91.73228386000001
2007-01-04,27.91072905,22.75797345,9.68228282,94.0944886
2007-01-05,30.942138749999998,23.688332099999997,19.89291247,87.00787438000002
2007-01-06,32.86694505,23.12114445,25.548030429999997,78.34645700000002
2007-01-07,31.577688,22.8466299,20.20708569,79.13385858000001
2007-01-08,32.1074904,22.90537815,20.20708569,83.46456727000002
2007-01-09,27.9865677,23.6691054,14.0807079,87.00787438000002
2007-01-10,33.798371849999995,22.345667549999998,24.76259738,81.88976411000002
2007-01-11,30.2403642,23.3935227,9.99645604,92.91338623000001
2007-01-12,26.8863732,22.47384555,11.72440875,92.91338623000001
2007-01-13,32.2121691,23.96071035,22.406298229999997,83.46456727000002
2007-01-14,33.15855,19.1679213,28.689762629999997,71.65354357000001
2007-01-15,32.7398352,18.781251,28.846849239999997,68.89763804
2007-01-16,32.45463915,20.96989035,27.90432958,69.29133883000002
2007-01-17,25.6110021,21.743230949999997,8.89684977,86.61417359000001
2007-01-18,32.71099515,22.6864074,18.63621959,86.22047280000001
2007-01-19,32.69604105,22.3403268,17.53661332,87.79527596000001
2007-01-20,26.10341925,20.38027155,10.78188909,87.79527596000001
2007-01-21,30.44865345,19.8878544,24.76259738,79.92126016000002
2007-01-22,31.33094535,20.84598495,19.89291247,81.10236253000001
2007-01-23,30.9944781,21.793433999999998,25.548030429999997,78.34645700000002
2007-01-24,32.46959325,22.40121135,23.82007772,79.13385858000001
2007-01-25,32.41832205,22.03590405,22.406298229999997,75.19685068000001
2007-01-26,31.5926421,23.663764649999997,17.850786539999998,86.61417359000001
2007-01-27,33.19379895,22.78360905,20.992518739999998,85.03937043
2007-01-28,27.4610379,22.40762025,8.73976316,92.12598465
2007-01-29,31.20276735,20.725284,23.5059045,83.07086648
2007-01-30,34.27903935,21.539214299999998,24.60551077,75.98425226
2007-01-31,33.103006199999996,20.68789875,24.76259738,80.31496095000001
2007-02-01,34.90283895,22.251670349999998,25.705117039999998,76.37795305000002
2007-02-02,35.11219635,23.32836555,24.91968399,71.25984278000001
2007-02-03,34.675323,22.06794855,25.23385721,74.80314989000001
2007-02-04,31.90774635,22.3168275,19.26456603,77.16535463000001
2007-02-05,30.179479649999998,21.09165945,19.73582586,81.49606332000002
2007-02-06,30.45719865,20.79471375,17.69369993,84.64566964000001
2007-02-07,30.07266465,20.88443835,18.47913298,83.07086648
2007-02-08,34.151929499999994,21.83616,26.33346348,73.22834673000001
2007-02-09,33.03784905,22.755837149999998,19.578739249999998,75.98425226
2007-02-10,28.9158582,24.0685935,13.60944807,89.76377991000001
2007-02-11,33.6306723,22.301873399999998,20.67834552,82.28346490000001
2007-02-12,31.238016299999998,19.62615765,27.74724297,72.04724436000001
2007-02-13,31.03827225,19.85474175,27.74724297,67.71653567000001
2007-02-14,32.78576565,18.888066,27.275983139999997,63.385826980000004
2007-02-15,33.73855545,18.9179742,26.49055009,66.14173251000001
2007-02-16,33.84964305,21.216633,25.862203649999998,68.89763804
2007-02-17,32.2805307,22.6842711,11.72440875,86.22047280000001
2007-02-18,28.75243125,21.7272087,12.19566858,88.18897675000001
2007-02-19,26.22305205,20.5671978,10.31062926,90.94488228000002
2007-02-20,30.7402584,22.47811815,14.23779451,87.79527596000001
2007-02-21,30.741326549999997,22.1074701,15.023227559999999,85.82677201000001
2007-02-22,34.540736100000004,23.33157,21.62086518,77.95275621000002
2007-02-23,34.743684599999995,23.65735575,24.91968399,72.83464594000002
2007-02-24,34.9231338,23.27709435,24.134250939999998,70.07874041000001
2007-02-25,33.8998461,22.05940335,19.26456603,80.70866174000001
2007-02-26,32.3125752,19.71801855,25.862203649999998,79.92126016000002
2007-02-27,33.0346446,20.5693341,24.291337549999998,74.80314989000001
2007-02-28,34.33458315,22.42471065,24.60551077,74.40944910000002
2007-03-01,34.6475511,23.42449905,23.66299111,74.80314989000001
2007-03-02,34.3463328,22.89469665,16.90826688,83.85826806000001
2007-03-03,31.983584999999998,22.3189638,18.007873149999998,79.52755937
2007-03-04,35.16560385,22.26342,22.87755806,72.04724436000001
2007-03-05,35.91971775,23.109394799999997,23.66299111,64.17322856000001
2007-03-06,35.906899949999996,23.634924599999998,23.82007772,59.44881908
2007-03-07,36.547789949999995,22.19612655,23.82007772,60.629921450000005
2007-03-08,36.24443535,22.72592895,24.60551077,63.385826980000004
2007-03-09,36.3736815,23.2482543,21.30669196,72.04724436000001
2007-03-10,33.051734999999994,22.05085815,13.92362129,83.46456727000002
2007-03-11,32.8231509,21.4623075,22.24921162,79.92126016000002
2007-03-12,32.815673849999996,23.2418454,16.43700705,82.67716569000001
2007-03-13,30.6612153,21.9109305,15.33740078,84.64566964000001
2007-03-14,32.957737800000004,22.176899849999998,16.279920439999998,78.74015779000001
2007-03-15,32.006016149999994,22.48452705,14.23779451,85.82677201000001
2007-03-16,31.2422889,22.5945465,13.76653468,87.79527596000001
2007-03-17,27.04125495,21.8532504,11.09606231,90.94488228000002
2007-03-18,26.7945123,19.94233005,18.63621959,82.67716569000001
2007-03-19,27.2431353,16.51997745,18.95039281,79.92126016000002
2007-03-20,28.883813699999997,15.63768555,19.421652639999998,77.55905542
2007-03-21,31.2059718,17.27836395,23.977164329999997,72.04724436000001
2007-03-22,32.624475000000004,19.25016885,23.34881789,67.32283488000002
2007-03-23,34.05472785,20.464655399999998,19.578739249999998,74.40944910000002
2007-03-24,34.5300546,21.46764825,19.421652639999998,75.98425226
2007-03-25,34.7543661,21.54882765,19.10747942,73.22834673000001
2007-03-26,35.17842165,22.82847135,22.09212501,69.29133883000002
2007-03-27,35.9506941,22.343531249999998,22.406298229999997,66.53543330000001
2007-03-28,36.45165645,23.3144796,22.720471449999998,65.74803172000001
2007-03-29,36.491178,23.993823,20.992518739999998,63.385826980000004
2007-03-30,36.29143395,23.2610721,22.406298229999997,61.417323030000006
2007-03-31,35.8481517,21.5819403,20.04999908,71.25984278000001
2007-04-01,34.18504215,20.64303645,20.835432129999997,74.40944910000002
2007-04-02,35.3781657,22.801767599999998,21.62086518,69.29133883000002
2007-04-03,34.06327305,23.2439817,16.75118027,72.83464594000002
2007-04-04,34.2651534,21.64068855,16.43700705,70.4724412
2007-04-05,31.61507325,21.1653618,16.43700705,80.31496095000001
2007-04-06,30.28202205,20.33754555,15.180314169999999,82.28346490000001
2007-04-07,24.86436525,19.806675,10.9389757,90.15748070000001
2007-04-08,26.0745792,20.039531699999998,15.33740078,87.40157517000002
2007-04-09,27.1662285,16.4078217,20.52125891,79.52755937
2007-04-10,29.30573295,15.5255298,20.04999908,75.59055147000001
2007-04-11,31.108770149999998,17.57103705,21.62086518,73.22834673000001
2007-04-12,24.2459064,19.5695457,4.34133808,83.46456727000002
2007-04-13,27.41938005,19.32280305,10.78188909,84.64566964000001
2007-04-14,31.1012931,20.7957819,18.7933062,78.74015779000001
2007-04-15,28.820792849999997,21.78382065,10.9389757,80.70866174000001
2007-04-16,32.431139849999994,21.10234095,19.89291247,76.37795305000002
2007-04-17,31.1141109,20.661195,20.52125891,74.01574831
2007-04-18,30.71141835,19.89533145,20.04999908,70.86614199000002
2007-04-19,31.510394549999997,18.93613275,19.73582586,71.65354357000001
2007-04-20,31.343763149999997,20.7530559,20.04999908,71.25984278000001
2007-04-21,31.431351449999998,19.4627307,19.26456603,72.04724436000001
2007-04-22,31.8276351,20.2189809,19.10747942,71.25984278000001
2007-04-23,32.6052483,20.9474592,17.37952671,75.98425226
2007-04-24,31.73684235,20.77975965,15.180314169999999,81.88976411000002
2007-04-25,27.6725316,21.35869695,7.325983669999999,90.55118149000002
2007-04-26,23.5900623,18.9115653,3.0846451999999998,95.66929176000001
2007-04-27,21.707982,11.57871555,20.3641723,75.98425226
2007-04-28,24.96477135,12.10851795,17.37952671,72.44094515
2007-04-29,26.78062635,16.84255875,15.96574722,77.55905542
2007-04-30,28.8239973,17.51335695,17.69369993,81.10236253000001
2007-05-01,30.0844143,19.464866999999998,18.007873149999998,77.95275621000002
2007-05-02,30.1442307,20.3364774,15.33740078,77.16535463000001
2007-05-03,30.63023895,18.0591816,17.53661332,72.44094515
2007-05-04,28.899835949999996,18.930792,18.47913298,74.01574831
2007-05-05,29.72231145,18.23115375,17.06535349,75.98425226
2007-05-06,30.416608949999997,18.8047503,17.69369993,69.68503962000001
2007-05-07,25.888721099999998,19.51079745,8.89684977,76.37795305000002
2007-05-08,20.506313249999998,12.33923835,3.5559050299999995,93.70078781000001
2007-05-09,16.7667201,5.669709750000001,18.47913298,69.29133883000002
2007-05-10,22.2249666,5.588530350000001,17.2224401,72.04724436000001
2007-05-11,25.7519979,14.17218375,14.86614095,73.62204752000001
2007-05-12,28.0698834,16.0660137,16.59409366,76.77165384000001
2007-05-13,28.54521015,18.0997713,11.41023553,78.34645700000002
2007-05-14,25.08226785,16.56056715,15.023227559999999,81.88976411000002
2007-05-15,28.29312675,13.75774155,15.96574722,80.31496095000001
2007-05-16,29.1316245,18.8111592,11.88149536,79.52755937
2007-05-17,22.97373975,18.3433095,3.3988184199999996,90.15748070000001
2007-05-18,19.29930375,16.9077159,4.027164859999999,96.06299255000002
2007-05-19,22.4150973,16.2475992,7.95433011,91.33858307000001
2007-05-20,20.76694185,16.8671262,5.7551175699999995,90.94488228000002
2007-05-21,27.321110249999997,18.3518547,11.41023553,85.82677201000001
2007-05-22,23.853895350000002,16.59902055,8.26850333,91.73228386000001
2007-05-23,19.13908125,11.807299650000001,13.76653468,83.07086648
2007-05-24,16.1087397,6.0371533500000005,16.90826688,77.16535463000001
2007-05-25,20.8876428,5.478510900000002,17.06535349,73.62204752000001
2007-05-26,22.09144785,7.8284409,14.0807079,77.55905542
2007-05-27,23.234368349999997,11.95470435,15.023227559999999,75.19685068000001
2007-05-28,21.71545905,9.71158935,14.55196773,79.92126016000002
2007-05-29,15.6494352,6.339439800000001,16.43700705,70.07874041000001
2007-05-30,16.92373815,1.8585505500000004,16.12283383,63.385826980000004
2007-05-31,18.94467795,5.40267225,8.89684977,72.44094515
2007-06-01,20.793645599999998,15.5746647,4.498424689999999,80.31496095000001
2007-06-02,19.379415,11.4516057,11.56732214,83.85826806000001
2007-06-03,19.41680025,6.753882000000001,14.394881119999999,73.22834673000001
2007-06-04,20.9944578,4.790622300000001,15.49448739,72.83464594000002
2007-06-05,23.3507967,5.5180324500000015,16.12283383,66.92913409
2007-06-06,23.95643775,10.9175307,9.83936943,66.53543330000001
2007-06-07,28.691546699999996,17.29331805,9.3681096,70.4724412
2007-06-08,30.30124875,17.243115,13.29527485,76.37795305000002
2007-06-09,30.486038699999998,16.9696686,15.023227559999999,69.29133883000002
2007-06-10,30.574695149999997,16.39607205,14.86614095,66.92913409
2007-06-11,29.4349791,17.5827867,13.60944807,65.74803172000001
2007-06-12,29.416820549999997,17.74407735,12.35275519,64.96063014
2007-06-13,30.56828625,17.044439099999998,14.86614095,61.02362224
2007-06-14,30.701805,16.1685561,14.23779451,59.842519870000004
2007-06-15,30.149571449999996,15.9570624,12.98110163,67.71653567000001
2007-06-16,20.8513257,11.75816475,13.13818824,79.92126016000002
2007-06-17,28.36148835,11.71330245,14.23779451,76.37795305000002
2007-06-18,31.16004135,17.421496050000002,14.0807079,71.25984278000001
2007-06-19,30.416608949999997,17.002781249999998,13.45236146,62.20472461000001
2007-06-20,30.70073685,18.539849099999998,14.55196773,60.629921450000005
2007-06-21,30.3343614,16.3821861,14.70905434,59.44881908
2007-06-22,29.995757849999997,16.96005525,15.180314169999999,60.629921450000005
2007-06-23,29.8024227,15.55650615,13.60944807,62.99212619
2007-06-24,23.5131555,13.6519947,8.73976316,71.25984278000001
2007-06-25,24.35806215,12.940606800000001,7.95433011,81.49606332000002
2007-06-26,23.64240165,16.089513,8.42558994,78.74015779000001
2007-06-27,20.872688699999998,11.9045013,8.42558994,85.82677201000001
2007-06-28,17.6404668,9.6464322,13.13818824,82.28346490000001
2007-06-29,21.6908916,7.674627300000001,13.13818824,81.49606332000002
2007-06-30,24.4018563,7.36593195,15.49448739,68.89763804
2007-07-01,27.2858613,9.353759100000001,15.49448739,63.77952777000001
2007-07-02,28.11367755,11.642804550000001,15.180314169999999,63.77952777000001
2007-07-03,28.51530195,12.45246225,15.023227559999999,64.96063014
2007-07-04,29.991485249999997,14.20422825,14.70905434,58.661417500000006
2007-07-05,31.428147,14.6646009,14.70905434,52.362204860000006
2007-07-06,31.883178899999997,17.75903145,12.19566858,48.818897750000005
2007-07-07,31.606528049999998,17.52403845,11.72440875,52.362204860000006
2007-07-08,28.9115856,20.29268325,7.483070279999999,64.96063014
2007-07-09,25.8118143,16.22089545,10.9389757,78.34645700000002
2007-07-10,16.79983275,9.7147938,4.498424689999999,90.94488228000002
2007-07-11,10.94209815,7.752602250000001,4.812597909999999,87.00787438000002
2007-07-12,18.29310645,8.93824875,7.01181045,86.22047280000001
2007-07-13,21.5071698,11.517831000000001,6.383464009999999,83.85826806000001
2007-07-14,26.7560589,16.7603112,9.05393638,75.98425226
2007-07-15,22.49093595,13.098693,9.99645604,82.67716569000001
2007-07-16,22.18544505,14.1497526,6.540550619999999,83.46456727000002
2007-07-17,18.973518,17.5251066,2.29921215,95.66929176000001
2007-07-18,18.544121699999998,10.695355500000002,13.92362129,87.00787438000002
2007-07-19,22.17049095,6.214466250000001,15.808660609999999,79.52755937
2007-07-20,25.8972663,9.485141550000002,16.90826688,68.11023646000001
2007-07-21,27.048732,12.714159,11.09606231,64.96063014
2007-07-22,28.912653749999997,19.3751424,6.383464009999999,68.50393725
2007-07-23,20.40590715,9.4605741,12.82401502,77.55905542
2007-07-24,19.7489949,7.16084715,6.69763723,85.03937043
2007-07-25,16.046787,6.53491125,16.90826688,76.77165384000001
2007-07-26,17.9160495,2.1298606500000012,17.53661332,68.11023646000001
2007-07-27,22.3787802,3.3817324500000012,17.850786539999998,61.417323030000006
2007-07-28,23.98207335,8.85706935,17.69369993,55.905511970000006
2007-07-29,21.385400699999998,5.923929450000001,17.850786539999998,57.874015920000005
2007-07-30,15.645162599999999,9.95726385,5.598030959999999,71.25984278000001
2007-07-31,25.1858784,10.1698257,16.75118027,74.01574831
2007-08-01,30.4988565,14.4509709,16.43700705,69.68503962000001
2007-08-02,31.2657882,18.11579355,12.98110163,64.96063014
2007-08-03,25.5191412,15.576801,14.86614095,75.59055147000001
2007-08-04,16.7474934,11.982476250000001,8.11141672,89.37007912000001
2007-08-05,23.5494726,11.0585265,13.92362129,83.46456727000002
2007-08-06,29.8536939,14.2971573,13.60944807,71.25984278000001
2007-08-07,22.7269971,11.8190493,15.96574722,66.14173251000001
2007-08-08,30.499924649999997,9.864334800000002,16.279920439999998,59.842519870000004
2007-08-09,29.958372599999997,19.165785,14.0807079,59.842519870000004
2007-08-10,29.185032,14.8953213,13.13818824,59.05511829
2007-08-11,24.53110245,12.230287050000001,14.70905434,75.98425226
2007-08-12,30.3065895,14.019438300000001,17.53661332,68.89763804
2007-08-13,31.0948842,17.86798275,17.06535349,64.17322856000001
2007-08-14,31.418533649999997,18.419148149999998,16.59409366,56.29921276
2007-08-15,32.07651405,17.48558505,18.63621959,49.21259854
2007-08-16,32.02524285,15.63341295,18.95039281,48.818897750000005
2007-08-17,28.87420035,13.89873735,17.850786539999998,56.69291355
2007-08-18,25.400576549999997,13.84960245,15.808660609999999,77.16535463000001
2007-08-19,18.0826809,12.4706208,12.03858197,85.03937043
2007-08-20,19.14121755,10.43579505,19.26456603,74.40944910000002
2007-08-21,27.006006,3.7224723000000015,19.421652639999998,64.17322856000001
2007-08-22,31.979312399999998,14.66780535,18.63621959,57.874015920000005
2007-08-23,33.13398255,16.452684,19.10747942,54.7244096
2007-08-24,34.12522575,17.252728349999998,18.95039281,45.66929143
2007-08-25,32.1801246,20.96989035,9.3681096,45.66929143
2007-08-26,26.1578949,13.25998365,5.7551175699999995,76.77165384000001
2007-08-27,13.99914345,10.2317784,6.383464009999999,85.82677201000001
2007-08-28,13.0495581,8.383878900000001,6.854723839999999,84.64566964000001
2007-08-29,24.104910599999997,8.5761459,15.651574,79.52755937
2007-08-30,23.21514165,15.97522095,9.99645604,79.13385858000001
2007-08-31,27.1662285,15.9677439,12.19566858,79.52755937
2007-09-01,32.307234449999996,15.9698802,18.007873149999998,72.44094515
2007-09-02,34.0921131,17.91711765,20.52125891,57.48031513
2007-09-03,34.974405,19.248032549999998,20.67834552,50.00000012
2007-09-04,35.0833563,19.88464995,20.3641723,50.00000012
2007-09-05,34.8419544,20.3087055,20.04999908,51.18110249
2007-09-06,34.50121455,18.48323715,21.30669196,49.606299330000006
2007-09-07,34.68707265,19.6549977,20.992518739999998,46.45669301
2007-09-08,35.71676925,19.22026065,20.992518739999998,47.24409459
2007-09-09,35.51168445,19.4691396,21.77795179,44.88188985
2007-09-10,35.2585329,19.47661665,22.24921162,42.9133859
2007-09-11,34.3783773,18.9137016,20.992518739999998,44.88188985
2007-09-12,34.14658875,18.69473085,19.73582586,48.031496170000004
2007-09-13,34.7479572,17.2153431,22.09212501,46.8503938
2007-09-14,36.9504825,18.4800327,21.30669196,45.275590640000004
2007-09-15,29.100648149999998,20.7487833,6.069290789999999,59.05511829
2007-09-16,33.07630245,17.4225642,18.95039281,64.96063014
2007-09-17,33.91800465,19.51507005,18.47913298,62.20472461000001
2007-09-18,29.7682419,19.5866361,13.29527485,66.14173251000001
2007-09-19,33.778076999999996,17.97693405,18.32204637,70.4724412
2007-09-20,36.6214923,21.59582625,15.808660609999999,61.02362224
2007-09-21,36.068190599999994,22.113879,13.76653468,66.92913409
2007-09-22,30.150639599999998,21.23692785,7.95433011,78.74015779000001
2007-09-23,34.9914954,19.9903968,14.394881119999999,69.29133883000002
2007-09-24,22.55716125,13.28348295,19.89291247,65.35433093000002
2007-09-25,24.3463125,6.77844945,18.32204637,50.00000012
2007-09-26,27.47492385,13.82610315,16.279920439999998,57.874015920000005
2007-09-27,29.4926592,17.16727635,15.49448739,66.53543330000001
2007-09-28,33.9425721,19.55352345,19.421652639999998,62.5984254
2007-09-29,27.68214495,20.22645795,9.05393638,74.80314989000001
2007-09-30,29.06005845,17.1170733,20.67834552,72.04724436000001
2007-10-01,32.4343443,16.004061,25.23385721,56.69291355
2007-10-02,34.031228549999994,18.95322315,24.291337549999998,56.69291355
2007-10-03,34.028024099999996,20.8876428,20.992518739999998,55.905511970000006
2007-10-04,34.2202911,20.89725615,19.10747942,52.362204860000006
2007-10-05,36.18461895,19.95728415,20.992518739999998,49.606299330000006
2007-10-06,37.093614599999995,19.828038,21.149605349999998,47.24409459
2007-10-07,28.41062325,20.31618255,13.60944807,66.92913409
2007-10-08,33.89450535,20.243548349999998,19.578739249999998,64.56692935000001
2007-10-09,35.40059685,21.8553867,22.24921162,55.51181118
2007-10-10,36.7838511,22.4236425,15.96574722,52.75590565
2007-10-11,30.774439199999996,23.146780049999997,12.03858197,61.81102382
2007-10-12,31.04040855,21.5050335,11.56732214,74.80314989000001
2007-10-13,27.8904342,16.3757772,15.808660609999999,82.28346490000001
2007-10-14,28.57298205,18.97885875,9.83936943,85.03937043
2007-10-15,24.54392025,19.9113537,8.58267655,88.18897675000001
2007-10-16,24.338835449999998,19.30998525,7.95433011,88.97637833000002
2007-10-17,30.521287649999998,16.53493155,27.275983139999997,70.4724412
2007-10-18,24.4317645,19.22666955,8.11141672,74.80314989000001
2007-10-19,32.298689249999995,16.42811655,25.23385721,74.80314989000001
2007-10-20,36.15257445,19.56206865,26.96180992,63.77952777000001
2007-10-21,29.525771849999998,17.57103705,8.58267655,75.19685068000001
2007-10-22,27.5037639,17.96197995,18.007873149999998,76.77165384000001
2007-10-23,26.288209199999997,20.319387,14.86614095,72.44094515
2007-10-24,27.44074305,19.43389065,13.45236146,75.19685068000001
2007-10-25,28.0271574,17.3755656,15.808660609999999,75.59055147000001
2007-10-26,33.769531799999996,20.1869364,24.44842416,71.65354357000001
2007-10-27,35.95817115,21.93122535,23.19173128,63.385826980000004
2007-10-28,38.1831276,23.011125,25.23385721,61.81102382
2007-10-29,39.75651255,23.97139185,25.23385721,59.05511829
2007-10-30,34.2736986,23.33263815,16.90826688,67.32283488000002
2007-10-31,36.5531307,22.576387949999997,24.60551077,63.385826980000004
2007-11-01,31.9451316,21.0799098,9.21102299,77.55905542
2007-11-02,25.3439646,20.0053509,5.91220418,94.0944886
2007-11-03,26.16109935,18.17560995,16.75118027,84.25196885000001
2007-11-04,29.9049651,15.4422141,28.06141619,67.71653567000001
2007-11-05,32.79644715,13.1969628,29.31810907,49.606299330000006
2007-11-06,33.1051425,15.3781251,30.260628729999997,47.63779538
2007-11-07,34.13804355,17.3221581,27.590156359999998,54.330708810000004
2007-11-08,34.847295149999994,20.12605185,24.134250939999998,62.99212619
2007-11-09,27.18652335,18.16279215,9.3681096,87.79527596000001
2007-11-10,30.402722999999998,17.914981349999998,17.06535349,86.61417359000001
2007-11-11,25.96669605,18.80154585,22.406298229999997,74.80314989000001
2007-11-12,30.9175713,12.68745525,26.96180992,58.26771671
2007-11-13,32.206828349999995,17.0209398,26.96180992,62.99212619
2007-11-14,27.8370267,17.24204685,8.42558994,87.00787438000002
2007-11-15,26.61185865,14.10809475,21.30669196,69.68503962000001
2007-11-16,29.4029346,16.34693715,20.67834552,68.11023646000001
2007-11-17,34.20426885,19.44884475,25.39094382,65.35433093000002
2007-11-18,31.5050538,19.8130839,15.33740078,77.55905542
2007-11-19,25.62916065,19.4990478,9.05393638,83.46456727000002
2007-11-20,32.9491926,17.8797324,28.846849239999997,74.40944910000002
2007-11-21,33.88382385,19.23735105,29.003935849999998,59.842519870000004
2007-11-22,32.8338324,21.51251055,29.31810907,51.18110249
2007-11-23,32.7654708,18.89127045,28.2185028,55.51181118
2007-11-24,31.71761565,21.18138405,17.37952671,57.086614340000004
2007-11-25,32.53795485,20.1143022,22.406298229999997,70.86614199000002
2007-11-26,31.78811355,21.5007609,22.406298229999997,75.19685068000001
2007-11-27,32.9299659,17.8028256,29.161022459999998,65.74803172000001
2007-11-28,33.36043035,17.37877005,28.846849239999997,61.81102382
2007-11-29,34.46917005,18.5633484,30.574801949999998,58.661417500000006
2007-11-30,34.76825205,20.93357325,29.47519568,61.02362224
2007-12-01,35.8908777,21.97608765,30.103542119999997,57.874015920000005
2007-12-02,36.7197621,22.5090945,28.37558941,54.330708810000004
2007-12-03,37.95774795,22.3552809,29.003935849999998,53.93700802
2007-12-04,36.8586216,22.159809449999997,25.548030429999997,61.02362224
2007-12-05,27.5486262,22.1843769,9.99645604,88.18897675000001
2007-12-06,29.3238915,21.82868295,18.32204637,87.00787438000002
2007-12-07,31.98465315,19.423209149999998,27.275983139999997,74.40944910000002
2007-12-08,32.689632149999994,21.29888055,20.992518739999998,74.80314989000001
2007-12-09,34.21067775,21.9622017,28.06141619,72.44094515
2007-12-10,33.75137325,23.8998258,21.9350384,74.40944910000002
2007-12-11,28.775930549999998,21.2828583,10.31062926,88.18897675000001
2007-12-12,32.2420773,21.1162269,24.60551077,80.70866174000001
2007-12-13,30.4176771,20.3129781,29.003935849999998,74.40944910000002
2007-12-14,30.8385282,19.72870005,31.04606178,70.07874041000001
2007-12-15,31.21985775,19.2555096,27.90432958,70.86614199000002
2007-12-16,33.9254817,21.1824522,26.80472331,66.14173251000001
2007-12-17,32.67467805,21.92054385,30.260628729999997,64.96063014
2007-12-18,31.15576875,21.48687495,23.34881789,68.89763804
2007-12-19,29.81417235,18.61355145,26.33346348,73.62204752000001
2007-12-20,31.3512402,17.64794385,26.96180992,68.89763804
2007-12-21,31.104497549999998,14.4061086,31.04606178,69.29133883000002
2007-12-22,33.9532536,17.8476879,27.118896529999997,63.77952777000001
2007-12-23,34.46703375,18.6146196,29.31810907,62.5984254
2007-12-24,35.29378185,20.9923215,26.33346348,68.50393725
2007-12-25,31.95474495,19.6870422,22.563384839999998,79.52755937
2007-12-26,32.24955435,20.6120601,19.89291247,84.25196885000001
2007-12-27,29.108125199999996,20.97629925,16.43700705,87.00787438000002
2007-12-28,31.24549335,20.60244675,19.89291247,85.82677201000001
2007-12-29,31.37153505,22.11067455,16.75118027,83.85826806000001
2007-12-30,30.66869235,20.4988362,18.95039281,81.49606332000002
2007-12-31,31.210244399999997,21.024366,22.09212501,80.70866174000001
2008-01-01,32.2548951,19.870764,21.149605349999998,82.67716569000001
2008-01-02,32.402299799999994,20.76907815,24.291337549999998,82.28346490000001
2008-01-03,32.19614685,21.5627136,19.26456603,86.61417359000001
2008-01-04,32.24955435,21.8233422,21.46377857,87.00787438000002
2008-01-05,31.4345559,20.839576049999998,22.87755806,84.25196885000001
2008-01-06,31.852202549999998,19.61974875,29.003935849999998,73.22834673000001
2008-01-07,32.54650005,19.0568337,27.433069749999998,71.65354357000001
2008-01-08,33.9297543,20.2510254,29.47519568,70.07874041000001
2008-01-09,33.88809645,21.8938401,29.94645551,68.11023646000001
2008-01-10,34.846227,20.87162055,28.846849239999997,71.25984278000001
2008-01-11,33.8699379,22.0839708,14.394881119999999,84.25196885000001
2008-01-12,30.824642249999997,20.874825,21.46377857,85.03937043
2008-01-13,30.620625599999997,22.71738375,22.563384839999998,78.34645700000002
2008-01-14,32.5924305,20.8299627,29.31810907,73.22834673000001
2008-01-15,31.314923099999998,21.109818,26.80472331,72.83464594000002
2008-01-16,31.229471099999998,20.9730948,26.96180992,75.19685068000001
2008-01-17,34.46703375,22.201467299999997,26.01929026,77.95275621000002
2008-01-18,33.3978156,22.86051585,20.3641723,84.64566964000001
2008-01-19,27.19720485,23.10191775,9.52519621,89.76377991000001
2008-01-20,31.193154,21.6887553,21.62086518,83.85826806000001
2008-01-21,29.013059849999998,20.17945935,19.26456603,80.70866174000001
2008-01-22,29.612291999999997,18.74386575,29.003935849999998,73.22834673000001
2008-01-23,30.041688299999997,18.1019076,27.118896529999997,69.68503962000001
2008-01-24,28.787680199999997,19.3046445,18.7933062,72.04724436000001
2008-01-25,29.0034465,20.93998215,17.06535349,75.98425226
2008-01-26,28.29526305,20.9581407,14.86614095,76.37795305000002
2008-01-27,25.829972849999997,19.8750366,11.41023553,78.74015779000001
2008-01-28,22.36489425,19.64324805,9.68228282,87.79527596000001
2008-01-29,28.0442478,19.342029750000002,15.96574722,83.85826806000001
2008-01-30,30.712486499999997,21.2123604,19.10747942,80.31496095000001
2008-01-31,31.941927149999998,18.2322219,26.33346348,78.34645700000002
2008-02-01,32.385209399999994,18.952155,26.17637687,74.80314989000001
2008-02-02,33.031440149999995,19.3131897,26.96180992,72.83464594000002
2008-02-03,31.9173597,19.960488599999998,28.689762629999997,68.89763804
2008-02-04,32.778288599999996,19.5097293,28.37558941,64.96063014
2008-02-05,32.581749,18.42982965,25.705117039999998,69.68503962000001
2008-02-06,33.031440149999995,20.88016575,28.846849239999997,65.35433093000002
2008-02-07,32.84344575,19.61120355,22.563384839999998,69.29133883000002
2008-02-08,35.15064975,19.97010195,26.80472331,71.65354357000001
2008-02-09,32.968419299999994,20.533017,20.52125891,79.92126016000002
2008-02-10,23.3465241,20.5842882,9.3681096,93.70078781000001
2008-02-11,27.821004449999997,20.3450226,12.98110163,91.73228386000001
2008-02-12,31.256174849999997,18.81649995,21.30669196,81.88976411000002
2008-02-13,32.1502164,16.1578746,27.433069749999998,68.50393725
2008-02-14,35.0705385,19.7917209,27.275983139999997,64.56692935000001
2008-02-15,34.5151005,19.9006722,24.44842416,73.22834673000001
2008-02-16,32.84558205,19.673156249999998,25.23385721,72.44094515
2008-02-17,34.71057195,21.55950915,24.44842416,73.62204752000001
2008-02-18,35.9955564,22.18758135,26.33346348,73.62204752000001
2008-02-19,33.50783505,21.3298569,22.24921162,78.34645700000002
2008-02-20,33.53560695,22.3360542,20.20708569,81.88976411000002
2008-02-21,33.9639351,19.8002661,22.406298229999997,80.70866174000001
2008-02-22,33.5067669,21.339470249999998,18.16495976,81.88976411000002
2008-02-23,31.04040855,21.6524382,18.16495976,85.43307122000002
2008-02-24,32.7718797,21.78168435,19.10747942,80.31496095000001
2008-02-25,33.15107295,22.46530035,23.5059045,74.40944910000002
2008-02-26,32.7398352,23.23223205,20.52125891,70.86614199000002
2008-02-27,30.650533799999998,21.27324495,14.23779451,79.92126016000002
2008-02-28,23.97139185,21.451625999999997,5.598030959999999,91.33858307000001
2008-02-29,30.567218099999998,22.0412448,16.90826688,85.82677201000001
2008-03-01,31.64284515,19.16258055,23.5059045,75.19685068000001
2008-03-02,31.9451316,18.2770842,25.39094382,69.68503962000001
2008-03-03,31.610800649999998,18.161724,23.19173128,66.92913409
2008-03-04,31.341626849999997,17.9245947,25.862203649999998,70.07874041000001
2008-03-05,31.177131749999997,15.8523837,26.17637687,65.35433093000002
2008-03-06,32.60845275,17.40867825,25.39094382,62.99212619
2008-03-07,34.806705449999995,18.13715655,25.862203649999998,59.05511829
2008-03-08,33.2205027,20.8385079,18.007873149999998,73.22834673000001
2008-03-09,32.577476399999995,21.61505295,20.52125891,78.34645700000002
2008-03-10,32.1843972,22.82206245,17.06535349,79.92126016000002
2008-03-11,31.7635461,21.52960095,17.2224401,85.03937043
2008-03-12,29.4114798,21.672733049999998,13.45236146,87.40157517000002
2008-03-13,32.645838,21.8382963,22.24921162,78.34645700000002
2008-03-14,31.260447449999997,18.45760155,21.149605349999998,67.32283488000002
2008-03-15,30.11325435,17.7323277,20.20708569,69.68503962000001
2008-03-16,30.9090261,18.16706475,23.03464467,68.11023646000001
2008-03-17,31.404647699999998,18.52596315,24.44842416,65.35433093000002
2008-03-18,31.606528049999998,17.7024195,22.24921162,65.74803172000001
2008-03-19,31.1247924,19.31212155,17.06535349,73.62204752000001
2008-03-20,31.89920115,18.8261133,19.10747942,75.59055147000001
2008-03-21,32.71099515,20.084394,20.52125891,76.77165384000001
2008-03-22,32.06369625,20.426202,17.53661332,79.13385858000001
2008-03-23,32.385209399999994,17.379838200000002,23.5059045,75.59055147000001
2008-03-24,33.2675013,20.0459406,22.563384839999998,70.4724412
2008-03-25,33.52706175,21.51891945,22.09212501,66.92913409
2008-03-26,33.5452203,20.51699475,23.19173128,66.14173251000001
2008-03-27,33.90945945,19.75006305,22.720471449999998,64.96063014
2008-03-28,31.7763639,20.1677097,11.72440875,66.53543330000001
2008-03-29,34.33031055,19.22453325,20.67834552,68.89763804
2008-03-30,32.8509228,20.87589315,21.9350384,62.5984254
2008-03-31,26.642834999999998,21.02970675,7.95433011,71.65354357000001
2008-04-01,31.379012099999997,19.8835818,16.43700705,71.65354357000001
2008-04-02,29.8216494,19.98291975,13.45236146,81.49606332000002
2008-04-03,28.066678949999996,16.94510115,21.46377857,66.92913409
2008-04-04,29.725515899999998,13.686175500000001,22.87755806,60.23622066
2008-04-05,30.41020005,14.1347985,22.09212501,61.02362224
2008-04-06,31.712274899999997,16.54561305,21.149605349999998,62.99212619
2008-04-07,32.92035255,17.8754598,21.149605349999998,59.842519870000004
2008-04-08,33.59115075,17.8156434,22.09212501,54.7244096
2008-04-09,33.96713955,18.0314097,20.992518739999998,55.118110390000005
2008-04-10,35.0534481,20.60244675,19.89291247,62.5984254
2008-04-11,35.7947442,21.1162269,19.26456603,68.11023646000001
2008-04-12,33.24720645,20.5095177,8.58267655,82.67716569000001
2008-04-13,32.5732038,18.9799269,12.82401502,80.70866174000001
2008-04-14,24.609077399999997,14.24481795,12.19566858,83.46456727000002
2008-04-15,24.69987015,8.7128691,18.7933062,74.40944910000002
2008-04-16,21.48901125,17.85516495,4.812597909999999,92.12598465
2008-04-17,25.4144625,19.23735105,6.854723839999999,90.15748070000001
2008-04-18,27.9096609,18.14356545,13.92362129,81.10236253000001
2008-04-19,23.099781450000002,16.794491999999998,4.6555113,91.33858307000001
2008-04-20,26.7539226,14.33881515,16.12283383,84.64566964000001
2008-04-21,28.2536052,16.05853665,16.90826688,81.49606332000002
2008-04-22,28.53452865,15.3866703,19.10747942,77.16535463000001
2008-04-23,28.415964,14.9295021,19.26456603,75.59055147000001
2008-04-24,28.0485204,13.77483195,19.10747942,74.01574831
2008-04-25,29.80562715,14.25336315,17.06535349,72.04724436000001
2008-04-26,29.8494213,18.51528165,15.33740078,75.59055147000001
2008-04-27,27.13952475,18.42342075,9.21102299,79.92126016000002
2008-04-28,32.032719900000004,19.76928975,15.96574722,76.77165384000001
2008-04-29,25.7562705,17.7002832,3.2417318099999997,89.76377991000001
2008-04-30,22.2527385,9.3879399,17.53661332,74.80314989000001
2008-05-01,18.3903081,12.9149712,3.8700782499999997,85.82677201000001
2008-05-02,16.7410845,13.7780364,4.6555113,94.0944886
2008-05-03,17.87439165,13.521680400000001,8.73976316,91.33858307000001
2008-05-04,20.331136649999998,13.29096,8.89684977,89.76377991000001
2008-05-05,21.534941699999997,13.9510767,15.49448739,84.64566964000001
2008-05-06,22.7633142,8.4137871,17.53661332,77.16535463000001
2008-05-07,24.36874365,8.2941543,18.16495976,72.83464594000002
2008-05-08,24.88572825,14.54389995,12.82401502,74.01574831
2008-05-09,24.04402605,11.2871106,17.69369993,71.25984278000001
2008-05-10,25.86415365,11.5349214,16.12283383,75.59055147000001
2008-05-11,24.900682349999997,14.4808791,12.5098418,78.74015779000001
2008-05-12,23.076282149999997,15.9570624,8.73976316,78.34645700000002
2008-05-13,21.9814284,16.59047535,7.483070279999999,80.31496095000001
2008-05-14,25.37280465,12.25165005,16.43700705,78.74015779000001
2008-05-15,26.52640665,10.83528315,17.06535349,74.80314989000001
2008-05-16,26.47727175,13.4597277,15.651574,71.65354357000001
2008-05-17,26.671675049999997,12.41187255,16.43700705,73.22834673000001
2008-05-18,28.7983617,15.53941575,15.023227559999999,74.40944910000002
2008-05-19,30.89514015,18.0250008,14.70905434,73.22834673000001
2008-05-20,31.29462825,18.73104795,16.279920439999998,66.53543330000001
2008-05-21,30.857754899999996,16.1984643,15.180314169999999,66.14173251000001
2008-05-22,30.33115695,17.81243895,15.180314169999999,60.23622066
2008-05-23,29.3025285,15.92181345,16.12283383,64.56692935000001
2008-05-24,28.4608263,14.77034775,12.82401502,71.65354357000001
2008-05-25,25.2777393,16.153602,14.0807079,77.55905542
2008-05-26,27.9694773,13.42875135,13.92362129,78.34645700000002
2008-05-27,29.6592906,16.4441388,15.023227559999999,69.29133883000002
2008-05-28,28.53239235,17.74407735,7.483070279999999,68.50393725
2008-05-29,22.754769,10.7573082,2.92755859,93.30708702000001
2008-05-30,16.9931679,6.44518665,15.808660609999999,75.19685068000001
2008-05-31,17.248455749999998,4.57378785,7.7972434999999995,72.83464594000002
2008-06-01,19.97864715,11.48685465,8.58267655,83.85826806000001
2008-06-02,22.2036036,12.9854691,10.78188909,80.70866174000001
2008-06-03,17.69280615,14.508651,1.6708657099999997,90.94488228000002
2008-06-04,21.2721768,14.33881515,7.483070279999999,91.33858307000001
2008-06-05,27.217499699999998,15.7220694,12.5098418,84.64566964000001
2008-06-06,28.7534994,17.9181858,13.76653468,81.49606332000002
2008-06-07,28.70756895,17.02628055,14.23779451,79.13385858000001
2008-06-08,28.758840149999997,18.1681329,14.0807079,74.01574831
2008-06-09,26.47513545,16.3373238,5.598030959999999,82.28346490000001
2008-06-10,16.5936798,5.2424497500000005,15.651574,74.40944910000002
2008-06-11,15.1580862,5.61630225,6.069290789999999,80.70866174000001
2008-06-12,16.8436269,12.2377641,1.6708657099999997,92.91338623000001
2008-06-13,21.61932555,16.40888985,4.1842514699999995,94.48818939000002
2008-06-14,21.4922157,17.62230825,4.9696845199999995,94.48818939000002
2008-06-15,18.76522875,9.66031815,12.82401502,70.4724412
2008-06-16,16.62038355,1.7773711500000005,16.279920439999998,62.99212619
2008-06-17,19.8323106,2.5977103500000016,15.808660609999999,68.89763804
2008-06-18,22.8744018,8.8367745,10.46771587,70.07874041000001
2008-06-19,27.36597255,14.2651128,11.56732214,67.32283488000002
2008-06-20,24.39224295,14.2992936,4.9696845199999995,80.70866174000001
2008-06-21,14.44990275,8.2108386,8.42558994,82.67716569000001
2008-06-22,17.9331399,6.9098319,12.98110163,77.55905542
2008-06-23,22.5112308,7.468474350000001,11.41023553,75.19685068000001
2008-06-24,17.26127355,13.85814765,3.8700782499999997,89.76377991000001
2008-06-25,22.20894435,15.2157663,9.21102299,88.18897675000001
2008-06-26,21.9130668,15.12924615,7.7972434999999995,79.92126016000002
2008-06-27,23.63599275,16.43666175,7.95433011,84.64566964000001
2008-06-28,19.72229115,12.62550255,4.6555113,90.94488228000002
2008-06-29,19.285417799999998,10.557564150000001,8.42558994,89.76377991000001
2008-06-30,23.266412850000002,8.57721405,13.76653468,85.43307122000002
2008-07-01,27.408698549999997,12.36487395,14.55196773,72.83464594000002
2008-07-02,25.09935825,16.9995768,8.58267655,70.86614199000002
2008-07-03,27.254884949999997,16.6962222,11.41023553,70.86614199000002
2008-07-04,27.6853494,14.6432379,14.70905434,69.29133883000002
2008-07-05,27.3990852,14.48408355,15.023227559999999,68.50393725
2008-07-06,27.7558473,13.03780845,15.023227559999999,63.77952777000001
2008-07-07,29.320687049999997,16.73147115,14.0807079,60.23622066
2008-07-08,22.53152565,17.26981875,4.9696845199999995,72.83464594000002
2008-07-09,27.9951129,14.39222265,14.55196773,69.68503962000001
2008-07-10,27.00707415,15.77440875,14.55196773,64.56692935000001
2008-07-11,25.66975035,13.1371464,15.49448739,68.89763804
2008-07-12,27.7387569,13.86242025,15.49448739,63.385826980000004
2008-07-13,28.1617443,14.03546055,14.55196773,61.81102382
2008-07-14,27.87654825,14.5876941,15.651574,60.629921450000005
2008-07-15,26.39822865,13.4020476,15.96574722,59.842519870000004
2008-07-16,27.76973325,12.40973625,16.12283383,57.874015920000005
2008-07-17,28.8517692,13.2076443,16.279920439999998,55.118110390000005
2008-07-18,29.28436995,13.2012354,16.12283383,56.29921276
2008-07-19,29.429638349999998,13.7032659,15.180314169999999,55.905511970000006
2008-07-20,29.7062892,16.76778825,12.03858197,54.7244096
2008-07-21,31.4900997,17.06473395,14.86614095,50.39370091
2008-07-22,24.09956985,17.57530965,7.7972434999999995,74.80314989000001
2008-07-23,25.81929135,14.55458145,11.41023553,86.22047280000001
2008-07-24,20.76907815,16.7346756,3.8700782499999997,92.12598465
2008-07-25,24.0109134,10.8384876,16.59409366,75.19685068000001
2008-07-26,26.226256499999998,10.980551550000001,15.651574,70.07874041000001
2008-07-27,27.59028405,16.11621675,14.70905434,70.86614199000002
2008-07-28,30.82250595,17.0230761,16.12283383,62.99212619
2008-07-29,30.5907174,17.461017599999998,15.180314169999999,55.905511970000006
2008-07-30,23.5323822,17.78893965,4.1842514699999995,70.86614199000002
2008-07-31,19.68383775,16.4825922,3.8700782499999997,92.12598465
2008-08-01,23.95430145,15.30228645,9.68228282,88.97637833000002
2008-08-02,25.2991023,17.22068385,12.19566858,83.85826806000001
2008-08-03,20.70712545,13.09976115,17.53661332,79.52755937
2008-08-04,23.172415649999998,6.585114300000001,18.63621959,75.19685068000001
2008-08-05,23.5067466,13.739583,6.383464009999999,79.92126016000002
2008-08-06,27.5892159,15.78722655,12.66692841,83.07086648
2008-08-07,25.11431235,18.877384499999998,9.83936943,87.40157517000002
2008-08-08,22.04444925,18.13502025,5.44094435,91.73228386000001
2008-08-09,20.1869364,17.09250585,4.027164859999999,92.91338623000001
2008-08-10,24.501194249999998,13.36252605,17.06535349,83.07086648
2008-08-11,27.684281249999998,15.936767549999999,16.59409366,74.40944910000002
2008-08-12,29.4435243,16.9718049,9.99645604,78.34645700000002
2008-08-13,22.71311115,14.54176365,8.89684977,89.37007912000001
2008-08-14,24.02907195,17.1768897,8.26850333,91.73228386000001
2008-08-15,24.12520545,17.04337095,10.31062926,87.40157517000002
2008-08-16,29.78853675,17.5956045,15.33740078,73.22834673000001
2008-08-17,31.79024985,18.3069924,15.808660609999999,55.905511970000006
2008-08-18,30.55760475,18.1659966,14.55196773,69.29133883000002
2008-08-19,31.4324196,16.47511515,18.007873149999998,69.68503962000001
2008-08-20,32.18332905,17.841279,18.7933062,55.51181118
2008-08-21,30.13675365,16.2839163,17.06535349,62.99212619
2008-08-22,25.7284986,17.4652902,10.15354265,83.85826806000001
2008-08-23,28.607162849999998,15.2478108,17.06535349,75.19685068000001
2008-08-24,30.16879815,16.56911235,18.007873149999998,66.53543330000001
2008-08-25,32.772947849999994,17.57103705,19.578739249999998,57.48031513
2008-08-26,32.9406474,16.2881889,19.89291247,51.18110249
2008-08-27,33.384997799999994,16.6620414,20.52125891,49.21259854
2008-08-28,32.30937075,16.62892875,11.72440875,58.661417500000006
2008-08-29,21.16215735,10.34820675,20.04999908,68.89763804
2008-08-30,24.5599425,7.84659945,21.77795179,57.086614340000004
2008-08-31,25.934651549999998,10.00639875,20.992518739999998,57.874015920000005
2008-09-01,30.021393449999998,12.46528005,21.30669196,55.905511970000006
2008-09-02,34.51189605,15.9378357,20.992518739999998,47.24409459
2008-09-03,36.62469675,19.2875541,19.89291247,38.18897642
2008-09-04,32.094672599999996,19.29289485,13.45236146,53.14960644000001
2008-09-05,20.80539525,11.29886025,4.34133808,88.97637833000002
2008-09-06,11.57230665,7.484496600000001,7.7972434999999995,89.37007912000001
2008-09-07,19.6592703,2.8081359000000017,22.720471449999998,70.07874041000001
2008-09-08,26.9483259,5.9014983,19.578739249999998,61.02362224
2008-09-09,31.7656824,15.7092516,19.421652639999998,61.81102382
2008-09-10,35.593931999999995,19.4755485,19.421652639999998,62.20472461000001
2008-09-11,37.16731695,21.44842155,15.49448739,56.29921276
2008-09-12,23.372159699999997,18.13074765,3.3988184199999996,90.94488228000002
2008-09-13,21.03825195,14.2223868,12.98110163,82.67716569000001
2008-09-14,24.051503099999998,7.960891500000001,23.977164329999997,64.96063014
2008-09-15,25.1773332,9.45523335,23.66299111,52.75590565
2008-09-16,26.617199399999997,7.833781650000001,24.291337549999998,55.118110390000005
2008-09-17,28.3198305,10.309753350000001,23.5059045,57.874015920000005
2008-09-18,26.8030575,13.42447875,23.82007772,51.96850407
2008-09-19,25.96455975,13.10617005,13.60944807,55.51181118
2008-09-20,18.9841995,15.311899799999999,1.8279523199999996,91.33858307000001
2008-09-21,21.2914035,12.45032595,19.73582586,75.59055147000001
2008-09-22,22.05726705,6.2678737500000015,22.24921162,64.56692935000001
2008-09-23,26.513588849999998,9.66672705,24.60551077,64.96063014
2008-09-24,27.97054545,12.48877935,23.34881789,57.086614340000004
2008-09-25,29.017332449999998,13.9275774,23.5059045,54.7244096
2008-09-26,30.1826841,15.042726,22.563384839999998,58.661417500000006
2008-09-27,31.39503435,15.3375354,24.76259738,53.14960644000001
2008-09-28,30.9602973,16.2454629,24.44842416,53.14960644000001
2008-09-29,23.692604699999997,16.9034433,3.7129916399999994,68.11023646000001
2008-09-30,28.8944952,17.1961164,19.421652639999998,77.95275621000002
2008-10-01,29.91885105,20.01069165,7.95433011,84.25196885000001
2008-10-02,28.36362465,18.3134013,22.563384839999998,76.77165384000001
2008-10-03,29.6400639,15.3225813,16.279920439999998,68.50393725
2008-10-04,24.0771387,18.59646105,2.4562987599999997,92.12598465
2008-10-05,22.8423573,17.296522500000002,14.55196773,83.46456727000002
2008-10-06,25.680431849999998,13.6434495,19.10747942,69.29133883000002
2008-10-07,29.37195825,14.07177765,26.96180992,54.330708810000004
2008-10-08,29.28436995,14.57594445,22.563384839999998,51.574803280000005
2008-10-09,28.050656699999998,14.1732519,26.96180992,56.69291355
2008-10-10,31.5093264,16.915192949999998,22.24921162,62.99212619
2008-10-11,28.105132349999998,18.37855845,19.421652639999998,81.49606332000002
2008-10-12,32.2719855,18.4843053,25.548030429999997,72.83464594000002
2008-10-13,36.19530045,21.29460795,23.19173128,61.02362224
2008-10-14,36.213459,23.21300535,15.808660609999999,64.56692935000001
2008-10-15,36.26579835,22.8380847,17.06535349,71.25984278000001
2008-10-16,29.6144283,22.3616898,6.540550619999999,83.85826806000001
2008-10-17,27.91500165,20.3920212,10.15354265,88.97637833000002
2008-10-18,26.2561647,18.3796266,15.49448739,84.25196885000001
2008-10-19,30.033143099999997,15.84063405,25.23385721,72.83464594000002
2008-10-20,31.364058,18.44051115,24.76259738,66.53543330000001
2008-10-21,33.43520085,21.30956205,23.19173128,66.53543330000001
2008-10-22,30.254250149999997,20.4091116,10.31062926,77.55905542
2008-10-23,33.4384053,20.718875099999998,18.63621959,80.70866174000001
2008-10-24,34.83234105,21.547759499999998,23.19173128,77.16535463000001
2008-10-25,36.8628942,23.6669691,22.24921162,64.96063014
2008-10-26,34.52898645,21.8596593,10.9389757,75.19685068000001
2008-10-27,31.39289805,20.41231605,19.89291247,82.67716569000001
2008-10-28,34.63366515,22.4300514,19.421652639999998,78.74015779000001
2008-10-29,31.3362861,18.9863358,8.89684977,84.64566964000001
2008-10-30,26.221983899999998,18.4864416,11.41023553,87.79527596000001
2008-10-31,30.6847146,18.12433875,26.49055009,74.40944910000002
2008-11-01,30.692191649999998,20.52981255,17.53661332,76.37795305000002
2008-11-02,23.8400094,19.63256655,5.12677113,93.30708702000001
2008-11-03,29.7554241,17.07327915,24.44842416,81.49606332000002
2008-11-04,31.170722849999997,18.3240828,23.03464467,73.62204752000001
2008-11-05,26.033989499999997,20.9666859,8.42558994,82.28346490000001
2008-11-06,23.67871875,19.3281438,8.58267655,89.37007912000001
2008-11-07,29.3943894,19.96796565,23.82007772,81.10236253000001
2008-11-08,33.223707149999996,20.85880275,23.34881789,76.37795305000002
2008-11-09,27.259157549999998,20.4945636,10.62480248,84.25196885000001
2008-11-10,32.3553012,19.20957915,27.275983139999997,77.55905542
2008-11-11,30.67723755,19.8622188,17.69369993,78.34645700000002
2008-11-12,29.237371349999997,17.8562331,22.87755806,81.10236253000001
2008-11-13,28.954311599999997,16.44520695,26.49055009,75.19685068000001
2008-11-14,31.44844185,17.2516602,30.417715339999997,66.53543330000001
2008-11-15,33.5986278,17.90216355,29.7893689,55.118110390000005
2008-11-16,30.13034475,20.65799055,21.149605349999998,64.56692935000001
2008-11-17,30.41447265,16.6641777,28.53267602,69.68503962000001
2008-11-18,31.6054599,17.2687506,28.2185028,62.99212619
2008-11-19,32.149148249999996,19.11344565,28.37558941,59.842519870000004
2008-11-20,30.9923418,17.94061695,27.590156359999998,61.02362224
2008-11-21,31.31599125,18.03034155,28.53267602,60.629921450000005
2008-11-22,32.5133874,17.99082,28.846849239999997,58.661417500000006
2008-11-23,33.41383785,19.806675,27.90432958,57.086614340000004
2008-11-24,34.447807049999994,20.5137903,27.90432958,57.086614340000004
2008-11-25,34.17863325,21.0222297,29.7893689,55.118110390000005
2008-11-26,34.3869225,21.1140906,30.417715339999997,53.93700802
2008-11-27,34.102794599999996,21.14506695,28.2185028,55.905511970000006
2008-11-28,34.46703375,21.4665801,28.2185028,55.51181118
2008-11-29,34.9722687,21.464443799999998,29.63228229,55.51181118
2008-11-30,35.3140767,20.81180415,27.118896529999997,59.44881908
2008-12-01,33.42879195,20.7210114,28.37558941,68.11023646000001
2008-12-02,28.008998849999998,19.36125645,19.10747942,71.65354357000001
2008-12-03,26.18887125,14.871822,25.39094382,63.385826980000004
2008-12-04,29.523635549999998,11.565897750000001,31.831494829999997,54.7244096
2008-12-05,31.9237686,14.6603283,31.360235,47.63779538
2008-12-06,34.1818377,17.11386885,31.831494829999997,42.12598432
2008-12-07,36.30852435,18.85495335,30.417715339999997,42.519685110000005
2008-12-08,37.8242292,21.60650775,28.2185028,41.732283530000004
2008-12-09,36.70801245,22.14699165,18.7933062,57.086614340000004
2008-12-10,26.343753,20.38668045,5.598030959999999,85.82677201000001
2008-12-11,31.55312055,20.169846,23.82007772,80.70866174000001
2008-12-12,32.98444155,20.8256901,26.96180992,69.68503962000001
2008-12-13,30.8363919,22.24526145,25.862203649999998,64.56692935000001
2008-12-14,32.393754599999994,20.49135915,23.5059045,70.86614199000002
2008-12-15,30.749871749999997,18.3240828,27.590156359999998,75.59055147000001
2008-12-16,31.231607399999998,18.74386575,26.96180992,69.29133883000002
2008-12-17,31.972903499999997,17.58812745,30.260628729999997,65.74803172000001
2008-12-18,33.17243594999999,19.550319000000002,29.7893689,63.385826980000004
2008-12-19,34.48412415,20.6013786,31.20314839,56.29921276
2008-12-20,35.1752172,20.7081936,29.94645551,53.14960644000001
2008-12-21,36.04575945,21.8489778,29.161022459999998,53.93700802
2008-12-22,35.86844655,22.27944225,30.103542119999997,56.69291355
2008-12-23,36.448452,22.247397749999998,30.260628729999997,51.96850407
2008-12-24,35.41341465,22.339258649999998,20.835432129999997,61.02362224
2008-12-25,33.6733983,21.1610892,29.63228229,70.4724412
2008-12-26,32.973760049999996,21.3063576,27.275983139999997,60.23622066
2008-12-27,33.4063608,20.4027027,29.161022459999998,56.69291355
2008-12-28,35.389915349999995,20.95493625,30.574801949999998,58.26771671
2008-12-29,37.35317505,21.55523655,22.720471449999998,57.874015920000005
2008-12-30,35.26600995,21.387537,24.291337549999998,65.35433093000002
2008-12-31,36.677036099999995,22.21321695,27.433069749999998,61.417323030000006
2009-01-01,32.54650005,21.39074145,22.563384839999998,75.98425226
2009-01-02,28.9436301,22.18330875,10.62480248,86.22047280000001
2009-01-03,26.200620899999997,20.27559285,17.850786539999998,84.25196885000001
2009-01-04,25.904743349999997,14.75966625,23.5059045,74.01574831
2009-01-05,28.524915299999996,15.44114595,25.705117039999998,69.68503962000001
2009-01-06,30.8556186,16.207009499999998,29.63228229,64.96063014
2009-01-07,33.4747224,18.88699785,29.63228229,54.7244096
2009-01-08,35.13569565,19.877172899999998,28.37558941,50.787401700000004
2009-01-09,35.64413505,21.07029645,24.44842416,55.905511970000006
2009-01-10,34.318560899999994,20.9474592,20.3641723,70.86614199000002
2009-01-11,32.70244995,20.0267139,28.689762629999997,73.22834673000001
2009-01-12,34.8504996,21.38860515,27.275983139999997,68.89763804
2009-01-13,28.75670385,20.9218236,8.73976316,83.07086648
2009-01-14,34.1369754,20.7551922,24.44842416,77.55905542
2009-01-15,29.5311126,20.64517275,16.12283383,79.13385858000001
2009-01-16,29.53431705,20.91221025,16.279920439999998,87.00787438000002
2009-01-17,30.611012249999998,21.6802101,22.24921162,82.67716569000001
2009-01-18,29.929532549999998,21.13011285,15.180314169999999,84.64566964000001
2009-01-19,27.900047549999996,21.95472465,16.59409366,87.79527596000001
2009-01-20,29.40186645,19.7190867,26.49055009,76.37795305000002
2009-01-21,30.8534823,18.6637545,24.44842416,74.40944910000002
2009-01-22,32.3147115,20.9218236,29.47519568,66.53543330000001
2009-01-23,31.814817299999998,19.4819574,30.417715339999997,63.77952777000001
2009-01-24,31.9237686,19.69986,28.2185028,62.5984254
2009-01-25,33.00794085,21.835091849999998,25.23385721,67.71653567000001
2009-01-26,32.90539845,22.61697765,20.20708569,74.01574831
2009-01-27,33.1072788,22.755837149999998,21.77795179,74.80314989000001
2009-01-28,32.1673068,22.1160153,21.46377857,77.95275621000002
2009-01-29,31.087407149999997,21.44201265,20.52125891,80.31496095000001
2009-01-30,33.08057505,20.18159565,25.862203649999998,71.65354357000001
2009-01-31,34.92633825,20.03205465,26.80472331,62.99212619
2009-02-01,35.81076645,19.97864715,28.37558941,58.661417500000006
2009-02-02,33.265365,22.6522266,17.2224401,63.385826980000004
2009-02-03,31.6033236,21.5776677,14.70905434,83.46456727000002
2009-02-04,32.00387985,19.48088925,27.90432958,77.55905542
2009-02-05,34.4061492,20.03205465,29.31810907,68.89763804
2009-02-06,30.68578275,21.929089049999998,8.73976316,81.49606332000002
2009-02-07,33.08484765,21.34160655,25.0767706,79.52755937
2009-02-08,33.49715355,22.1865132,23.19173128,75.19685068000001
2009-02-09,32.8487865,23.59540305,14.70905434,81.49606332000002
2009-02-10,33.4042245,22.497344849999998,19.421652639999998,81.10236253000001
2009-02-11,29.28436995,20.72421585,8.89684977,90.15748070000001
2009-02-12,31.3362861,19.09635525,26.33346348,77.95275621000002
2009-02-13,31.86715665,18.7299798,24.60551077,69.29133883000002
2009-02-14,32.781493049999995,21.55950915,26.49055009,66.92913409
2009-02-15,32.3553012,19.2277377,25.0767706,67.71653567000001
2009-02-16,33.22797975,21.985701,24.76259738,69.29133883000002
2009-02-17,31.684503,22.22603475,20.20708569,79.52755937
2009-02-18,33.143595899999994,22.6842711,19.73582586,77.55905542
2009-02-19,35.5063437,23.43945315,26.01929026,68.50393725
2009-02-20,36.28716135,23.343319649999998,24.44842416,64.96063014
2009-02-21,35.094037799999995,22.7868135,19.26456603,70.4724412
2009-02-22,36.51574545,22.38625725,23.82007772,67.71653567000001
2009-02-23,34.89429375,23.047442099999998,18.7933062,72.83464594000002
2009-02-24,33.1841856,21.9878373,18.7933062,81.49606332000002
2009-02-25,30.0886869,21.5114424,13.60944807,84.64566964000001
2009-02-26,29.7383337,21.86713635,12.03858197,85.82677201000001
2009-02-27,32.2121691,21.18352035,20.52125891,83.46456727000002
2009-02-28,32.12778525,22.0732893,18.007873149999998,82.28346490000001
2009-03-01,35.1004467,22.455686999999998,18.32204637,80.70866174000001
2009-03-02,36.10130325,23.276026199999997,22.563384839999998,75.98425226
2009-03-03,36.40038525,22.743019349999997,25.23385721,68.50393725
2009-03-04,36.99214035,21.29888055,27.275983139999997,57.48031513
2009-03-05,35.976329699999994,21.79450215,24.76259738,64.17322856000001
2009-03-06,35.1581268,22.76651865,26.01929026,70.4724412
2009-03-07,36.98359515,20.87375685,22.24921162,65.35433093000002
2009-03-08,32.8701495,21.76673025,10.9389757,82.67716569000001
2009-03-09,31.4110566,19.54497825,21.9350384,77.95275621000002
2009-03-10,29.43177465,18.7876599,11.88149536,73.62204752000001
2009-03-11,30.7851207,20.88443835,17.2224401,79.13385858000001
2009-03-12,31.47407745,21.1247721,17.2224401,81.49606332000002
2009-03-13,30.9602973,19.742586,18.63621959,77.95275621000002
2009-03-14,31.71120675,19.6293621,25.0767706,66.92913409
2009-03-15,32.50804665,16.4697744,25.548030429999997,59.842519870000004
2009-03-16,33.95218545,17.96197995,25.39094382,59.05511829
2009-03-17,34.078227150000004,19.78851645,24.91968399,57.48031513
2009-03-18,35.42623245,19.9070811,24.291337549999998,59.44881908
2009-03-19,33.677670899999995,21.24974565,24.134250939999998,62.20472461000001
2009-03-20,31.49971305,21.6396204,17.06535349,69.29133883000002
2009-03-21,32.73449445,21.35869695,17.69369993,75.19685068000001
2009-03-22,33.115824,19.9455345,23.03464467,72.44094515
2009-03-23,33.4490868,20.56826595,19.89291247,72.44094515
2009-03-24,32.97589635,20.8555983,16.59409366,74.40944910000002
2009-03-25,32.62767945,20.89084725,21.77795179,72.04724436000001
2009-03-26,32.465320649999995,21.80945625,19.73582586,62.99212619
2009-03-27,32.78790195,21.5776677,17.69369993,66.53543330000001
2009-03-28,33.0987336,20.62167345,20.835432129999997,70.07874041000001
2009-03-29,33.97568475,19.88037735,22.563384839999998,68.89763804
2009-03-30,32.4557073,21.6780738,17.06535349,70.86614199000002
2009-03-31,33.5473566,18.6445278,22.24921162,70.4724412
2009-04-01,34.4809197,19.3110534,21.149605349999998,63.77952777000001
2009-04-02,33.697965749999995,20.82462195,21.77795179,61.02362224
2009-04-03,33.1329144,20.2681158,22.563384839999998,63.385826980000004
2009-04-04,33.9382995,20.8171449,20.3641723,64.17322856000001
2009-04-05,28.32730755,20.6035149,8.26850333,84.25196885000001
2009-04-06,31.0265226,19.03867515,20.992518739999998,80.70866174000001
2009-04-07,32.1373986,19.7959935,20.20708569,75.59055147000001
2009-04-08,33.47579055,20.48281395,20.20708569,72.04724436000001
2009-04-09,32.0733096,18.9713817,19.73582586,70.07874041000001
2009-04-10,30.487106849999996,16.1664198,22.09212501,56.29921276
2009-04-11,30.45078975,12.1501758,22.24921162,49.21259854
2009-04-12,32.881899149999995,16.0531959,21.77795179,54.330708810000004
2009-04-13,32.48454735,18.47896455,19.26456603,61.02362224
2009-04-14,33.14680035,19.6101354,19.578739249999998,68.11023646000001
2009-04-15,33.390338549999996,17.20786605,20.835432129999997,53.14960644000001
2009-04-16,31.54243905,17.41081455,20.20708569,60.629921450000005
2009-04-17,29.898556199999998,16.94510115,20.835432129999997,60.629921450000005
2009-04-18,31.483690799999998,15.2072211,20.52125891,59.05511829
2009-04-19,32.611657199999996,17.5293792,19.10747942,57.48031513
2009-04-20,31.31812755,17.79748485,15.96574722,58.661417500000006
2009-04-21,31.144019099999998,17.82525675,15.33740078,65.74803172000001
2009-04-22,23.6712417,18.16279215,4.027164859999999,85.82677201000001
2009-04-23,28.24399185,16.4975463,14.394881119999999,81.88976411000002
2009-04-24,29.45527395,15.1388595,19.26456603,73.62204752000001
2009-04-25,30.1399581,16.7603112,19.26456603,67.71653567000001
2009-04-26,30.653738249999996,16.15039755,18.32204637,65.74803172000001
2009-04-27,31.2444252,16.1941917,18.47913298,63.385826980000004
2009-04-28,31.422806249999997,15.2670375,18.32204637,62.20472461000001
2009-04-29,31.7785002,17.5528785,17.69369993,60.629921450000005
2009-04-30,31.437760349999998,16.40675355,18.007873149999998,60.629921450000005
2009-05-01,29.05578585,15.18906255,18.32204637,62.5984254
2009-05-02,27.10320765,15.66332115,10.9389757,73.62204752000001
2009-05-03,22.2676926,16.29566595,7.7972434999999995,85.03937043
2009-05-04,26.5616556,14.03546055,17.37952671,77.55905542
2009-05-05,28.859246249999998,14.89852575,16.90826688,73.62204752000001
2009-05-06,27.76118805,17.22709275,13.29527485,69.68503962000001
2009-05-07,28.6317303,13.08267075,14.86614095,66.53543330000001
2009-05-08,23.172415649999998,17.35527075,2.6133853699999996,88.18897675000001
2009-05-09,27.092526149999998,14.50971915,14.23779451,87.00787438000002
2009-05-10,29.8366035,18.0954987,14.394881119999999,80.31496095000001
2009-05-11,31.1162472,19.831242449999998,12.82401502,78.74015779000001
2009-05-12,32.17478385,20.6206053,13.60944807,75.59055147000001
2009-05-13,30.48497055,20.2211172,10.78188909,78.34645700000002
2009-05-14,24.5962596,15.5853462,1.6708657099999997,91.33858307000001
2009-05-15,17.76330405,9.8408355,16.12283383,77.95275621000002
2009-05-16,21.59796255,6.1621269000000005,17.850786539999998,70.4724412
2009-05-17,25.63556955,9.636818850000001,17.37952671,68.11023646000001
2009-05-18,28.223697,14.41572195,15.180314169999999,66.92913409
2009-05-19,30.087618749999997,15.8246118,15.808660609999999,68.50393725
2009-05-20,28.8944952,17.07114285,15.808660609999999,71.65354357000001
2009-05-21,28.616776199999997,17.1085281,16.43700705,71.25984278000001
2009-05-22,28.7492268,15.55650615,16.279920439999998,69.68503962000001
2009-05-23,29.279029199999997,16.31916525,15.180314169999999,66.92913409
2009-05-24,26.296754399999998,17.008122,6.69763723,75.59055147000001
2009-05-25,29.8451487,19.89746775,10.31062926,85.03937043
2009-05-26,24.338835449999998,19.20317025,3.3988184199999996,91.33858307000001
2009-05-27,23.32409295,18.39137625,4.027164859999999,92.12598465
2009-05-28,23.2418454,19.67742885,4.812597909999999,92.91338623000001
2009-05-29,23.7652389,18.26747085,4.34133808,91.33858307000001
2009-05-30,21.1909974,14.78637,2.14212554,94.48818939000002
2009-05-31,14.94766065,10.7508993,4.34133808,92.51968544000002
2009-06-01,14.58448965,8.762004000000001,5.283857739999999,85.43307122000002
2009-06-02,16.37470905,7.942732950000001,14.55196773,80.70866174000001
2009-06-03,17.14804965,1.7378496000000005,16.43700705,70.4724412
2009-06-04,21.7742073,4.3249089000000005,16.12283383,65.74803172000001
2009-06-05,21.4195815,8.83784265,8.11141672,67.71653567000001
2009-06-06,23.1072585,9.3772584,15.33740078,69.68503962000001
2009-06-07,24.7949355,6.9440127,14.394881119999999,67.32283488000002
2009-06-08,23.668037249999998,14.63148825,9.05393638,72.83464594000002
2009-06-09,19.373006099999998,14.9978637,2.4562987599999997,85.82677201000001
2009-06-10,19.2234651,15.2008122,4.812597909999999,93.30708702000001
2009-06-11,21.55737285,12.85835925,12.82401502,82.28346490000001
2009-06-12,20.1036207,7.048691400000001,15.651574,73.22834673000001
2009-06-13,20.89939245,4.393270500000002,15.180314169999999,73.62204752000001
2009-06-14,23.25786765,8.6530527,14.55196773,72.44094515
2009-06-15,21.7699347,11.9109102,7.168897059999999,77.16535463000001
2009-06-16,17.6169675,13.46720475,2.4562987599999997,92.51968544000002
2009-06-17,19.5268197,7.78251045,13.60944807,87.00787438000002
2009-06-18,22.7163156,8.19268005,14.86614095,79.92126016000002
2009-06-19,24.7308465,9.9134697,15.180314169999999,74.01574831
2009-06-20,25.746657149999997,12.53364165,15.023227559999999,72.04724436000001
2009-06-21,27.9395691,12.61268475,14.55196773,72.04724436000001
2009-06-22,24.700938299999997,15.5447565,6.2263774,76.77165384000001
2009-06-23,20.6526498,16.6812681,2.7704719799999995,88.18897675000001
2009-06-24,18.18415515,14.90066205,3.8700782499999997,94.88189018000001
2009-06-25,16.373640899999998,13.2503703,4.34133808,93.30708702000001
2009-06-26,20.08332585,12.051906,7.01181045,90.55118149000002
2009-06-27,20.33327295,16.581930149999998,4.34133808,93.30708702000001
2009-06-28,24.03334455,16.97928195,9.99645604,88.18897675000001
2009-06-29,27.421516349999997,16.6748592,11.41023553,79.92126016000002
2009-06-30,22.4492781,13.5409071,14.23779451,75.59055147000001
2009-07-01,22.755837149999998,9.38259915,7.640156889999999,75.98425226
2009-07-02,24.301450199999998,15.06302085,11.56732214,87.79527596000001
2009-07-03,24.6795753,11.4238338,13.76653468,75.59055147000001
2009-07-04,23.7631026,14.3462922,9.99645604,83.46456727000002
2009-07-05,20.42940645,16.8756714,2.92755859,92.51968544000002
2009-07-06,27.321110249999997,15.02029485,13.60944807,80.70866174000001
2009-07-07,29.054717699999998,16.5146367,14.23779451,74.01574831
2009-07-08,24.12520545,17.24631945,4.498424689999999,83.85826806000001
2009-07-09,20.631286799999998,16.45588845,3.8700782499999997,94.0944886
2009-07-10,20.4881547,17.4588813,1.6708657099999997,96.06299255000002
2009-07-11,18.18201885,9.720134550000001,9.83936943,87.40157517000002
2009-07-12,18.58791585,3.086923050000001,16.12283383,78.74015779000001
2009-07-13,19.6015902,8.66907495,8.58267655,79.52755937
2009-07-14,21.7613895,10.518042600000001,13.92362129,74.40944910000002
2009-07-15,24.8397978,12.88399485,9.05393638,77.16535463000001
2009-07-16,22.51657155,16.59474795,5.598030959999999,87.40157517000002
2009-07-17,21.31169835,16.2134184,6.540550619999999,94.0944886
2009-07-18,24.51614835,14.038665,11.72440875,86.22047280000001
2009-07-19,25.459324799999997,11.4216975,15.808660609999999,74.80314989000001
2009-07-20,22.6671807,13.7908542,10.46771587,76.37795305000002
2009-07-21,25.0149744,15.76159095,9.83936943,72.44094515
2009-07-22,23.801555999999998,13.2760059,6.2263774,81.49606332000002
2009-07-23,16.1066034,10.30014,10.78188909,79.52755937
2009-07-24,12.6158892,2.087134650000001,16.279920439999998,69.29133883000002
2009-07-25,15.13565505,0.3172101000000005,11.56732214,68.11023646000001
2009-07-26,13.90087365,9.226649250000001,3.3988184199999996,84.25196885000001
2009-07-27,17.11173255,11.230498650000001,5.283857739999999,92.51968544000002
2009-07-28,19.3302801,14.59944375,4.6555113,94.88189018000001
2009-07-29,19.61120355,11.020073100000001,14.70905434,81.88976411000002
2009-07-30,22.297600799999998,7.8102823500000005,13.76653468,69.29133883000002
2009-07-31,22.97587605,13.4533188,7.168897059999999,81.10236253000001
2009-08-01,25.59925245,17.36167965,9.83936943,85.03937043
2009-08-02,21.48260235,14.85793605,4.1842514699999995,91.73228386000001
2009-08-03,20.13032445,5.7840018,16.12283383,82.67716569000001
2009-08-04,26.82335235,10.191188700000001,17.2224401,75.59055147000001
2009-08-05,30.650533799999998,17.4332457,16.75118027,68.50393725
2009-08-06,30.2617272,17.57317335,13.29527485,71.25984278000001
2009-08-07,30.2147286,20.31618255,10.9389757,74.80314989000001
2009-08-08,29.775718949999998,18.95535945,12.66692841,69.29133883000002
2009-08-09,23.497133249999997,10.95491595,2.92755859,92.12598465
2009-08-10,15.918609,10.191188700000001,7.95433011,87.79527596000001
2009-08-11,22.92033225,7.7686245000000005,18.95039281,79.13385858000001
2009-08-12,24.87931935,10.5735864,19.421652639999998,69.68503962000001
2009-08-13,30.1805478,12.8722452,18.63621959,64.17322856000001
2009-08-14,31.3320135,16.11408045,18.007873149999998,62.99212619
2009-08-15,31.03613595,17.65435275,18.47913298,49.21259854
2009-08-16,31.929109349999997,17.5592874,16.12283383,50.00000012
2009-08-17,25.32366975,17.50908435,7.7972434999999995,80.31496095000001
2009-08-18,20.6804217,17.59026375,3.5559050299999995,94.0944886
2009-08-19,21.45910305,17.8177797,4.498424689999999,93.70078781000001
2009-08-20,19.3345527,12.16833435,6.69763723,88.18897675000001
2009-08-21,19.831242449999998,7.923506250000001,20.04999908,77.95275621000002
2009-08-22,23.5537452,8.4757398,20.3641723,72.44094515
2009-08-23,19.18821615,14.01623385,7.325983669999999,83.07086648
2009-08-24,22.676794049999998,15.75518205,10.9389757,87.40157517000002
2009-08-25,26.6599254,13.8827151,20.20708569,76.77165384000001
2009-08-26,26.680220249999998,14.76393885,20.67834552,70.07874041000001
2009-08-27,28.958584199999997,13.8805788,20.3641723,67.32283488000002
2009-08-28,29.3943894,16.1343753,20.835432129999997,59.05511829
2009-08-29,30.71141835,14.35804185,21.30669196,59.44881908
2009-08-30,32.3339382,15.8310207,21.149605349999998,55.905511970000006
2009-08-31,32.7569256,15.95813055,21.149605349999998,53.54330723
2009-09-01,33.077370599999995,18.2535849,17.06535349,59.44881908
2009-09-02,34.66143705,20.0608947,18.16495976,62.5984254
2009-09-03,27.39054,19.25444145,9.52519621,84.64566964000001
2009-09-04,24.222407099999998,19.258714050000002,9.05393638,90.15748070000001
2009-09-05,28.18203915,15.6814797,17.69369993,82.28346490000001
2009-09-06,26.8906458,18.1937685,18.16495976,76.77165384000001
2009-09-07,31.5883695,18.26106195,18.63621959,75.19685068000001
2009-09-08,28.9607205,14.34095145,2.7704719799999995,86.61417359000001
2009-09-09,15.15060915,12.1309491,2.6133853699999996,92.51968544000002
2009-09-10,17.19077565,11.646009,5.44094435,92.12598465
2009-09-11,21.38646885,13.15957755,7.95433011,91.33858307000001
2009-09-12,19.48302555,14.37299595,7.483070279999999,93.70078781000001
2009-09-13,24.4232193,12.688523400000001,20.67834552,78.74015779000001
2009-09-14,28.47898485,11.80516335,23.34881789,67.71653567000001
2009-09-15,32.3211204,17.8348701,18.7933062,70.07874041000001
2009-09-16,25.97310495,20.65585425,3.2417318099999997,84.25196885000001
2009-09-17,30.304453199999998,19.73083635,13.29527485,81.49606332000002
2009-09-18,26.41531905,19.06003815,9.05393638,77.95275621000002
2009-09-19,25.2691941,13.7139474,21.46377857,73.22834673000001
2009-09-20,25.163447249999997,8.9884518,25.0767706,59.842519870000004
2009-09-21,26.867146499999997,14.1219807,18.007873149999998,61.417323030000006
2009-09-22,27.3414051,17.81243895,8.73976316,84.64566964000001
2009-09-23,20.9453229,15.1602225,5.598030959999999,91.33858307000001
2009-09-24,23.20659645,11.1162066,23.66299111,75.59055147000001
2009-09-25,26.8222842,11.13650145,23.66299111,68.11023646000001
2009-09-26,31.107702,19.03440255,16.43700705,66.53543330000001
2009-09-27,36.42174824999999,22.1074701,20.835432129999997,59.44881908
2009-09-28,29.996826,15.43260075,4.6555113,85.82677201000001
2009-09-29,19.78210755,12.6692967,10.62480248,83.85826806000001
2009-09-30,20.6291505,12.32642055,8.42558994,74.80314989000001
2009-10-01,19.68811035,15.2072211,4.498424689999999,87.40157517000002
2009-10-02,24.5898507,12.2356278,19.421652639999998,77.55905542
2009-10-03,32.61058905,16.37470905,23.34881789,65.35433093000002
2009-10-04,34.935951599999996,20.714602499999998,23.66299111,62.99212619
2009-10-05,35.423028,21.8553867,23.977164329999997,61.02362224
2009-10-06,29.42322945,18.118998,4.498424689999999,76.37795305000002
2009-10-07,27.2730435,16.52852265,14.70905434,83.85826806000001
2009-10-08,26.3138448,18.6851175,9.99645604,86.61417359000001
2009-10-09,27.9331602,17.54326515,18.95039281,79.92126016000002
2009-10-10,29.1038526,16.5744531,25.705117039999998,68.50393725
2009-10-11,33.0795069,17.4012012,13.60944807,66.14173251000001
2009-10-12,28.4010099,16.5039552,19.10747942,75.98425226
2009-10-13,28.7620446,11.98461255,28.06141619,59.44881908
2009-10-14,32.661860250000004,17.540060699999998,19.578739249999998,72.44094515
2009-10-15,26.217711299999998,19.5246834,11.72440875,87.40157517000002
2009-10-16,24.180749249999998,18.881657099999998,7.483070279999999,90.55118149000002
2009-10-17,25.271330399999997,19.7959935,7.640156889999999,90.94488228000002
2009-10-18,29.146578599999998,19.5310923,15.49448739,85.43307122000002
2009-10-19,24.7650273,20.89939245,5.12677113,91.73228386000001
2009-10-20,29.0055828,17.67998835,22.406298229999997,81.88976411000002
2009-10-21,31.40571585,19.5054567,16.43700705,80.31496095000001
2009-10-22,28.204470299999997,18.15851955,20.52125891,83.85826806000001
2009-10-23,32.5539771,16.8457632,27.74724297,73.62204752000001
2009-10-24,27.497355,19.05790185,5.7551175699999995,80.31496095000001
2009-10-25,29.304664799999998,16.8948981,18.95039281,84.64566964000001
2009-10-26,29.521499249999998,21.31810725,16.59409366,81.49606332000002
2009-10-27,31.2465615,20.14527855,23.34881789,73.62204752000001
2009-10-28,31.935518249999998,19.2726,27.90432958,66.14173251000001
2009-10-29,34.2224274,20.13459705,28.53267602,64.56692935000001
2009-10-30,34.594143599999995,19.8259017,29.161022459999998,57.874015920000005
2009-10-31,35.4636177,18.62850555,29.31810907,52.75590565
2009-11-01,36.214527149999995,20.12818815,27.90432958,51.18110249
2009-11-02,37.46212635,22.37771205,28.37558941,51.574803280000005
2009-11-03,38.4288021,23.70649065,25.0767706,55.118110390000005
2009-11-04,38.04960885,24.67423455,26.01929026,57.48031513
2009-11-05,35.6281128,23.155325249999997,21.30669196,68.50393725
2009-11-06,31.437760349999998,22.84983435,14.86614095,83.07086648
2009-11-07,29.0312184,22.589205749999998,8.42558994,87.00787438000002
2009-11-08,29.108125199999996,20.535153299999998,17.06535349,82.28346490000001
2009-11-09,32.919284399999995,20.26491135,24.91968399,75.98425226
2009-11-10,31.926973049999997,20.66653575,12.5098418,82.67716569000001
2009-11-11,23.64881055,18.6124833,5.91220418,91.73228386000001
2009-11-12,31.07031675,19.56847755,18.47913298,83.46456727000002
2009-11-13,35.269214399999996,23.1734838,26.01929026,73.62204752000001
2009-11-14,36.37474965,23.6904684,23.34881789,70.07874041000001
2009-11-15,31.6887756,21.10020465,12.03858197,78.74015779000001
2009-11-16,28.8368151,19.6955874,19.26456603,82.67716569000001
2009-11-17,32.2313958,21.6118485,24.60551077,75.98425226
2009-11-18,35.20832985,23.25786765,25.862203649999998,68.89763804
2009-11-19,37.656529649999996,23.83680495,27.118896529999997,63.385826980000004
2009-11-20,34.798160249999995,23.571903749999997,16.75118027,72.04724436000001
2009-11-21,33.094460999999995,23.23223205,22.720471449999998,73.62204752000001
2009-11-22,33.40956525,20.672944649999998,16.12283383,78.74015779000001
2009-11-23,33.21729825,18.8496126,26.80472331,80.31496095000001
2009-11-24,32.827423499999995,23.464020599999998,15.651574,80.31496095000001
2009-11-25,34.2544719,22.83701655,19.89291247,79.13385858000001
2009-11-26,33.4960854,23.13182595,20.20708569,79.52755937
2009-11-27,30.5565366,22.5860013,17.06535349,85.82677201000001
2009-11-28,31.529621249999998,20.872688699999998,18.007873149999998,85.43307122000002
2009-11-29,34.2245637,21.11302245,27.90432958,80.31496095000001
2009-11-30,29.4477969,21.0307749,14.394881119999999,81.10236253000001
2009-12-01,33.1094151,20.71567065,26.49055009,75.98425226
2009-12-02,33.9404358,23.16600675,20.52125891,79.13385858000001
2009-12-03,28.758840149999997,22.23671625,14.23779451,84.25196885000001
2009-12-04,30.458266799999997,21.7656621,21.149605349999998,74.01574831
2009-12-05,29.3367093,19.6015902,24.76259738,73.62204752000001
2009-12-06,30.92718465,20.29909215,25.23385721,73.22834673000001
2009-12-07,31.1995629,21.78168435,21.30669196,79.92126016000002
2009-12-08,32.20469205,21.28392645,24.44842416,80.31496095000001
2009-12-09,30.88232235,22.9171278,22.09212501,77.55905542
2009-12-10,32.62127055,22.7163156,27.74724297,75.98425226
2009-12-11,30.7723029,22.19612655,14.86614095,83.07086648
2009-12-12,27.05407275,21.2999487,17.69369993,87.00787438000002
2009-12-13,28.48112115,15.8523837,31.98858144,72.83464594000002
2009-12-14,31.05536265,15.98162985,28.37558941,70.07874041000001
2009-12-15,32.4236628,20.597106,27.590156359999998,74.01574831
2009-12-16,33.5964915,21.6695286,28.689762629999997,73.22834673000001
2009-12-17,32.73663075,21.15574845,28.2185028,75.59055147000001
2009-12-18,32.772947849999994,20.96348145,28.06141619,75.98425226
2009-12-19,32.453571,22.21748955,29.63228229,74.01574831
2009-12-20,32.7248811,22.4620959,24.134250939999998,74.40944910000002
2009-12-21,32.106422249999994,23.1521208,13.76653468,83.46456727000002
2009-12-22,32.99298675,22.50802635,21.62086518,82.67716569000001
2009-12-23,32.40550425,22.372371299999998,21.149605349999998,84.25196885000001
2009-12-24,31.89065595,22.672521449999998,17.2224401,85.82677201000001
2009-12-25,30.530901,22.4300514,16.43700705,86.61417359000001
2009-12-26,32.84985465,22.512298949999998,22.563384839999998,85.43307122000002
2009-12-27,30.701805,22.9577175,17.53661332,85.03937043
2009-12-28,32.78362935,22.3467357,26.6476367,79.52755937
2009-12-29,33.06775725,23.04637395,21.62086518,81.49606332000002
2009-12-30,26.6898336,22.4385966,8.11141672,91.33858307000001
2009-12-31,31.3234683,22.09785675,21.62086518,85.43307122000002
2010-01-01,30.5074017,22.47384555,23.66299111,75.98425226
2010-01-02,32.548636349999995,22.64261325,25.0767706,75.59055147000001
2010-01-03,33.011145299999995,24.46914975,21.9350384,78.34645700000002
2010-01-04,33.74923695,23.4319761,26.49055009,75.19685068000001
2010-01-05,34.61016585,23.49072435,27.74724297,72.44094515
2010-01-06,34.298266049999995,23.7951471,25.862203649999998,75.98425226
2010-01-07,34.30253865,21.7784799,25.705117039999998,78.34645700000002
2010-01-08,32.3424834,23.834668649999998,21.77795179,77.95275621000002
2010-01-09,31.256174849999997,23.44372575,19.10747942,81.10236253000001
2010-01-10,27.5934885,23.28777585,11.41023553,88.58267754
2010-01-11,31.55098425,23.33691075,20.04999908,84.64566964000001
2010-01-12,29.12842005,23.347592249999998,12.03858197,88.97637833000002
2010-01-13,29.279029199999997,21.11088615,13.60944807,88.97637833000002
2010-01-14,31.091679749999997,21.4388082,25.862203649999998,81.49606332000002
2010-01-15,32.3958909,19.77356235,22.09212501,77.55905542
2010-01-16,29.87612505,22.62765915,19.421652639999998,80.70866174000001
2010-01-17,31.7464557,23.6477424,20.20708569,83.46456727000002
2010-01-18,31.7806365,23.42449905,18.95039281,84.64566964000001
2010-01-19,32.01883395,23.33263815,18.95039281,81.49606332000002
2010-01-20,26.31491295,22.34780385,8.73976316,90.55118149000002
2010-01-21,29.79921825,19.9498071,29.003935849999998,77.95275621000002
2010-01-22,31.1888814,18.30165165,29.161022459999998,71.65354357000001
2010-01-23,33.60824115,19.5588642,29.63228229,68.89763804
2010-01-24,33.009009,21.61718925,25.23385721,74.80314989000001
2010-01-25,31.891724099999998,20.5458348,23.34881789,78.74015779000001
2010-01-26,32.9556015,19.5780909,28.06141619,76.37795305000002
2010-01-27,32.594566799999996,21.3213117,20.835432129999997,78.34645700000002
2010-01-28,31.1739273,19.9070811,22.406298229999997,81.88976411000002
2010-01-29,32.87655839999999,21.98676915,25.862203649999998,77.95275621000002
2010-01-30,33.522789149999994,22.4172336,24.60551077,77.16535463000001
2010-01-31,32.87655839999999,22.797494999999998,26.01929026,77.95275621000002
2010-02-01,33.414906,22.839152849999998,24.44842416,74.40944910000002
2010-02-02,35.309804099999994,24.038685299999997,26.33346348,69.29133883000002
2010-02-03,37.0637064,23.2204824,29.47519568,62.99212619
2010-02-04,37.473876,24.05257125,26.33346348,59.44881908
2010-02-05,37.5336924,24.00343635,29.161022459999998,61.02362224
2010-02-06,37.04341155,24.36019845,25.548030429999997,64.56692935000001
2010-02-07,37.53262425,24.5449884,26.80472331,65.74803172000001
2010-02-08,35.81931165,21.10874985,17.850786539999998,75.19685068000001
2010-02-09,32.3595738,20.38881675,23.66299111,80.31496095000001
2010-02-10,31.7806365,22.68320295,19.26456603,82.28346490000001
2010-02-11,32.78790195,23.266412850000002,19.89291247,79.52755937
2010-02-12,30.7060776,23.4127494,19.26456603,78.34645700000002
2010-02-13,30.237159749999996,22.348872,13.45236146,81.88976411000002
2010-02-14,29.0440362,22.2591474,14.23779451,83.46456727000002
2010-02-15,27.921410549999997,22.9320819,10.78188909,90.15748070000001
2010-02-16,25.83210915,21.03184305,6.854723839999999,93.30708702000001
2010-02-17,29.2619388,22.220693999999998,15.49448739,87.40157517000002
2010-02-18,32.89685325,23.11687185,20.67834552,78.74015779000001
2010-02-19,32.9342385,23.20232385,23.19173128,73.62204752000001
2010-02-20,34.8334092,23.45654355,23.5059045,73.62204752000001
2010-02-21,34.58880284999999,24.389038499999998,20.992518739999998,77.16535463000001
2010-02-22,35.0534481,23.722512899999998,19.578739249999998,78.74015779000001
2010-02-23,35.418755399999995,24.27474645,24.134250939999998,73.62204752000001
2010-02-24,32.0583555,22.86906105,13.45236146,84.25196885000001
2010-02-25,30.441176399999996,21.46551195,18.95039281,82.28346490000001
2010-02-26,30.03634755,20.97629925,19.578739249999998,75.19685068000001
2010-02-27,26.21664315,21.7742073,8.58267655,82.28346490000001
2010-02-28,30.162389249999997,21.21129225,17.69369993,82.28346490000001
2010-03-01,32.1138993,19.7831757,25.39094382,73.22834673000001
2010-03-02,33.02075865,19.8472647,27.275983139999997,66.92913409
2010-03-03,33.04318979999999,20.30336475,27.275983139999997,65.35433093000002
2010-03-04,33.41597415,21.4153089,24.76259738,66.92913409
2010-03-05,34.63580145,22.37984835,25.705117039999998,66.92913409
2010-03-06,34.0301604,17.80603005,27.590156359999998,60.23622066
2010-03-07,32.199351300000004,18.0527727,27.118896529999997,56.69291355
2010-03-08,32.9705556,17.3264307,24.291337549999998,62.99212619
2010-03-09,33.7652592,19.1743302,25.39094382,61.81102382
2010-03-10,35.1965802,20.7808278,24.134250939999998,62.5984254
2010-03-11,33.5345388,20.4732006,25.548030429999997,62.99212619
2010-03-12,34.68493635,20.11964295,25.705117039999998,61.81102382
2010-03-13,35.16774015,19.752199349999998,17.37952671,65.35433093000002
2010-03-14,29.841944249999997,20.53408515,13.13818824,87.40157517000002
2010-03-15,28.984219799999998,19.31853045,15.023227559999999,85.43307122000002
2010-03-16,33.47792685,20.71780695,24.60551077,75.19685068000001
2010-03-17,32.968419299999994,21.42064965,25.0767706,69.29133883000002
2010-03-18,33.6733983,21.0542742,24.91968399,66.92913409
2010-03-19,34.844090699999995,21.4345356,20.20708569,69.29133883000002
2010-03-20,29.317482599999998,22.70670225,7.640156889999999,82.67716569000001
2010-03-21,30.73491765,20.2168446,17.06535349,86.22047280000001
2010-03-22,27.6148515,19.98932865,11.56732214,86.22047280000001
2010-03-23,25.68256815,21.2700405,3.3988184199999996,88.58267754
2010-03-24,29.096375549999998,20.575743,16.279920439999998,85.03937043
2010-03-25,32.12137635,20.6782854,19.578739249999998,81.88976411000002
2010-03-26,30.4176771,21.63855225,16.75118027,83.07086648
2010-03-27,29.14764675,21.664187849999998,12.82401502,87.00787438000002
2010-03-28,30.379223699999997,21.6417567,17.69369993,85.03937043
2010-03-29,31.39717065,20.53622145,20.20708569,81.10236253000001
2010-03-30,32.6223387,20.63876385,20.992518739999998,76.77165384000001
2010-03-31,31.9579494,20.3087055,18.7933062,75.98425226
2010-04-01,32.17905645,21.14079435,21.77795179,73.22834673000001
2010-04-02,31.521076049999998,20.8790976,20.3641723,73.22834673000001
2010-04-03,31.41639735,20.51058585,19.89291247,77.55905542
2010-04-04,30.6056715,20.91648285,19.421652639999998,81.10236253000001
2010-04-05,24.768231749999998,19.1551035,7.325983669999999,86.22047280000001
2010-04-06,25.880175899999998,15.4806675,21.149605349999998,75.19685068000001
2010-04-07,26.15682675,12.766498349999999,22.563384839999998,66.92913409
2010-04-08,27.04766385,14.146548150000001,20.835432129999997,65.35433093000002
2010-04-09,26.941916999999997,13.3016415,20.67834552,63.77952777000001
2010-04-10,27.42792525,15.15915435,20.67834552,64.56692935000001
2010-04-11,28.100859749999998,14.765007,20.835432129999997,66.53543330000001
2010-04-12,29.108125199999996,15.13138245,20.52125891,67.32283488000002
2010-04-13,30.8769816,16.3116882,20.04999908,65.74803172000001
2010-04-14,30.808619999999998,17.62871715,18.63621959,66.14173251000001
2010-04-15,29.9882808,18.0954987,18.47913298,69.68503962000001
2010-04-16,31.674889649999997,18.294174599999998,19.10747942,72.04724436000001
2010-04-17,32.551840799999994,19.00449435,18.7933062,65.74803172000001
2010-04-18,33.2632287,18.60927885,19.10747942,60.629921450000005
2010-04-19,33.05493945,18.956427599999998,18.7933062,60.23622066
2010-04-20,33.465109049999995,20.2232535,16.12283383,61.81102382
2010-04-21,33.478995,21.558441,10.31062926,69.68503962000001
2010-04-22,31.9365864,22.505890049999998,11.72440875,80.31496095000001
2010-04-23,24.69559755,18.88913415,2.6133853699999996,91.33858307000001
2010-04-24,21.68982345,17.1726171,3.5559050299999995,92.91338623000001
2010-04-25,29.47877325,19.934853,10.78188909,88.18897675000001
2010-04-26,23.62958385,18.8432037,4.6555113,94.0944886
2010-04-27,24.5727603,15.20828925,16.12283383,83.07086648
2010-04-28,24.988270649999997,16.7282667,9.83936943,83.07086648
2010-04-29,25.531959,18.98099505,13.13818824,84.64566964000001
2010-04-30,27.434334149999998,15.89617785,15.33740078,80.31496095000001
2010-05-01,28.4202366,15.9378357,17.2224401,78.34645700000002
2010-05-02,28.813315799999998,16.71865335,15.49448739,76.37795305000002
2010-05-03,27.48987795,17.7045558,9.68228282,76.77165384000001
2010-05-04,24.06966165,17.6340579,12.98110163,84.25196885000001
2010-05-05,24.742596149999997,13.2375525,15.33740078,79.52755937
2010-05-06,30.2019108,15.8523837,16.279920439999998,77.55905542
2010-05-07,25.16985615,20.91648285,4.498424689999999,87.40157517000002
2010-05-08,22.1288331,16.3010067,6.69763723,88.58267754
2010-05-09,20.04487245,10.605630900000001,17.2224401,78.34645700000002
2010-05-10,20.34075,9.3430776,13.45236146,79.92126016000002
2010-05-11,18.4907142,11.03823165,12.19566858,84.64566964000001
2010-05-12,19.2661911,9.8322903,12.66692841,86.22047280000001
2010-05-13,23.771647799999997,9.38046285,15.96574722,81.88976411000002
2010-05-14,25.23608145,12.6692967,15.180314169999999,79.13385858000001
2010-05-15,25.483892249999997,15.3781251,9.83936943,75.98425226
2010-05-16,23.49926955,16.46870625,5.7551175699999995,82.28346490000001
2010-05-17,22.10212935,17.48131245,2.29921215,89.37007912000001
2010-05-18,19.0867419,11.04250425,6.540550619999999,91.33858307000001
2010-05-19,17.6532846,10.890826950000001,7.325983669999999,88.97637833000002
2010-05-20,18.76309245,11.52530805,9.52519621,85.82677201000001
2010-05-21,24.09956985,10.08544185,16.279920439999998,81.88976411000002
2010-05-22,25.54370865,13.61674575,13.29527485,81.49606332000002
2010-05-23,26.38968345,16.29139335,13.29527485,80.31496095000001
2010-05-24,22.3467357,18.4458519,3.3988184199999996,85.82677201000001
2010-05-25,22.45034625,16.59474795,8.26850333,89.37007912000001
2010-05-26,24.634712999999998,12.9128349,14.0807079,87.40157517000002
2010-05-27,25.1196531,14.24054535,15.33740078,79.92126016000002
2010-05-28,23.759898149999998,13.42447875,15.023227559999999,76.77165384000001
2010-05-29,25.4443707,14.7265536,11.56732214,80.31496095000001
2010-05-30,21.214496699999998,15.51591645,4.498424689999999,86.61417359000001
2010-05-31,16.6556325,11.98888515,7.168897059999999,84.64566964000001
2010-06-01,21.32878875,6.2774871,15.023227559999999,79.92126016000002
2010-06-02,22.14485535,11.29886025,15.808660609999999,75.98425226
2010-06-03,22.3424631,12.6821145,9.21102299,81.49606332000002
2010-06-04,19.38902835,17.2879773,2.4562987599999997,93.30708702000001
2010-06-05,19.618680599999998,12.28369455,14.23779451,82.67716569000001
2010-06-06,20.418724949999998,6.8201073,15.49448739,80.70866174000001
2010-06-07,22.95024045,7.610538300000001,15.023227559999999,75.19685068000001
2010-06-08,24.909227549999997,12.9683787,14.70905434,67.71653567000001
2010-06-09,24.04188975,11.7143706,14.394881119999999,69.68503962000001
2010-06-10,24.21065745,14.85579975,11.41023553,76.37795305000002
2010-06-11,24.164727,12.4941201,14.23779451,80.70866174000001
2010-06-12,23.242913549999997,12.8402007,14.70905434,71.65354357000001
2010-06-13,22.84128915,11.29672395,15.180314169999999,72.83464594000002
2010-06-14,24.656076,12.35846505,13.13818824,75.19685068000001
2010-06-15,27.5892159,15.9057912,12.03858197,72.44094515
2010-06-16,29.2939833,17.2473876,13.60944807,66.92913409
2010-06-17,29.34845895,17.74407735,13.13818824,66.92913409
2010-06-18,29.24378025,17.5251066,11.09606231,65.35433093000002
2010-06-19,30.828914849999997,18.13502025,12.5098418,62.20472461000001
2010-06-20,27.237794549999997,18.07520385,7.7972434999999995,82.28346490000001
2010-06-21,22.53793455,16.45161585,6.069290789999999,89.37007912000001
2010-06-22,23.652015,12.95662905,11.56732214,82.28346490000001
2010-06-23,23.122212599999997,12.9641061,9.68228282,80.31496095000001
2010-06-24,29.63899575,16.65883695,14.23779451,72.04724436000001
2010-06-25,30.523423949999998,17.84021085,13.45236146,66.92913409
2010-06-26,30.0224616,17.3755656,14.0807079,68.11023646000001
2010-06-27,29.021605049999998,15.1516773,14.394881119999999,65.74803172000001
2010-06-28,25.7349075,15.68254785,11.56732214,78.34645700000002
2010-06-29,26.02223985,14.4125175,12.03858197,82.67716569000001
2010-06-30,27.01561935,14.77675665,13.76653468,74.01574831
2010-07-01,28.415964,16.22089545,14.0807079,69.68503962000001
2010-07-02,28.2856497,13.851738749999999,14.55196773,63.385826980000004
2010-07-03,28.396737299999998,14.74257585,14.55196773,64.56692935000001
2010-07-04,28.9372212,15.17624475,14.86614095,64.56692935000001
2010-07-05,29.37836715,15.55009725,14.86614095,58.661417500000006
2010-07-06,29.75221965,15.938903849999999,15.023227559999999,58.661417500000006
2010-07-07,29.691335099999996,15.5810736,12.35275519,60.23622066
2010-07-08,29.12628375,16.123693799999998,13.13818824,67.32283488000002
2010-07-09,24.696665699999997,15.67186635,5.7551175699999995,75.19685068000001
2010-07-10,26.4484317,14.8632768,13.76653468,80.31496095000001
2010-07-11,23.39031825,16.06815,9.05393638,83.85826806000001
2010-07-12,21.61291665,13.45652325,4.1842514699999995,84.25196885000001
2010-07-13,14.3270655,5.974132500000001,13.13818824,75.59055147000001
2010-07-14,16.4441388,2.4876909000000005,11.41023553,63.77952777000001
2010-07-15,12.4129407,5.3684914500000005,3.7129916399999994,75.19685068000001
2010-07-16,10.6761288,8.064502050000002,1.8279523199999996,91.33858307000001
2010-07-17,14.27258985,9.16683285,2.7704719799999995,94.48818939000002
2010-07-18,16.26575775,11.93975025,2.92755859,91.33858307000001
2010-07-19,14.27045355,7.174733100000001,2.92755859,92.91338623000001
2010-07-20,19.71801855,5.295857250000001,15.180314169999999,87.00787438000002
2010-07-21,30.0737328,16.44734325,12.03858197,71.65354357000001
2010-07-22,24.30679095,14.23200015,6.2263774,90.55118149000002
2010-07-23,16.57124865,12.3232161,6.69763723,90.55118149000002
2010-07-24,28.329443849999997,13.46720475,13.92362129,77.95275621000002
2010-07-25,28.8389514,17.0572569,12.98110163,68.50393725
2010-07-26,22.3360542,9.402894,16.279920439999998,70.86614199000002
2010-07-27,26.1493497,7.052964,13.92362129,66.92913409
2010-07-28,27.4866735,15.8865645,14.86614095,70.4724412
2010-07-29,29.47236435,15.747705,16.279920439999998,66.14173251000001
2010-07-30,30.680442,16.8137187,16.43700705,58.26771671
2010-07-31,27.9288876,17.7665085,6.2263774,60.629921450000005
2010-08-01,21.62146185,14.47126575,9.68228282,79.13385858000001
2010-08-02,18.3903081,7.01130615,8.73976316,72.04724436000001
2010-08-03,15.20615295,7.481292150000001,7.640156889999999,84.25196885000001
2010-08-04,12.22281,7.110644100000001,1.6708657099999997,90.94488228000002
2010-08-05,13.5003174,5.718844650000001,8.42558994,88.97637833000002
2010-08-06,19.89319515,2.9715628500000015,15.808660609999999,84.64566964000001
2010-08-07,25.518073049999998,11.5263762,17.850786539999998,70.4724412
2010-08-08,28.70970525,12.92031195,17.06535349,65.74803172000001
2010-08-09,25.9976724,11.11727475,15.33740078,70.86614199000002
2010-08-10,28.75670385,13.36038975,15.651574,73.62204752000001
2010-08-11,29.2555299,15.2713101,17.06535349,69.29133883000002
2010-08-12,29.902828799999998,17.008122,12.03858197,57.48031513
2010-08-13,25.88978925,10.897235850000001,11.56732214,74.40944910000002
2010-08-14,16.0339692,8.85920565,13.13818824,74.80314989000001
2010-08-15,21.1504077,4.016213550000002,20.20708569,66.92913409
2010-08-16,22.9171278,8.399901150000002,20.04999908,57.086614340000004
2010-08-17,25.79579205,10.54261005,19.421652639999998,56.69291355
2010-08-18,27.81245925,12.2377641,19.10747942,57.086614340000004
2010-08-19,28.888086299999998,13.8848514,16.43700705,54.330708810000004
2010-08-20,29.0013102,14.62507935,14.55196773,56.29921276
2010-08-21,30.236091599999998,16.1258301,15.49448739,55.51181118
2010-08-22,32.7248811,14.06750505,18.95039281,50.00000012
2010-08-23,34.63473329999999,17.07755175,19.89291247,40.15748037
2010-08-24,33.6178545,16.71224445,15.023227559999999,42.12598432
2010-08-25,34.51189605,17.790007799999998,15.808660609999999,45.275590640000004
2010-08-26,33.671262,17.69707875,15.651574,47.24409459
2010-08-27,34.65502815,16.46656995,17.53661332,40.15748037
2010-08-28,35.427300599999995,19.09635525,18.007873149999998,36.220472470000004
2010-08-29,33.56124255,18.82077255,13.76653468,40.94488195
2010-08-30,34.483056,18.2856294,15.96574722,48.818897750000005
2010-08-31,32.77081155,18.88486155,17.37952671,48.031496170000004
2010-09-01,33.269637599999996,20.82034935,12.98110163,45.66929143
2010-09-02,29.01519615,20.2275261,11.88149536,65.74803172000001
2010-09-03,26.500771049999997,16.248667349999998,12.5098418,75.59055147000001
2010-09-04,19.94233005,12.51441495,13.29527485,78.34645700000002
2010-09-05,22.11494715,9.1721736,18.32204637,68.50393725
2010-09-06,24.884660099999998,12.01024815,11.88149536,63.77952777000001
2010-09-07,27.8519808,12.6821145,20.20708569,69.29133883000002
2010-09-08,28.7940891,14.05255095,22.24921162,60.629921450000005
2010-09-09,29.404002749999997,15.683616,23.34881789,53.14960644000001
2010-09-10,31.71761565,16.0788315,20.3641723,50.39370091
2010-09-11,32.94385185,19.38689205,12.98110163,50.00000012
2010-09-12,33.9468447,19.9626249,12.66692841,49.21259854
2010-09-13,35.7135648,20.997662249999998,16.75118027,33.464566940000005
2010-09-14,24.591987,14.86434495,17.2224401,75.98425226
2010-09-15,26.79344415,8.83784265,24.291337549999998,64.17322856000001
2010-09-16,32.13419415,13.30484595,21.30669196,55.118110390000005
2010-09-17,30.779779949999998,16.79983275,16.43700705,58.661417500000006
2010-09-18,30.96350175,15.33433095,23.34881789,46.062992220000005
2010-09-19,25.8182232,14.45203905,13.60944807,59.44881908
2010-09-20,30.894072,17.0978466,15.96574722,62.5984254
2010-09-21,33.59542335,20.6334231,12.82401502,56.29921276
2010-09-22,33.2140938,21.4024911,11.25314892,49.606299330000006
2010-09-23,26.542428899999997,17.9673207,4.9696845199999995,73.62204752000001
2010-09-24,25.32794235,15.7434324,11.88149536,85.43307122000002
2010-09-25,29.487318449999997,14.5535133,20.20708569,74.80314989000001
2010-09-26,22.89042405,17.01346275,3.5559050299999995,88.58267754
2010-09-27,24.936999450000002,16.77846975,8.58267655,89.37007912000001
2010-09-28,24.80027625,18.2322219,8.11141672,88.18897675000001
2010-09-29,25.91969745,16.60756575,12.5098418,87.40157517000002
2010-09-30,27.691758299999996,13.82610315,21.30669196,67.71653567000001
2010-10-01,25.21258215,17.5186977,7.325983669999999,77.95275621000002
2010-10-02,24.5599425,16.01153805,20.67834552,79.13385858000001
2010-10-03,25.8823122,11.1290244,14.70905434,70.07874041000001
2010-10-04,20.66653575,15.875883,3.5559050299999995,89.76377991000001
2010-10-05,27.77614215,13.248234,23.977164329999997,80.70866174000001
2010-10-06,33.8058489,16.1514657,25.705117039999998,64.96063014
2010-10-07,27.375585899999997,18.2023137,7.640156889999999,78.74015779000001
2010-10-08,24.12093285,12.6222981,25.862203649999998,70.86614199000002
2010-10-09,29.16046455,12.2569908,26.80472331,61.81102382
2010-10-10,29.73940185,15.69109305,26.33346348,57.48031513
2010-10-11,29.900692499999998,15.7028427,26.96180992,57.48031513
2010-10-12,28.9649931,16.1877828,24.44842416,56.29921276
2010-10-13,28.133972399999998,15.4336689,18.95039281,51.96850407
2010-10-14,30.637715999999998,19.88892255,16.279920439999998,58.661417500000006
2010-10-15,28.021816649999998,19.87183215,11.72440875,79.13385858000001
2010-10-16,23.652015,19.285417799999998,6.854723839999999,87.79527596000001
2010-10-17,27.434334149999998,17.84875605,12.5098418,86.22047280000001
2010-10-18,26.11410075,14.4360168,29.003935849999998,68.89763804
2010-10-19,30.47642535,12.934197900000001,28.846849239999997,53.54330723
2010-10-20,32.847718349999994,16.2027369,28.53267602,51.96850407
2010-10-21,32.04233325,17.90857245,16.12283383,58.26771671
2010-10-22,22.709906699999998,17.99188815,3.2417318099999997,82.28346490000001
2010-10-23,24.284359799999997,17.87439165,10.15354265,88.97637833000002
2010-10-24,30.1015047,17.1042555,22.87755806,79.13385858000001
2010-10-25,29.90603325,19.1743302,20.04999908,69.68503962000001
2010-10-26,27.6404871,14.11877625,29.94645551,54.330708810000004
2010-10-27,29.54713485,11.90343315,30.103542119999997,47.63779538
2010-10-28,33.56337885,14.24054535,29.003935849999998,45.66929143
2010-10-29,32.8060605,19.26725925,12.35275519,53.93700802
2010-10-30,28.12222275,18.5953929,9.83936943,83.85826806000001
2010-10-31,28.079496749999997,16.8436269,28.37558941,66.92913409
2010-11-01,29.0739444,14.0664369,30.731888559999998,44.48818906
2010-11-02,30.03207495,14.7607344,30.731888559999998,44.48818906
2010-11-03,32.22819135,15.3738525,30.574801949999998,44.48818906
2010-11-04,35.157058649999996,16.9589871,29.7893689,42.9133859
2010-11-05,27.78041475,18.7342524,4.9696845199999995,72.83464594000002
2010-11-06,27.980158799999998,15.63554925,26.6476367,74.40944910000002
2010-11-07,31.014772949999998,14.6539194,30.417715339999997,55.118110390000005
2010-11-08,35.189103149999994,18.6509367,30.260628729999997,53.93700802
2010-11-09,32.92889775,20.24141205,13.13818824,70.07874041000001
2010-11-10,25.12285755,16.2668259,26.17637687,72.83464594000002
2010-11-11,29.6678358,13.03567215,28.37558941,56.69291355
2010-11-12,31.012636649999997,18.695799,27.74724297,55.905511970000006
2010-11-13,27.9011157,19.6464525,21.46377857,62.20472461000001
2010-11-14,31.9558131,17.819916,29.161022459999998,62.20472461000001
2010-11-15,29.3281641,18.9478824,17.2224401,63.385826980000004
2010-11-16,28.46616705,17.8540968,24.91968399,75.19685068000001
2010-11-17,29.6849262,18.23115375,29.31810907,61.417323030000006
2010-11-18,30.033143099999997,15.14206395,30.88897517,48.818897750000005
2010-11-19,33.96286695,16.5787257,27.74724297,48.818897750000005
2010-11-20,28.50675675,19.79706165,18.7933062,77.55905542
2010-11-21,29.5994742,20.18373195,13.76653468,79.92126016000002
2010-11-22,28.6595022,20.9367777,23.5059045,81.10236253000001
2010-11-23,31.2743334,18.38923995,28.06141619,72.04724436000001
2010-11-24,28.36362465,19.80560685,21.62086518,72.44094515
2010-11-25,29.37195825,17.27195505,27.590156359999998,71.25984278000001
2010-11-26,31.97397165,17.1897075,30.731888559999998,59.05511829
2010-11-27,34.87506705,17.7173736,28.37558941,57.086614340000004
2010-11-28,30.6761694,19.9049448,11.09606231,71.25984278000001
2010-11-29,30.18161595,18.802614,20.3641723,81.49606332000002
2010-11-30,30.36533775,21.1781796,19.26456603,81.10236253000001
2010-12-01,28.37857875,21.4195815,16.75118027,82.67716569000001
2010-12-02,31.2850149,22.1459235,17.69369993,83.46456727000002
2010-12-03,27.36810885,19.960488599999998,11.88149536,88.58267754
2010-12-04,30.03634755,21.839364449999998,13.60944807,87.00787438000002
2010-12-05,25.40698545,20.381339699999998,7.95433011,89.76377991000001
2010-12-06,29.8387398,18.503532,21.62086518,84.64566964000001
2010-12-07,29.28650625,21.61505295,17.2224401,87.40157517000002
2010-12-08,29.4905229,21.2337234,14.70905434,86.61417359000001
2010-12-09,32.8338324,20.1997542,29.003935849999998,74.01574831
2010-12-10,31.5007812,21.4623075,14.394881119999999,80.70866174000001
2010-12-11,30.058778699999998,20.85239385,18.95039281,82.28346490000001
2010-12-12,34.3377876,22.45675515,21.62086518,78.34645700000002
2010-12-13,23.4084768,14.95406955,12.19566858,84.25196885000001
2010-12-14,25.9613553,10.71565035,29.31810907,67.71653567000001
2010-12-15,27.75691545,14.7415077,25.548030429999997,74.80314989000001
2010-12-16,25.97524125,16.97714565,14.55196773,77.95275621000002
2010-12-17,31.11731535,19.77997125,20.992518739999998,78.34645700000002
2010-12-18,32.844513899999995,21.942975,27.590156359999998,77.55905542
2010-12-19,32.27946255,22.1843769,30.103542119999997,74.80314989000001
2010-12-20,31.64925405,22.4065521,19.10747942,79.13385858000001
2010-12-21,32.149148249999996,21.57873585,25.548030429999997,81.10236253000001
2010-12-22,29.9391459,22.01881365,17.2224401,85.03937043
2010-12-23,30.773371049999998,21.0564105,18.95039281,85.03937043
2010-12-24,30.8769816,21.88209045,17.53661332,87.00787438000002
2010-12-25,31.0243863,22.468504799999998,21.62086518,85.03937043
2010-12-26,33.17457225,22.3937343,26.49055009,79.13385858000001
2010-12-27,32.473865849999996,21.7421628,24.76259738,80.70866174000001
2010-12-28,32.373459749999995,20.922891749999998,24.60551077,80.31496095000001
2010-12-29,33.078438750000004,20.0181687,28.846849239999997,78.74015779000001
2010-12-30,31.6182777,21.0158208,29.161022459999998,75.98425226
2010-12-31,30.744531,20.1506193,26.49055009,68.50393725
2011-01-01,28.693683,21.344811,13.29527485,81.10236253000001
2011-01-02,31.196358449999998,18.2834931,25.23385721,81.49606332000002
2011-01-03,29.5182948,19.743654149999998,22.87755806,81.49606332000002
2011-01-04,31.55739315,19.53429675,27.275983139999997,77.95275621000002
2011-01-05,33.01007715,20.6077875,27.74724297,74.80314989000001
2011-01-06,33.5259936,20.6248779,27.433069749999998,75.19685068000001
2011-01-07,33.5153121,22.1416509,27.74724297,75.59055147000001
2011-01-08,34.00559294999999,21.96967875,28.53267602,76.37795305000002
2011-01-09,33.14252775,21.914134949999998,22.87755806,78.34645700000002
2011-01-10,34.65930075,22.0177455,25.862203649999998,78.34645700000002
2011-01-11,30.38029185,22.3253727,17.53661332,85.43307122000002
2011-01-12,28.8944952,22.330713449999998,14.55196773,87.79527596000001
2011-01-13,31.65993555,19.6208169,27.275983139999997,79.13385858000001
2011-01-14,33.468313499999994,18.9201105,28.37558941,70.86614199000002
2011-01-15,34.07181825,19.87824105,27.90432958,68.11023646000001
2011-01-16,33.4490868,20.90152875,23.03464467,76.37795305000002
2011-01-17,31.694116349999998,20.74130625,21.30669196,82.67716569000001
2011-01-18,30.189093,21.6481656,19.10747942,85.82677201000001
2011-01-19,32.8402413,19.96155675,27.90432958,80.31496095000001
2011-01-20,32.46745695,22.10853825,20.992518739999998,81.49606332000002
2011-01-21,32.40123165,21.65137005,19.421652639999998,83.46456727000002
2011-01-22,30.6783057,21.88636305,19.26456603,83.07086648
2011-01-23,33.1649589,22.31362305,19.578739249999998,80.70866174000001
2011-01-24,33.73855545,21.747503549999998,23.977164329999997,80.31496095000001
2011-01-25,34.47130635,21.7272087,26.01929026,77.55905542
2011-01-26,34.06327305,21.87568155,28.689762629999997,74.01574831
2011-01-27,33.65951235,21.8276148,26.01929026,75.59055147000001
2011-01-28,32.81140125,21.61932555,20.04999908,80.31496095000001
2011-01-29,33.5559018,22.1416509,22.09212501,81.88976411000002
2011-01-30,32.995123050000004,21.8553867,22.406298229999997,83.46456727000002
2011-01-31,32.61272535,22.04017665,23.5059045,79.52755937
2011-02-01,31.920564149999997,22.2954645,15.33740078,85.03937043
2011-02-02,31.8639522,21.9792921,21.149605349999998,83.46456727000002
2011-02-03,32.9491926,23.043169499999998,23.03464467,81.49606332000002
2011-02-04,31.73684235,22.918195949999998,15.49448739,86.22047280000001
2011-02-05,32.58922604999999,22.3125549,19.10747942,85.43307122000002
2011-02-06,30.95922915,22.96733085,16.279920439999998,86.61417359000001
2011-02-07,30.6633516,22.6949526,13.60944807,88.18897675000001
2011-02-08,30.6825783,23.0153976,15.180314169999999,88.18897675000001
2011-02-09,29.6827899,22.9128552,15.180314169999999,89.76377991000001
2011-02-10,28.9350849,20.8449168,17.2224401,84.25196885000001
2011-02-11,29.8387398,22.126696799999998,14.55196773,86.22047280000001
2011-02-12,29.1764868,22.385189099999998,13.60944807,91.33858307000001
2011-02-13,29.2897107,22.4279151,10.62480248,90.94488228000002
2011-02-14,31.764614249999997,20.885506499999998,24.91968399,82.67716569000001
2011-02-15,31.585165049999997,20.1762549,19.578739249999998,79.13385858000001
2011-02-16,32.99298675,21.039320099999998,23.5059045,76.37795305000002
2011-02-17,33.521721,22.376643899999998,23.34881789,75.59055147000001
2011-02-18,34.31108385,22.00813215,25.548030429999997,75.59055147000001
2011-02-19,33.106210649999994,21.75818505,21.9350384,77.16535463000001
2011-02-20,34.1732925,21.839364449999998,21.9350384,75.98425226
2011-02-21,34.78534245,21.0542742,23.19173128,74.40944910000002
2011-02-22,30.1613211,21.64068855,12.82401502,83.46456727000002
2011-02-23,31.110906449999998,21.1760433,16.90826688,85.03937043
2011-02-24,31.577688,22.2826467,12.82401502,88.58267754
2011-02-25,32.661860250000004,21.7677984,21.149605349999998,83.85826806000001
2011-02-26,33.648830849999996,22.3211001,20.52125891,83.07086648
2011-02-27,33.62746785,22.1117427,19.421652639999998,84.25196885000001
2011-02-28,30.5714907,22.3830528,12.98110163,83.07086648
2011-03-01,30.2574546,21.7870251,16.75118027,74.40944910000002
2011-03-02,30.14316255,21.076705349999997,16.279920439999998,72.44094515
2011-03-03,29.229894299999998,21.2251782,16.59409366,68.11023646000001
2011-03-04,32.73129,19.5631368,23.82007772,66.14173251000001
2011-03-05,32.3702553,19.61974875,24.44842416,66.92913409
2011-03-06,32.9620104,18.04102305,24.60551077,66.53543330000001
2011-03-07,31.087407149999997,20.48495025,20.992518739999998,70.07874041000001
2011-03-08,32.652246899999994,21.23479155,23.5059045,66.14173251000001
2011-03-09,33.84109785,19.81842465,18.16495976,67.71653567000001
2011-03-10,33.493949099999995,21.96754245,18.007873149999998,72.04724436000001
2011-03-11,30.96991065,21.82013775,14.394881119999999,83.46456727000002
2011-03-12,33.352953299999996,21.4452171,20.835432129999997,77.16535463000001
2011-03-13,34.5834621,20.9795037,22.720471449999998,70.86614199000002
2011-03-14,33.0752343,19.59197685,25.0767706,70.86614199000002
2011-03-15,34.84088625,19.20317025,24.44842416,68.89763804
2011-03-16,34.03336485,20.92930065,25.23385721,66.53543330000001
2011-03-17,33.677670899999995,21.085250549999998,23.66299111,68.50393725
2011-03-18,32.635156499999994,22.637272499999998,15.33740078,76.37795305000002
2011-03-19,34.34099205,21.0564105,22.09212501,73.62204752000001
2011-03-20,32.2313958,20.09187105,23.5059045,66.92913409
2011-03-21,32.62127055,19.90387665,20.835432129999997,65.35433093000002
2011-03-22,30.104709149999998,20.725284,12.03858197,73.22834673000001
2011-03-23,29.6806536,21.36083325,12.35275519,78.34645700000002
2011-03-24,32.79644715,22.4364603,13.45236146,75.98425226
2011-03-25,34.95197385,22.4620959,22.09212501,72.83464594000002
2011-03-26,35.5148889,22.36703055,20.20708569,68.50393725
2011-03-27,34.2032007,22.6522266,15.808660609999999,76.77165384000001
2011-03-28,29.377299,21.585144749999998,6.069290789999999,89.76377991000001
2011-03-29,26.976097799999998,20.3663856,7.7972434999999995,90.15748070000001
2011-03-30,29.569566,22.37130315,6.383464009999999,89.76377991000001
2011-03-31,28.48966635,19.3110534,15.180314169999999,85.03937043
2011-04-01,31.189949549999998,20.32259145,15.33740078,87.40157517000002
2011-04-02,29.850489449999998,20.27986545,15.33740078,85.03937043
2011-04-03,29.8387398,19.5973176,15.49448739,84.25196885000001
2011-04-04,29.938077749999998,19.30571265,16.90826688,82.67716569000001
2011-04-05,31.0842027,18.1083165,22.24921162,74.01574831
2011-04-06,29.52790815,15.55436985,23.34881789,63.77952777000001
2011-04-07,30.89727645,13.3272771,23.03464467,64.56692935000001
2011-04-08,31.093816049999997,16.0831041,21.46377857,65.74803172000001
2011-04-09,30.170934449999997,16.6855407,21.46377857,63.77952777000001
2011-04-10,28.458689999999997,14.4061086,21.149605349999998,68.50393725
2011-04-11,29.981871899999998,16.196328,20.52125891,66.92913409
2011-04-12,24.1412277,17.540060699999998,6.69763723,85.82677201000001
2011-04-13,25.51593675,18.6829812,7.95433011,92.12598465
2011-04-14,31.683434849999998,19.92737595,18.95039281,79.52755937
2011-04-15,27.37665405,18.65414115,7.640156889999999,84.64566964000001
2011-04-16,31.87783815,19.3110534,17.06535349,78.34645700000002
2011-04-17,32.55290895,20.39736195,19.578739249999998,76.37795305000002
2011-04-18,32.93530665,20.41231605,18.7933062,74.80314989000001
2011-04-19,31.1568369,20.1100296,16.75118027,75.19685068000001
2011-04-20,31.225198499999998,19.8472647,18.16495976,76.37795305000002
2011-04-21,27.8947068,20.131392599999998,9.3681096,83.46456727000002
2011-04-22,32.29334849999999,20.377067099999998,17.850786539999998,77.95275621000002
2011-04-23,31.13440575,17.1662082,9.83936943,80.31496095000001
2011-04-24,27.1534107,15.2029485,14.23779451,83.07086648
2011-04-25,27.22711305,19.11771825,12.35275519,82.67716569000001
2011-04-26,27.85304895,16.56911235,18.007873149999998,76.37795305000002
2011-04-27,27.509104649999998,15.7754769,19.10747942,74.80314989000001
2011-04-28,26.7475137,15.70391085,17.850786539999998,76.77165384000001
2011-04-29,27.929955749999998,16.0061973,16.90826688,80.31496095000001
2011-04-30,25.6366377,18.9436098,10.31062926,85.43307122000002
2011-05-01,21.6097122,16.07135445,7.01181045,88.18897675000001
2011-05-02,18.8325222,11.5733748,11.56732214,83.07086648
2011-05-03,22.4022795,10.01708025,18.7933062,78.34645700000002
2011-05-04,24.30038205,9.36550875,18.47913298,75.98425226
2011-05-05,26.884236899999998,11.7015528,18.47913298,73.62204752000001
2011-05-06,28.9137219,15.1644951,17.69369993,75.98425226
2011-05-07,29.47022805,16.6855407,17.37952671,77.95275621000002
2011-05-08,30.61742115,18.353991,17.37952671,75.98425226
2011-05-09,29.32282335,18.5163498,13.45236146,81.49606332000002
2011-05-10,28.9949013,19.42107285,15.96574722,79.92126016000002
2011-05-11,27.629805599999997,18.80154585,10.9389757,81.88976411000002
2011-05-12,29.38477605,19.6293621,12.19566858,82.67716569000001
2011-05-13,29.1786231,18.68618565,15.808660609999999,80.31496095000001
2011-05-14,27.1705011,17.56890075,12.82401502,82.28346490000001
2011-05-15,20.4005664,15.9912432,9.3681096,84.25196885000001
2011-05-16,23.72144475,11.5071495,15.023227559999999,81.88976411000002
2011-05-17,24.20424855,12.24524115,16.59409366,77.95275621000002
2011-05-18,24.0814113,12.82631475,16.279920439999998,75.59055147000001
2011-05-19,24.867569699999997,11.71330245,16.59409366,70.86614199000002
2011-05-20,24.9658395,11.19845415,16.90826688,70.07874041000001
2011-05-21,27.196136699999997,12.43109925,16.279920439999998,71.25984278000001
2011-05-22,28.60289025,16.3116882,14.394881119999999,69.68503962000001
2011-05-23,25.766952,17.53899255,8.89684977,75.19685068000001
2011-05-24,28.7599083,18.06665865,12.82401502,68.89763804
2011-05-25,28.5206427,14.12091255,14.55196773,65.74803172000001
2011-05-26,21.81800145,15.67827525,6.383464009999999,82.28346490000001
2011-05-27,23.21514165,9.441347400000001,14.70905434,81.49606332000002
2011-05-28,24.8654334,11.40567525,15.49448739,77.55905542
2011-05-29,23.563358549999997,12.15338025,15.180314169999999,69.68503962000001
2011-05-30,22.45034625,9.21596775,16.43700705,69.68503962000001
2011-05-31,24.1839537,8.818615950000002,15.180314169999999,70.07874041000001
2011-06-01,25.650523649999997,9.428529600000001,15.33740078,71.65354357000001
2011-06-02,26.02864875,10.43152245,13.45236146,70.86614199000002
2011-06-03,27.616987799999997,12.86690445,12.82401502,70.86614199000002
2011-06-04,22.5283212,13.17880425,14.55196773,75.19685068000001
2011-06-05,23.11687185,5.15058885,15.808660609999999,70.86614199000002
2011-06-06,22.71524745,10.60883535,10.31062926,71.65354357000001
2011-06-07,20.7594648,13.84960245,6.069290789999999,80.31496095000001
2011-06-08,18.9286557,6.36187095,13.60944807,84.25196885000001
2011-06-09,22.085038949999998,12.27087675,13.13818824,83.07086648
2011-06-10,21.58728105,7.11598485,13.76653468,81.10236253000001
2011-06-11,22.73020155,8.2129749,15.180314169999999,75.59055147000001
2011-06-12,24.1540455,11.81798115,15.180314169999999,72.44094515
2011-06-13,26.059625099999998,12.201447,14.55196773,73.62204752000001
2011-06-14,26.10555555,13.99700715,14.86614095,74.01574831
2011-06-15,25.38348615,13.3272771,15.023227559999999,71.65354357000001
2011-06-16,27.01561935,13.27707405,15.023227559999999,70.4724412
2011-06-17,28.217288099999998,15.4123059,12.66692841,69.68503962000001
2011-06-18,29.26941585,18.84854445,13.76653468,68.50393725
2011-06-19,29.1444423,17.419359749999998,13.92362129,67.71653567000001
2011-06-20,29.825922,17.9395488,13.13818824,62.5984254
2011-06-21,28.0912464,17.85516495,9.52519621,74.40944910000002
2011-06-22,29.61763275,18.2236767,12.03858197,74.80314989000001
2011-06-23,27.1683648,17.46635835,12.35275519,77.55905542
2011-06-24,25.0897449,15.6472989,8.11141672,87.00787438000002
2011-06-25,23.5836534,15.3717162,7.01181045,87.79527596000001
2011-06-26,15.8288844,7.718421450000001,4.027164859999999,84.25196885000001
2011-06-27,13.352912700000001,0.3866398500000017,15.96574722,75.59055147000001
2011-06-28,16.8863529,0.09396675000000165,12.35275519,69.68503962000001
2011-06-29,13.205508,10.428318,1.8279523199999996,81.88976411000002
2011-06-30,20.24995725,11.5840563,3.0846451999999998,93.70078781000001
2011-07-01,19.4114595,16.2625533,1.6708657099999997,93.70078781000001
2011-07-02,16.4163669,12.18115215,1.6708657099999997,96.45669334000002
2011-07-03,13.0089684,8.6210082,4.498424689999999,90.15748070000001
2011-07-04,12.115995,3.7224723000000015,9.83936943,74.40944910000002
2011-07-05,15.97308465,4.129437450000001,9.21102299,77.16535463000001
2011-07-06,19.9113537,8.76520845,12.35275519,66.92913409
2011-07-07,19.81415205,4.583401200000001,15.651574,66.53543330000001
2011-07-08,24.163658849999997,4.07175735,15.96574722,59.05511829
2011-07-09,25.88338035,8.693642400000002,15.180314169999999,58.661417500000006
2011-07-10,29.0739444,12.93740235,11.72440875,58.26771671
2011-07-11,29.4477969,14.79811965,14.70905434,72.83464594000002
2011-07-12,31.86715665,18.5227587,12.5098418,69.29133883000002
2011-07-13,31.2850149,18.53450835,14.55196773,62.99212619
2011-07-14,31.4452374,18.5932566,15.023227559999999,52.75590565
2011-07-15,31.058567099999998,14.43281235,15.651574,47.24409459
2011-07-16,30.232887149999996,18.32301465,8.58267655,47.24409459
2011-07-17,24.363402899999997,17.81671155,5.12677113,74.40944910000002
2011-07-18,21.94831575,17.82525675,5.283857739999999,89.76377991000001
2011-07-19,23.854963499999997,17.61803565,6.69763723,91.33858307000001
2011-07-20,29.3196189,18.43196595,12.5098418,78.74015779000001
2011-07-21,24.7949355,14.05895985,3.5559050299999995,89.76377991000001
2011-07-22,19.73083635,10.620585,14.394881119999999,83.07086648
2011-07-23,24.930590549999998,9.314237550000001,16.43700705,76.37795305000002
2011-07-24,26.60972235,14.0066205,15.180314169999999,74.80314989000001
2011-07-25,28.075224149999997,16.8713988,16.12283383,67.32283488000002
2011-07-26,27.5315358,16.79983275,11.88149536,68.50393725
2011-07-27,28.928676,16.87033065,12.66692841,70.86614199000002
2011-07-28,30.4903113,17.03268945,15.49448739,61.81102382
2011-07-29,27.4012215,18.2087226,7.483070279999999,65.74803172000001
2011-07-30,25.700726699999997,17.20359345,8.89684977,82.67716569000001
2011-07-31,20.706057299999998,17.85089235,1.6708657099999997,92.51968544000002
2011-08-01,17.9331399,10.972006350000001,1.8279523199999996,94.88189018000001
2011-08-02,11.4580146,6.547729050000001,7.168897059999999,83.85826806000001
2011-08-03,15.5298024,7.0583047500000005,12.66692841,75.19685068000001
2011-08-04,17.09677845,2.6949120000000004,18.007873149999998,66.14173251000001
2011-08-05,23.78553375,4.501153650000001,15.49448739,61.02362224
2011-08-06,28.2685593,12.933129749999999,14.55196773,53.14960644000001
2011-08-07,33.5153121,17.19291195,16.59409366,56.29921276
2011-08-08,33.4319964,18.7022079,12.66692841,61.81102382
2011-08-09,29.2384395,20.661195,16.90826688,69.29133883000002
2011-08-10,28.33158015,14.64857865,18.7933062,71.25984278000001
2011-08-11,29.0184006,16.27643925,18.007873149999998,66.92913409
2011-08-12,31.606528049999998,16.62679245,18.47913298,63.77952777000001
2011-08-13,33.9404358,18.5612121,16.59409366,56.69291355
2011-08-14,32.431139849999994,19.1764665,11.56732214,60.23622066
2011-08-15,31.4153292,18.44478375,17.850786539999998,61.417323030000006
2011-08-16,33.54308399999999,17.48772135,18.16495976,47.24409459
2011-08-17,25.226468099999998,18.91690605,5.91220418,61.417323030000006
2011-08-18,20.57040225,17.28690915,2.14212554,88.58267754
2011-08-19,21.28819905,13.5729516,3.0846451999999998,91.33858307000001
2011-08-20,14.78316555,7.9758456,15.33740078,75.19685068000001
2011-08-21,12.18328845,5.419762650000001,8.73976316,70.07874041000001
2011-08-22,12.75154425,9.7318842,2.29921215,86.22047280000001
2011-08-23,15.9955158,10.061942550000001,7.168897059999999,90.55118149000002
2011-08-24,25.3567824,7.8305772000000005,18.63621959,82.28346490000001
2011-08-25,25.546913099999998,17.0572569,8.58267655,77.95275621000002
2011-08-26,30.958160999999997,15.8459748,17.37952671,75.59055147000001
2011-08-27,32.495228850000004,20.11964295,17.850786539999998,61.02362224
2011-08-28,34.397604,20.233935,17.53661332,51.574803280000005
2011-08-29,34.0750227,22.4022795,15.023227559999999,58.661417500000006
2011-08-30,28.3326483,18.5163498,12.66692841,72.83464594000002
2011-08-31,22.86692475,10.9111218,22.563384839999998,61.417323030000006
2011-09-01,25.4080536,7.875439500000001,23.03464467,46.062992220000005
2011-09-02,27.78895995,10.347138600000001,23.03464467,49.606299330000006
2011-09-03,29.20105425,11.01900495,22.87755806,51.96850407
2011-09-04,34.08249975,14.914548,20.04999908,44.09448827
2011-09-05,28.1446539,19.82056095,7.7972434999999995,53.54330723
2011-09-06,24.45205935,17.0102583,8.58267655,83.85826806000001
2011-09-07,26.87248725,17.38517895,11.88149536,83.85826806000001
2011-09-08,21.418513349999998,17.80816635,1.5137790999999998,91.73228386000001
2011-09-09,21.9152031,15.45610005,9.52519621,87.00787438000002
2011-09-10,25.2157866,10.66437915,21.149605349999998,80.31496095000001
2011-09-11,28.66057035,12.9961506,23.34881789,64.56692935000001
2011-09-12,29.38691235,9.8151999,24.134250939999998,59.05511829
2011-09-13,31.595846549999997,14.25549945,23.5059045,53.93700802
2011-09-14,30.50633355,14.85579975,23.66299111,55.905511970000006
2011-09-15,30.28202205,14.4296079,23.19173128,60.629921450000005
2011-09-16,31.3576491,18.03247785,22.24921162,63.385826980000004
2011-09-17,30.758416949999997,19.75860825,15.651574,62.20472461000001
2011-09-18,26.3031633,18.8902023,11.72440875,79.13385858000001
2011-09-19,30.96563805,17.84021085,16.279920439999998,67.71653567000001
2011-09-20,24.570624,17.2473876,11.09606231,84.25196885000001
2011-09-21,27.5165817,11.181363750000001,25.548030429999997,68.89763804
2011-09-22,32.2057602,10.8149883,24.60551077,59.05511829
2011-09-23,24.913500149999997,18.38283105,7.01181045,79.92126016000002
2011-09-24,25.1751969,14.7991878,22.87755806,77.16535463000001
2011-09-25,28.0848375,14.23840905,25.39094382,65.35433093000002
2011-09-26,29.1188067,13.6178139,25.862203649999998,59.842519870000004
2011-09-27,33.09125655,14.2501587,26.01929026,57.874015920000005
2011-09-28,33.68301165,16.52852265,26.17637687,52.75590565
2011-09-29,35.7413367,19.14549015,24.134250939999998,47.24409459
2011-09-30,37.797525449999995,20.826758249999997,22.87755806,49.21259854
2011-10-01,32.01669765,17.213206800000002,7.168897059999999,66.92913409
2011-10-02,28.68193335,15.41551035,22.406298229999997,78.74015779000001
2011-10-03,31.3256046,16.4484114,26.49055009,65.35433093000002
2011-10-04,32.0925363,15.65904855,25.23385721,57.086614340000004
2011-10-05,33.157481849999996,17.79107595,24.91968399,58.26771671
2011-10-06,34.86865815,19.79706165,24.76259738,62.5984254
2011-10-07,35.84281095,21.9835647,25.39094382,55.905511970000006
2011-10-08,29.18182755,19.21598805,7.7972434999999995,73.22834673000001
2011-10-09,26.83189755,20.35036335,11.56732214,85.82677201000001
2011-10-10,26.50717995,20.52340365,7.7972434999999995,88.58267754
2011-10-11,32.02737915,20.1762549,19.73582586,81.10236253000001
2011-10-12,26.514657,20.0908029,3.2417318099999997,85.82677201000001
2011-10-13,26.371524899999997,20.960276999999998,7.325983669999999,90.15748070000001
2011-10-14,28.95965235,20.714602499999998,16.279920439999998,83.85826806000001
2011-10-15,27.996181049999997,20.9666859,13.60944807,82.67716569000001
2011-10-16,29.89748805,19.11771825,23.82007772,74.80314989000001
2011-10-17,30.857754899999996,16.96646415,28.06141619,62.99212619
2011-10-18,31.086339,16.89382995,28.2185028,55.118110390000005
2011-10-19,30.633443399999997,16.409958,28.2185028,57.48031513
2011-10-20,30.904753499999998,16.6620414,28.06141619,59.05511829
2011-10-21,31.335217949999997,18.247176,27.90432958,53.93700802
2011-10-22,31.87570185,17.7366003,26.96180992,53.93700802
2011-10-23,32.62661129999999,18.5526669,27.118896529999997,60.629921450000005
2011-10-24,33.99918405,20.3215233,25.705117039999998,62.5984254
2011-10-25,28.2471963,19.56847755,12.5098418,80.31496095000001
2011-10-26,26.62040385,17.40226935,25.862203649999998,73.22834673000001
2011-10-27,29.42750205,14.4830154,28.53267602,64.96063014
2011-10-28,33.482199449999996,16.4655018,26.6476367,59.05511829
2011-10-29,27.8284815,19.425345450000002,5.91220418,76.37795305000002
2011-10-30,25.63129695,18.502463849999998,14.0807079,82.28346490000001
2011-10-31,27.733416149999996,13.5622701,29.7893689,62.5984254
2011-11-01,27.80605035,14.26618095,29.63228229,59.44881908
2011-11-02,28.116881999999997,14.6539194,30.731888559999998,55.51181118
2011-11-03,29.642200199999998,14.871822,29.47519568,53.93700802
2011-11-04,32.04233325,15.69750195,29.94645551,56.29921276
2011-11-05,31.569142799999998,18.10083945,18.63621959,62.5984254
2011-11-06,25.2456948,19.82910615,9.21102299,80.70866174000001
2011-11-07,31.0842027,17.8006893,25.39094382,74.80314989000001
2011-11-08,32.4920244,20.589628949999998,26.96180992,71.25984278000001
2011-11-09,34.097453849999994,20.661195,27.74724297,64.17322856000001
2011-11-10,31.1162472,22.21748955,15.808660609999999,68.50393725
2011-11-11,34.17222434999999,20.0929392,24.91968399,69.29133883000002
2011-11-12,32.152352699999994,19.8793092,15.180314169999999,74.80314989000001
2011-11-13,22.52511675,19.11130935,3.2417318099999997,88.97637833000002
2011-11-14,23.45440725,18.3903081,7.01181045,88.18897675000001
2011-11-15,26.258301,19.60052205,18.7933062,85.43307122000002
2011-11-16,27.3948126,17.23991055,21.46377857,76.37795305000002
2011-11-17,29.655018,17.65862535,28.06141619,72.04724436000001
2011-11-18,30.567218099999998,17.8711872,30.103542119999997,64.96063014
2011-11-19,30.96350175,18.02606895,30.574801949999998,62.20472461000001
2011-11-20,28.296331199999997,17.81671155,20.835432129999997,62.5984254
2011-11-21,24.1412277,20.0074872,4.1842514699999995,77.95275621000002
2011-11-22,25.143152399999998,18.15211065,19.578739249999998,83.07086648
2011-11-23,29.36768565,16.69088145,27.90432958,76.37795305000002
2011-11-24,31.81802175,18.0805446,27.275983139999997,72.04724436000001
2011-11-25,33.5046306,19.3302801,29.003935849999998,67.71653567000001
2011-11-26,34.45955669999999,20.78616855,29.63228229,64.17322856000001
2011-11-27,32.90112585,18.48110085,31.04606178,63.385826980000004
2011-11-28,33.361498499999996,21.3405384,30.260628729999997,65.74803172000001
2011-11-29,33.0154179,21.3277206,27.74724297,68.50393725
2011-11-30,33.34547625,20.1954816,23.82007772,72.44094515
2011-12-01,27.99404475,18.49391865,31.831494829999997,66.92913409
2011-12-02,29.96157705,13.5644064,32.93110109999999,53.93700802
2011-12-03,31.562733899999998,15.20401665,31.98858144,58.661417500000006
2011-12-04,33.077370599999995,18.14570175,29.63228229,58.661417500000006
2011-12-05,29.69881215,20.1164385,13.45236146,65.35433093000002
2011-12-06,30.9987507,20.97202665,17.850786539999998,76.77165384000001
2011-12-07,32.2164417,21.23051895,21.30669196,76.77165384000001
2011-12-08,31.66420815,21.9963825,18.47913298,78.74015779000001
2011-12-09,30.85241415,20.85453015,24.76259738,79.52755937
2011-12-10,32.27518995,18.994881,30.103542119999997,72.04724436000001
2011-12-11,33.564447,19.9028085,29.94645551,68.11023646000001
2011-12-12,33.6199908,20.5287444,26.80472331,67.71653567000001
2011-12-13,31.939790849999998,20.05555395,23.03464467,71.25984278000001
2011-12-14,29.734061099999998,17.884005,31.98858144,54.7244096
2011-12-15,28.775930549999998,14.59089855,28.689762629999997,60.23622066
2011-12-16,30.3023169,14.88357165,28.2185028,62.5984254
2011-12-17,30.420881549999997,16.34693715,26.96180992,63.77952777000001
2011-12-18,32.25169065,16.452684,29.94645551,57.874015920000005
2011-12-19,34.4467389,16.01367435,31.98858144,54.7244096
2011-12-20,36.99427665,17.21427495,32.14566805,47.63779538
2011-12-21,38.2493529,17.80603005,30.417715339999997,46.062992220000005
2011-12-22,37.0743879,19.54070565,30.417715339999997,54.7244096
2011-12-23,37.4055144,22.59775095,28.53267602,56.69291355
2011-12-24,33.381793349999995,22.1736954,15.808660609999999,66.92913409
2011-12-25,32.21003279999999,22.001723249999998,18.16495976,78.34645700000002
2011-12-26,30.0780054,22.0903797,17.850786539999998,75.59055147000001
2011-12-27,34.527918299999996,20.85666645,25.23385721,70.4724412
2011-12-28,36.35765925,21.0606831,27.74724297,64.56692935000001
2011-12-29,35.1367638,21.81159255,28.53267602,64.56692935000001
2011-12-30,33.04639425,21.7699347,14.394881119999999,78.34645700000002
2011-12-31,31.837248449999997,20.7124662,18.32204637,80.31496095000001
2012-01-01,32.19401055,17.3477937,29.003935849999998,66.92913409
2012-01-02,32.9919186,18.48110085,26.33346348,65.74803172000001
2012-01-03,34.5834621,18.89981565,31.831494829999997,58.26771671
2012-01-04,35.93467185,16.69088145,31.04606178,51.18110249
2012-01-05,36.8458038,19.07926485,28.53267602,52.362204860000006
2012-01-06,36.38436299999999,19.5610005,29.161022459999998,55.905511970000006
2012-01-07,36.2390946,19.016244,28.689762629999997,58.26771671
2012-01-08,35.3973924,21.9899736,28.689762629999997,59.05511829
2012-01-09,35.3909835,22.4620959,29.47519568,59.05511829
2012-01-10,35.656952849999996,21.6695286,30.260628729999997,57.874015920000005
2012-01-11,34.24699485,22.092516,25.39094382,62.5984254
2012-01-12,29.14337415,22.595614649999998,11.72440875,78.34645700000002
2012-01-13,25.48602855,21.845773349999998,6.383464009999999,91.73228386000001
2012-01-14,30.45933495,20.36959005,22.87755806,82.28346490000001
2012-01-15,32.5454319,18.4992594,28.2185028,72.44094515
2012-01-16,34.00559294999999,19.8600825,28.53267602,66.92913409
2012-01-17,33.143595899999994,19.53002415,27.590156359999998,72.44094515
2012-01-18,33.5665833,20.45076945,29.47519568,72.44094515
2012-01-19,33.56337885,20.2702521,28.06141619,72.04724436000001
2012-01-20,33.81118965,21.55096395,26.01929026,72.44094515
2012-01-21,34.4125581,22.13631015,26.6476367,71.65354357000001
2012-01-22,32.336074499999995,22.30080525,20.20708569,77.55905542
2012-01-23,33.65951235,22.4321877,22.87755806,77.16535463000001
2012-01-24,31.04468115,22.955581199999997,10.46771587,84.64566964000001
2012-01-25,31.1675184,22.46530035,18.32204637,83.85826806000001
2012-01-26,32.8957851,21.506101649999998,26.49055009,73.62204752000001
2012-01-27,31.791318,19.3751424,27.590156359999998,68.11023646000001
2012-01-28,32.0220384,20.1655734,26.80472331,67.71653567000001
2012-01-29,33.7118517,19.78210755,29.31810907,64.56692935000001
2012-01-30,34.29185715,20.418724949999998,28.37558941,62.20472461000001
2012-01-31,34.95945089999999,20.635559399999998,27.590156359999998,61.02362224
2012-02-01,35.31087225,21.9301572,26.96180992,59.44881908
2012-02-02,35.8780599,21.55950915,28.06141619,62.20472461000001
2012-02-03,35.98594305,23.10832665,26.01929026,64.96063014
2012-02-04,36.5039958,23.751352949999998,24.60551077,66.92913409
2012-02-05,37.1064324,24.238429349999997,28.846849239999997,61.81102382
2012-02-06,37.5294198,22.48025445,29.161022459999998,54.7244096
2012-02-07,37.3713336,22.54647975,26.96180992,54.330708810000004
2012-02-08,38.752451549999996,22.5795924,26.17637687,58.661417500000006
2012-02-09,33.90518685,23.502474,15.96574722,72.04724436000001
2012-02-10,33.34974885,22.2463296,19.578739249999998,74.80314989000001
2012-02-11,34.040841900000004,19.3900965,27.74724297,61.81102382
2012-02-12,35.214738749999995,16.1792376,28.37558941,54.7244096
2012-02-13,35.493525899999995,20.164505249999998,26.33346348,57.874015920000005
2012-02-14,33.82614375,22.80069945,21.9350384,68.50393725
2012-02-15,33.8870283,22.37130315,23.03464467,70.07874041000001
2012-02-16,35.65481655,21.3939459,25.862203649999998,66.14173251000001
2012-02-17,36.5317677,23.326229249999997,27.74724297,64.56692935000001
2012-02-18,37.07972865,22.69174815,27.275983139999997,62.20472461000001
2012-02-19,36.539244749999995,22.3467357,23.03464467,62.5984254
2012-02-20,35.9293311,21.8489778,23.977164329999997,65.35433093000002
2012-02-21,35.8054257,22.876538099999998,21.77795179,72.44094515
2012-02-22,30.64732935,21.14079435,13.92362129,83.85826806000001
2012-02-23,29.650745399999998,22.4813226,13.45236146,84.25196885000001
2012-02-24,31.648185899999998,22.4279151,17.850786539999998,83.07086648
2012-02-25,32.2014876,23.0089887,12.5098418,82.67716569000001
2012-02-26,31.795590599999997,22.818858,17.06535349,83.07086648
2012-02-27,30.9602973,22.77292755,15.96574722,81.88976411000002
2012-02-28,31.477281899999998,21.8340237,15.49448739,83.07086648
2012-02-29,34.235245199999994,21.6588471,21.149605349999998,78.34645700000002
2012-03-01,31.696252649999998,21.4067637,15.96574722,83.07086648
2012-03-02,30.666556049999997,19.73510895,26.01929026,77.95275621000002
2012-03-03,34.483056,18.097635,27.118896529999997,65.74803172000001
2012-03-04,34.9487694,21.17497515,26.6476367,67.32283488000002
2012-03-05,34.91138415,22.8957648,25.705117039999998,65.74803172000001
2012-03-06,35.1389001,22.01667735,25.862203649999998,62.99212619
2012-03-07,35.40486945,22.0305633,26.6476367,57.086614340000004
2012-03-08,35.1282186,20.50417695,26.6476367,51.574803280000005
2012-03-09,35.3333034,20.8940517,25.39094382,55.118110390000005
2012-03-10,35.41555095,21.4238541,24.44842416,56.29921276
2012-03-11,34.7586387,21.8297511,23.977164329999997,62.99212619
2012-03-12,35.16133125,20.78403225,24.76259738,64.56692935000001
2012-03-13,35.15492235,21.42492225,21.62086518,62.99212619
2012-03-14,30.7552125,22.8466299,14.394881119999999,68.11023646000001
2012-03-15,31.677025949999997,22.0967886,14.70905434,74.01574831
2012-03-16,31.529621249999998,20.381339699999998,17.850786539999998,70.07874041000001
2012-03-17,31.979312399999998,21.4623075,18.7933062,70.07874041000001
2012-03-18,32.810333099999994,21.22197375,23.34881789,62.20472461000001
2012-03-19,33.3337266,20.9218236,21.77795179,58.26771671
2012-03-20,34.7052312,20.756260349999998,22.406298229999997,59.05511829
2012-03-21,34.62939255,21.5563047,18.16495976,59.842519870000004
2012-03-22,27.4888098,21.5669862,2.6133853699999996,79.92126016000002
2012-03-23,30.24784125,20.664399449999998,18.7933062,79.13385858000001
2012-03-24,30.420881549999997,15.726342,24.291337549999998,63.77952777000001
2012-03-25,32.4428895,15.5917551,21.77795179,60.629921450000005
2012-03-26,32.24741805,18.22260855,15.180314169999999,63.77952777000001
2012-03-27,26.35977525,18.888066,15.023227559999999,78.74015779000001
2012-03-28,23.770579650000002,8.972429550000001,24.134250939999998,59.05511829
2012-03-29,27.684281249999998,7.940596650000001,24.44842416,60.23622066
2012-03-30,31.13226945,12.5667543,23.66299111,57.086614340000004
2012-03-31,31.262583749999997,16.0617411,23.19173128,59.44881908
2012-04-01,31.4900997,17.21000235,22.406298229999997,61.417323030000006
2012-04-02,32.62127055,17.92139025,20.20708569,57.874015920000005
2012-04-03,29.729788499999998,19.5823635,13.92362129,59.05511829
2012-04-04,32.90112585,19.173262049999998,19.89291247,61.81102382
2012-04-05,33.7716681,19.71801855,15.651574,66.53543330000001
2012-04-06,26.5488378,16.9782138,10.15354265,75.98425226
2012-04-07,32.98444155,18.0271371,17.37952671,74.01574831
2012-04-08,32.6736099,21.09593205,12.98110163,77.95275621000002
2012-04-09,27.2773161,19.35484755,11.72440875,79.92126016000002
2012-04-10,27.5059002,21.2914035,7.325983669999999,77.55905542
2012-04-11,30.11539065,21.339470249999998,14.70905434,81.88976411000002
2012-04-12,32.4727977,21.89918085,15.96574722,78.34645700000002
2012-04-13,33.0260994,21.5498958,17.37952671,76.77165384000001
2012-04-14,27.125638799999997,20.0673036,5.44094435,84.64566964000001
2012-04-15,27.17797815,19.29075855,13.92362129,85.03937043
2012-04-16,28.87847295,16.7667201,19.578739249999998,78.74015779000001
2012-04-17,29.938077749999998,18.69045825,17.06535349,75.59055147000001
2012-04-18,30.524492099999996,18.07734015,19.26456603,71.25984278000001
2012-04-19,29.5396578,17.77398555,15.023227559999999,70.07874041000001
2012-04-20,25.49884635,19.87824105,4.34133808,85.03937043
2012-04-21,26.813738999999998,20.63235495,8.89684977,85.82677201000001
2012-04-22,29.05792215,16.15039755,20.04999908,72.44094515
2012-04-23,28.40207805,16.81265055,16.90826688,75.19685068000001
2012-04-24,28.7235912,17.5550148,15.49448739,73.62204752000001
2012-04-25,23.68512765,19.423209149999998,3.5559050299999995,82.67716569000001
2012-04-26,23.40313605,18.53878095,8.11141672,88.58267754
2012-04-27,24.6240315,16.31702895,15.180314169999999,81.10236253000001
2012-04-28,20.12177925,17.9737296,2.14212554,89.76377991000001
2012-04-29,19.664611049999998,12.5475276,14.70905434,83.46456727000002
2012-04-30,18.0933624,9.441347400000001,18.16495976,78.74015779000001
2012-05-01,21.14293065,7.045486950000001,19.89291247,70.07874041000001
2012-05-02,24.009845249999998,8.90620425,19.578739249999998,72.44094515
2012-05-03,26.09060145,13.0410129,19.26456603,69.68503962000001
2012-05-04,27.84450375,15.43900965,18.63621959,70.4724412
2012-05-05,28.28244525,16.52211375,16.75118027,72.44094515
2012-05-06,28.283513399999997,16.1429205,18.32204637,68.89763804
2012-05-07,27.763324349999998,15.04379415,18.007873149999998,68.89763804
2012-05-08,27.938500949999998,15.3888066,17.850786539999998,71.65354357000001
2012-05-09,28.357215749999998,15.97735725,17.69369993,72.04724436000001
2012-05-10,29.149783049999996,16.22944065,15.96574722,72.04724436000001
2012-05-11,23.135030399999998,18.34651395,6.2263774,82.28346490000001
2012-05-12,24.9273861,17.6896017,11.72440875,83.85826806000001
2012-05-13,25.510596,11.52317175,16.75118027,72.83464594000002
2012-05-14,24.891069,12.19183365,12.03858197,76.37795305000002
2012-05-15,25.11003975,15.73595535,16.43700705,76.37795305000002
2012-05-16,24.8782512,14.50117395,16.59409366,75.59055147000001
2012-05-17,25.13994795,14.8525953,16.279920439999998,74.40944910000002
2012-05-18,25.40698545,14.5962393,17.2224401,72.04724436000001
2012-05-19,23.472565799999998,14.56953555,12.35275519,75.59055147000001
2012-05-20,27.121366199999997,14.03332425,16.43700705,74.80314989000001
2012-05-21,26.275391399999997,15.47319045,14.55196773,73.62204752000001
2012-05-22,26.851124249999998,15.9933795,15.96574722,73.22834673000001
2012-05-23,22.764382349999998,16.089513,5.598030959999999,79.52755937
2012-05-24,20.96134515,17.9587755,4.34133808,88.97637833000002
2012-05-25,19.71160965,14.94552435,6.2263774,89.37007912000001
2012-05-26,23.27709435,10.83955575,12.5098418,86.22047280000001
2012-05-27,22.1416509,18.1168617,2.29921215,86.61417359000001
2012-05-28,26.96648445,18.5313039,12.66692841,84.25196885000001
2012-05-29,28.38712395,18.8410674,15.651574,81.10236253000001
2012-05-30,26.76994485,18.6594819,8.89684977,84.25196885000001
2012-05-31,22.4364603,18.2386308,4.812597909999999,90.15748070000001
2012-06-01,26.61826755,17.34458925,12.19566858,84.64566964000001
2012-06-02,23.9575059,18.7876599,5.91220418,88.58267754
2012-06-03,22.54647975,18.60073365,2.7704719799999995,90.94488228000002
2012-06-04,20.8513257,13.77483195,1.9850389299999995,91.73228386000001
2012-06-05,17.38731525,9.441347400000001,13.13818824,82.28346490000001
2012-06-06,16.87246695,6.6214314000000005,7.168897059999999,80.31496095000001
2012-06-07,14.061096150000001,5.019206400000002,16.12283383,72.44094515
2012-06-08,18.5633484,2.3274684000000008,12.35275519,77.95275621000002
2012-06-09,19.46379885,7.7258985000000004,11.41023553,80.31496095000001
2012-06-10,21.94404315,14.87075385,5.44094435,84.64566964000001
2012-06-11,26.5637919,17.9010954,10.15354265,87.00787438000002
2012-06-12,29.258734349999997,18.0485001,14.55196773,82.67716569000001
2012-06-13,28.3497387,18.964972799999998,13.13818824,80.70866174000001
2012-06-14,28.38712395,18.2023137,14.0807079,81.10236253000001
2012-06-15,26.02223985,14.68916835,15.023227559999999,81.49606332000002
2012-06-16,25.17412875,17.28477285,9.83936943,82.28346490000001
2012-06-17,21.70050495,17.41081455,3.0846451999999998,88.58267754
2012-06-18,20.69003505,18.44264745,2.29921215,91.73228386000001
2012-06-19,21.31597095,17.73339585,4.34133808,91.73228386000001
2012-06-20,19.69665555,14.9295021,4.6555113,91.33858307000001
2012-06-21,21.280722,15.34501245,6.383464009999999,90.15748070000001
2012-06-22,18.4308978,11.5669659,8.58267655,86.22047280000001
2012-06-23,21.3960822,7.436429850000001,14.86614095,83.07086648
2012-06-24,23.6776506,11.2550661,15.180314169999999,80.31496095000001
2012-06-25,25.45184775,12.0497697,12.35275519,79.13385858000001
2012-06-26,23.480042849999997,14.11236735,11.56732214,78.74015779000001
2012-06-27,27.05834535,14.54389995,14.70905434,76.77165384000001
2012-06-28,27.97695435,15.3012183,14.394881119999999,73.62204752000001
2012-06-29,28.4095551,15.9720165,14.55196773,70.86614199000002
2012-06-30,28.9607205,16.34266455,13.92362129,67.32283488000002
2012-07-01,28.837883249999997,15.70391085,15.180314169999999,66.53543330000001
2012-07-02,29.8451487,16.28712075,15.33740078,66.14173251000001
2012-07-03,29.054717699999998,16.10126265,13.76653468,67.71653567000001
2012-07-04,28.6231851,17.171548950000002,12.35275519,66.92913409
2012-07-05,28.398873599999998,16.54347675,9.3681096,62.20472461000001
2012-07-06,22.242057,13.52702115,2.4562987599999997,83.46456727000002
2012-07-07,13.70433405,10.1634168,3.5559050299999995,89.76377991000001
2012-07-08,18.74172945,3.0249703500000003,16.59409366,79.13385858000001
2012-07-09,19.8194928,9.5417535,9.3681096,77.95275621000002
2012-07-10,26.375797499999997,15.14206395,11.72440875,75.98425226
2012-07-11,21.21556485,14.6069208,7.168897059999999,82.67716569000001
2012-07-12,18.26319825,9.651772950000002,14.23779451,72.44094515
2012-07-13,20.3792034,4.183913100000002,15.808660609999999,68.50393725
2012-07-14,22.66183995,5.834204850000001,15.808660609999999,65.35433093000002
2012-07-15,23.34118335,8.37853815,12.98110163,64.56692935000001
2012-07-16,16.7432208,11.95684065,2.92755859,79.13385858000001
2012-07-17,18.5206224,10.737013350000002,10.62480248,83.85826806000001
2012-07-18,17.6340579,7.9758456,12.03858197,82.28346490000001
2012-07-19,21.69195975,6.36400725,15.651574,78.34645700000002
2012-07-20,23.474702100000002,9.014087400000001,16.75118027,72.44094515
2012-07-21,27.62019225,10.7551719,16.279920439999998,64.96063014
2012-07-22,30.0032349,15.79149915,14.394881119999999,62.20472461000001
2012-07-23,29.13910155,15.7605228,14.86614095,69.29133883000002
2012-07-24,31.30103715,18.8752482,12.5098418,66.53543330000001
2012-07-25,24.69773385,17.4161553,3.3988184199999996,85.03937043
2012-07-26,24.021594899999997,16.34480085,5.7551175699999995,91.33858307000001
2012-07-27,21.814797,15.87908745,8.89684977,90.55118149000002
2012-07-28,28.2557415,16.9739412,10.9389757,83.85826806000001
2012-07-29,26.1578949,18.544121699999998,8.11141672,78.34645700000002
2012-07-30,19.63256655,15.8246118,4.6555113,90.55118149000002
2012-07-31,26.79130785,16.2433266,14.55196773,77.55905542
2012-08-01,27.8263452,17.4161553,16.59409366,69.29133883000002
2012-08-02,29.52790815,15.2371293,17.53661332,63.385826980000004
2012-08-03,30.212592299999997,15.3823977,17.850786539999998,58.26771671
2012-08-04,30.9218439,15.09506535,17.2224401,58.661417500000006
2012-08-05,30.6975324,15.4977579,16.279920439999998,69.29133883000002
2012-08-06,29.45100135,16.67806365,16.75118027,74.01574831
2012-08-07,28.78447575,17.1854349,17.850786539999998,68.89763804
2012-08-08,30.88873125,16.0425144,17.69369993,59.842519870000004
2012-08-09,29.941282199999996,16.85110395,17.2224401,66.14173251000001
2012-08-10,31.44951,17.97693405,17.69369993,61.81102382
2012-08-11,30.87164085,15.8566563,18.007873149999998,55.905511970000006
2012-08-12,31.97610795,16.2860526,18.47913298,52.362204860000006
2012-08-13,29.354867849999998,17.0252124,13.92362129,58.26771671
2012-08-14,30.75628065,16.6534962,18.63621959,57.874015920000005
2012-08-15,30.0566424,18.6979353,14.394881119999999,57.086614340000004
2012-08-16,26.63108535,19.37193795,9.05393638,63.385826980000004
2012-08-17,31.98465315,18.9884721,18.47913298,56.69291355
2012-08-18,31.1141109,19.2747363,16.90826688,55.118110390000005
2012-08-19,30.891935699999998,19.5823635,15.651574,53.93700802
2012-08-20,30.37815555,17.89361835,14.86614095,53.93700802
2012-08-21,31.9429953,19.892127,17.850786539999998,53.54330723
2012-08-22,32.38627755,18.3689451,20.04999908,47.63779538
2012-08-23,32.1288534,16.04144625,19.421652639999998,48.42519696
2012-08-24,31.38862545,16.5744531,17.37952671,46.45669301
2012-08-25,26.38754715,16.7645838,15.023227559999999,68.11023646000001
2012-08-26,20.3471589,12.6137529,12.03858197,81.49606332000002
2012-08-27,18.03888675,10.6718562,9.21102299,79.92126016000002
2012-08-28,19.3046445,11.09591175,9.68228282,85.43307122000002
2012-08-29,25.608865799999997,8.8773642,11.56732214,79.52755937
2012-08-30,29.6357913,12.9256527,21.62086518,65.35433093000002
2012-08-31,30.981660299999998,14.9423199,21.62086518,59.44881908
2012-09-01,32.44609395,15.46037265,20.835432129999997,52.75590565
2012-09-02,33.347612549999994,16.1813739,20.835432129999997,49.21259854
2012-09-03,34.0002522,16.2433266,21.149605349999998,48.031496170000004
2012-09-04,30.89727645,17.2260246,21.30669196,51.96850407
2012-09-05,33.444814199999996,17.41295085,20.04999908,54.330708810000004
2012-09-06,36.24229905,19.3879602,18.63621959,49.606299330000006
2012-09-07,37.3948329,19.3089171,20.04999908,41.732283530000004
2012-09-08,35.9165133,20.5992423,14.23779451,41.732283530000004
2012-09-09,31.983584999999998,23.12755335,8.42558994,58.661417500000006
2012-09-10,29.09958,20.0587584,9.3681096,69.68503962000001
2012-09-11,28.6894104,17.627648999999998,18.32204637,78.34645700000002
2012-09-12,31.5905058,16.84042245,18.007873149999998,70.86614199000002
2012-09-13,32.290144049999995,15.3888066,22.87755806,61.02362224
2012-09-14,34.381581749999995,19.3708698,20.52125891,57.086614340000004
2012-09-15,36.46020165,21.19847445,20.04999908,57.48031513
2012-09-16,38.0164962,22.1694228,19.578739249999998,49.606299330000006
2012-09-17,38.105152649999994,23.6370609,16.43700705,50.39370091
2012-09-18,37.493102699999994,22.9918983,17.53661332,51.18110249
2012-09-19,31.337354249999997,15.22110705,6.854723839999999,70.86614199000002
2012-09-20,24.7671636,7.252708050000001,24.44842416,66.92913409
2012-09-21,26.57767785,15.65691225,23.34881789,64.56692935000001
2012-09-22,26.99852895,11.3917893,26.17637687,46.45669301
2012-09-23,30.0352794,11.7848685,24.44842416,47.24409459
2012-09-24,32.94598815,15.0234993,24.44842416,55.51181118
2012-09-25,27.521922449999998,15.47959935,10.9389757,67.32283488000002
2012-09-26,21.6396204,4.5257211,27.433069749999998,46.45669301
2012-09-27,24.6518034,9.055745250000001,25.548030429999997,47.63779538
2012-09-28,27.6874857,12.57636765,22.87755806,50.00000012
2012-09-29,21.02543415,15.10361055,4.1842514699999995,67.71653567000001
2012-09-30,31.462327799999997,17.65221645,19.73582586,58.26771671
2012-10-01,35.6473395,20.40590715,19.10747942,53.93700802
2012-10-02,36.8650305,19.8088113,20.992518739999998,60.629921450000005
2012-10-03,28.81865655,19.28221335,3.2417318099999997,83.46456727000002
2012-10-04,28.9158582,17.98975185,19.73582586,80.31496095000001
2012-10-05,32.99939565,19.016244,23.66299111,70.86614199000002
2012-10-06,34.32603795,20.42086125,22.09212501,62.20472461000001
2012-10-07,37.31258535,23.367887099999997,23.03464467,52.362204860000006
2012-10-08,37.194020699999996,23.76630705,24.44842416,51.18110249
2012-10-09,37.00495814999999,22.8914922,22.406298229999997,49.21259854
2012-10-10,29.64540465,21.38646885,4.9696845199999995,81.49606332000002
2012-10-11,23.56122225,18.7705695,11.88149536,83.07086648
2012-10-12,27.6105789,17.4161553,18.95039281,75.59055147000001
2012-10-13,30.624898199999997,17.044439099999998,26.49055009,65.35433093000002
2012-10-14,31.20703995,17.32963515,27.590156359999998,57.48031513
2012-10-15,32.6308839,17.28690915,25.705117039999998,59.44881908
2012-10-16,29.6656995,18.4415793,19.578739249999998,71.65354357000001
2012-10-17,30.84386895,19.593045,27.90432958,62.20472461000001
2012-10-18,32.59349865,15.29801385,27.433069749999998,51.574803280000005
2012-10-19,32.46959325,18.0185919,22.24921162,60.629921450000005
2012-10-20,25.41553065,19.7361771,6.854723839999999,80.70866174000001
2012-10-21,23.33691075,19.43602695,4.9696845199999995,85.03937043
2012-10-22,35.88767325,19.19035245,23.5059045,73.22834673000001
2012-10-23,28.87633665,17.1341637,6.540550619999999,83.46456727000002
2012-10-24,27.5358084,15.80218065,20.992518739999998,74.80314989000001
2012-10-25,32.08078665,19.82269725,21.62086518,68.50393725
2012-10-26,30.33542955,21.4815342,9.83936943,80.31496095000001
2012-10-27,35.42623245,21.11729505,24.291337549999998,72.44094515
2012-10-28,31.654594799999998,22.0113366,15.96574722,74.80314989000001
2012-10-29,35.5576149,21.7442991,25.548030429999997,70.4724412
2012-10-30,35.694338099999996,23.979937049999997,19.26456603,68.50393725
2012-10-31,35.11646895,21.39928665,18.95039281,71.25984278000001
2012-11-01,25.80433725,20.1399378,8.58267655,84.25196885000001
2012-11-02,30.999818849999997,19.34843865,21.9350384,79.52755937
2012-11-03,29.14764675,20.9709585,18.007873149999998,79.92126016000002
2012-11-04,31.9985391,19.998942,26.17637687,74.40944910000002
2012-11-05,33.2717739,20.50844955,26.17637687,64.56692935000001
2012-11-06,33.718260599999994,19.34843865,27.590156359999998,62.20472461000001
2012-11-07,33.198071549999995,20.127119999999998,25.548030429999997,62.99212619
2012-11-08,27.7387569,21.61718925,9.52519621,78.34645700000002
2012-11-09,29.87185245,21.2080878,19.89291247,77.16535463000001
2012-11-10,32.37986865,19.8857181,23.977164329999997,72.83464594000002
2012-11-11,35.12074155,22.22176215,26.96180992,69.68503962000001
2012-11-12,33.201276,22.45889145,27.590156359999998,70.4724412
2012-11-13,31.71761565,19.82483355,29.47519568,61.417323030000006
2012-11-14,28.4480085,19.04722035,20.67834552,63.77952777000001
2012-11-15,30.71141835,18.0420912,27.118896529999997,64.17322856000001
2012-11-16,32.09360445,18.35933175,27.433069749999998,59.44881908
2012-11-17,32.511251099999996,19.72656375,29.63228229,57.874015920000005
2012-11-18,31.3341498,19.785311999999998,24.44842416,54.7244096
2012-11-19,33.0923247,19.706268899999998,23.03464467,63.385826980000004
2012-11-20,33.91800465,20.4283383,29.003935849999998,62.5984254
2012-11-21,36.27647985,20.0267139,29.63228229,56.29921276
2012-11-22,36.3138651,22.380916499999998,27.90432958,56.29921276
2012-11-23,29.80135455,21.95045205,5.44094435,79.13385858000001
2012-11-24,30.744531,21.29674425,22.720471449999998,80.31496095000001
2012-11-25,31.429215149999997,21.04893345,26.01929026,72.04724436000001
2012-11-26,31.0094322,19.50438855,29.7893689,67.32283488000002
2012-11-27,32.4407532,19.877172899999998,23.977164329999997,72.04724436000001
2012-11-28,33.55483365,20.0673036,29.7893689,70.4724412
2012-11-29,27.9203424,20.37599895,5.12677113,79.13385858000001
2012-11-30,31.631095499999997,20.6077875,26.49055009,76.37795305000002
2012-12-01,32.17264754999999,21.23051895,25.39094382,73.62204752000001
2012-12-02,33.970344,22.451414399999997,26.33346348,74.01574831
2012-12-03,34.5706443,22.35207645,29.003935849999998,71.25984278000001
2012-12-04,34.760774999999995,24.367675499999997,22.09212501,74.01574831
2012-12-05,34.93274715,22.3339179,22.406298229999997,75.59055147000001
2012-12-06,33.5324025,22.669317,20.3641723,79.92126016000002
2012-12-07,34.43712555,22.8145854,27.118896529999997,73.22834673000001
2012-12-08,34.70843565,23.326229249999997,22.406298229999997,77.55905542
2012-12-09,33.5836737,23.13182595,26.49055009,78.34645700000002
2012-12-10,34.790683200000004,23.13609855,29.161022459999998,75.59055147000001
2012-12-11,33.560174399999994,24.51614835,20.04999908,73.62204752000001
2012-12-12,34.53753165,22.867992899999997,23.977164329999997,76.77165384000001
2012-12-13,26.78703525,18.56441655,8.58267655,86.22047280000001
2012-12-14,28.78874835,19.7169504,15.96574722,85.43307122000002
2012-12-15,32.23032765,22.370235,24.291337549999998,78.74015779000001
2012-12-16,32.3211204,22.69602075,24.134250939999998,79.92126016000002
2012-12-17,33.606104849999994,23.3507967,22.09212501,78.74015779000001
2012-12-18,31.2551067,21.8617956,22.720471449999998,80.70866174000001
2012-12-19,33.448018649999995,23.1328941,23.03464467,77.16535463000001
2012-12-20,34.8569085,22.539002699999998,28.689762629999997,71.25984278000001
2012-12-21,32.790038249999995,21.95045205,18.16495976,79.52755937
2012-12-22,33.1884582,20.79685005,26.80472331,79.92126016000002
2012-12-23,33.30915915,22.68747555,30.417715339999997,74.80314989000001
2012-12-24,34.4317848,23.6007438,29.63228229,71.65354357000001
2012-12-25,36.039350549999995,23.266412850000002,30.417715339999997,68.11023646000001
2012-12-26,35.50954815,23.62531125,29.003935849999998,64.56692935000001
2012-12-27,31.78597725,22.076493749999997,16.90826688,81.10236253000001
2012-12-28,29.7383337,21.280722,17.53661332,84.64566964000001
2012-12-29,30.2232738,21.7442991,15.023227559999999,86.61417359000001
2012-12-30,30.137821799999998,22.15553685,15.49448739,86.61417359000001
2012-12-31,30.944275049999998,22.54007085,21.77795179,83.46456727000002
2013-01-01,25.376009099999997,18.7919325,6.2263774,89.37007912000001
2013-01-02,29.30359665,17.79748485,27.275983139999997,80.70866174000001
2013-01-03,30.20511525,20.36318115,24.291337549999998,77.95275621000002
2013-01-04,31.648185899999998,20.76801,23.66299111,75.98425226
2013-01-05,33.6135819,22.64474955,28.2185028,75.98425226
2013-01-06,34.105999049999994,22.493072249999997,24.44842416,76.77165384000001
2013-01-07,32.4407532,21.68768715,18.47913298,83.07086648
2013-01-08,29.62404165,22.2335118,9.05393638,87.79527596000001
2013-01-09,28.958584199999997,22.3360542,13.60944807,87.79527596000001
2013-01-10,32.393754599999994,22.21535325,28.53267602,75.19685068000001
2013-01-11,30.966706199999997,18.97885875,30.88897517,68.50393725
2013-01-12,30.17307075,16.7752653,31.20314839,65.35433093000002
2013-01-13,31.6866393,17.50053915,28.2185028,69.68503962000001
2013-01-14,32.994054899999995,20.71139805,28.06141619,72.44094515
2013-01-15,32.160897899999995,20.5308807,26.01929026,73.62204752000001
2013-01-16,32.69604105,19.20530655,28.53267602,71.25984278000001
2013-01-17,33.8400297,19.400778,29.47519568,70.4724412
2013-01-18,34.055796,20.30336475,26.80472331,68.11023646000001
2013-01-19,33.393542999999994,20.83316715,28.846849239999997,65.35433093000002
2013-01-20,32.7846975,19.47875295,26.80472331,63.385826980000004
2013-01-21,32.08933184999999,19.97010195,28.53267602,66.53543330000001
2013-01-22,32.482411049999996,20.3898849,27.590156359999998,59.842519870000004
2013-01-23,33.71078355,19.5652731,27.590156359999998,62.99212619
2013-01-24,35.41341465,20.1719823,28.2185028,62.20472461000001
2013-01-25,32.52727335,21.3982185,17.69369993,71.25984278000001
2013-01-26,31.852202549999998,19.1850117,29.161022459999998,68.11023646000001
2013-01-27,34.7650476,14.722281,30.417715339999997,57.874015920000005
2013-01-28,36.0233283,18.4373067,28.53267602,58.661417500000006
2013-01-29,36.491178,21.6759375,29.63228229,55.118110390000005
2013-01-30,36.8393949,20.70285285,29.94645551,55.118110390000005
2013-01-31,36.75287475,21.55523655,27.118896529999997,61.02362224
2013-02-01,35.5747053,23.84962275,19.578739249999998,66.53543330000001
2013-02-02,36.01157865,23.7566937,21.77795179,66.14173251000001
2013-02-03,33.67446645,21.801979199999998,20.992518739999998,78.34645700000002
2013-02-04,33.44160975,18.88699785,28.846849239999997,66.92913409
2013-02-05,35.1175371,17.81030265,26.96180992,60.23622066
2013-02-06,34.1989281,21.3597651,19.578739249999998,68.50393725
2013-02-07,28.96606125,19.1508309,18.47913298,77.55905542
2013-02-08,29.329232249999997,18.7086168,15.180314169999999,78.74015779000001
2013-02-09,30.7466673,20.29909215,18.16495976,77.95275621000002
2013-02-10,32.3702553,21.35869695,20.20708569,78.34645700000002
2013-02-11,31.30317345,22.1694228,13.92362129,83.07086648
2013-02-12,30.608875949999998,22.418301749999998,16.12283383,82.67716569000001
2013-02-13,28.70329635,22.12776495,11.88149536,88.18897675000001
2013-02-14,26.855396849999998,21.6033033,7.01181045,90.94488228000002
2013-02-15,29.84408055,21.43346745,11.56732214,89.37007912000001
2013-02-16,32.3125752,21.52960095,16.75118027,85.43307122000002
2013-02-17,35.59927275,22.0647441,25.0767706,74.01574831
2013-02-18,35.96671635,23.5644267,21.77795179,72.83464594000002
2013-02-19,32.456775449999995,21.16215735,18.95039281,81.10236253000001
2013-02-20,33.657376049999996,22.69388445,17.69369993,80.70866174000001
2013-02-21,30.129276599999997,22.8594477,12.5098418,86.61417359000001
2013-02-22,33.53347065,21.5776677,24.291337549999998,75.98425226
2013-02-23,32.6501106,20.46358725,27.118896529999997,70.86614199000002
2013-02-24,33.3636348,21.10447725,24.134250939999998,70.07874041000001
2013-02-25,31.725092699999998,22.647954,14.55196773,77.95275621000002
2013-02-26,31.095952349999997,21.6567108,18.47913298,81.88976411000002
2013-02-27,33.1884582,18.332628,26.01929026,68.50393725
2013-02-28,32.8466502,19.8152202,22.563384839999998,70.07874041000001
2013-03-01,34.30040235,20.2382076,26.01929026,70.07874041000001
2013-03-02,33.80264445,20.81607675,25.0767706,64.96063014
2013-03-03,33.81332595,22.5026856,16.59409366,68.11023646000001
2013-03-04,31.887451499999997,23.45013465,13.92362129,77.16535463000001
2013-03-05,27.4311297,21.6332115,12.66692841,86.61417359000001
2013-03-06,32.4172539,19.1679213,19.26456603,80.70866174000001
2013-03-07,28.1702895,22.551820499999998,6.69763723,85.03937043
2013-03-08,34.57598505,21.3533562,20.67834552,77.55905542
2013-03-09,32.58281715,23.188437899999997,15.023227559999999,80.31496095000001
2013-03-10,34.11240795,21.96967875,17.06535349,84.25196885000001
2013-03-11,31.03399965,20.7658737,14.70905434,85.82677201000001
2013-03-12,33.335862899999995,21.5669862,16.12283383,82.28346490000001
2013-03-13,28.984219799999998,20.493495449999998,15.49448739,86.22047280000001
2013-03-14,28.80370245,20.1014844,11.72440875,88.18897675000001
2013-03-15,27.862662299999997,21.17070255,11.88149536,86.61417359000001
2013-03-16,29.66890395,22.39052985,16.12283383,84.25196885000001
2013-03-17,30.0523698,20.701784699999997,17.37952671,84.25196885000001
2013-03-18,24.459536399999998,20.041668,8.42558994,84.25196885000001
2013-03-19,26.4163872,18.75881985,12.66692841,78.34645700000002
2013-03-20,22.20253545,17.87225535,3.7129916399999994,89.37007912000001
2013-03-21,27.97909065,16.65883695,15.33740078,85.43307122000002
2013-03-22,29.27796105,16.3821861,24.291337549999998,76.37795305000002
2013-03-23,30.8428008,16.8756714,21.77795179,73.62204752000001
2013-03-24,28.43198625,20.0267139,12.35275519,83.46456727000002
2013-03-25,31.2807423,17.7451455,22.24921162,78.34645700000002
2013-03-26,29.517226649999998,19.7703579,21.46377857,74.01574831
2013-03-27,27.98549955,14.444562,24.76259738,63.385826980000004
2013-03-28,28.733204549999996,12.8316555,23.5059045,63.385826980000004
2013-03-29,29.995757849999997,16.5744531,22.87755806,70.07874041000001
2013-03-30,29.648609099999998,18.0954987,22.563384839999998,66.53543330000001
2013-03-31,32.21750985,17.88720945,21.62086518,69.68503962000001
2013-04-01,33.0709617,20.5501074,18.95039281,73.22834673000001
2013-04-02,26.47513545,20.21150385,8.42558994,86.22047280000001
2013-04-03,28.2066066,20.31618255,12.82401502,85.03937043
2013-04-04,27.41510745,21.48260235,7.01181045,88.97637833000002
2013-04-05,26.07351105,18.81863625,17.69369993,83.07086648
2013-04-06,26.49863475,15.03952155,13.60944807,86.22047280000001
2013-04-07,28.56016425,20.785100399999997,12.5098418,85.03937043
2013-04-08,29.825922,19.6379073,16.279920439999998,83.07086648
2013-04-09,30.2574546,18.2621301,18.7933062,79.92126016000002
2013-04-10,29.6870625,19.27794075,18.95039281,78.74015779000001
2013-04-11,31.05322635,20.956004399999998,18.47913298,76.77165384000001
2013-04-12,28.7898165,19.410391349999998,6.69763723,85.43307122000002
2013-04-13,24.1754085,17.71844175,15.651574,84.64566964000001
2013-04-14,24.492649049999997,9.99571725,22.24921162,73.22834673000001
2013-04-15,26.3736612,8.84211525,22.24921162,65.74803172000001
2013-04-16,26.0980785,10.847032800000001,20.992518739999998,70.86614199000002
2013-04-17,26.35763895,12.15338025,21.62086518,67.71653567000001
2013-04-18,27.03270975,10.399477950000001,20.67834552,69.68503962000001
2013-04-19,27.60417,13.93932705,20.67834552,70.86614199000002
2013-04-20,27.87654825,14.28754395,20.52125891,70.86614199000002
2013-04-21,27.369177,14.57808075,20.52125891,70.4724412
2013-04-22,27.0081423,14.9765007,20.3641723,70.07874041000001
2013-04-23,27.6661227,14.95834215,20.04999908,68.11023646000001
2013-04-24,28.09872345,14.8953213,19.578739249999998,65.35433093000002
2013-04-25,29.041899899999997,15.40910145,19.26456603,64.17322856000001
2013-04-26,29.737265549999996,16.27003035,17.850786539999998,68.89763804
2013-04-27,30.58110405,19.173262049999998,17.06535349,72.83464594000002
2013-04-28,30.3493155,19.47234405,15.180314169999999,73.62204752000001
2013-04-29,28.758840149999997,18.26533455,13.29527485,77.16535463000001
2013-04-30,29.9306007,18.80581845,15.023227559999999,76.37795305000002
2013-05-01,32.2207143,20.02778205,18.16495976,71.25984278000001
2013-05-02,32.410844999999995,19.7682216,18.007873149999998,70.86614199000002
2013-05-03,32.385209399999994,19.6037265,18.007873149999998,69.29133883000002
2013-05-04,26.121577799999997,17.956639199999998,5.91220418,81.10236253000001
2013-05-05,23.016465750000002,18.21406335,8.11141672,89.76377991000001
2013-05-06,23.847486449999998,12.3338976,18.95039281,75.19685068000001
2013-05-07,23.2867077,9.393280650000001,18.47913298,73.62204752000001
2013-05-08,23.551608899999998,6.836129550000001,19.10747942,67.32283488000002
2013-05-09,26.392887899999998,9.58554765,18.7933062,61.81102382
2013-05-10,27.3862674,10.7573082,18.47913298,59.05511829
2013-05-11,28.467235199999998,13.561201950000001,17.69369993,61.81102382
2013-05-12,22.584933149999998,15.1687677,4.6555113,80.70866174000001
2013-05-13,21.1482714,18.1446336,3.7129916399999994,89.76377991000001
2013-05-14,20.21577645,18.118998,2.6133853699999996,92.12598465
2013-05-15,26.9333718,18.5099409,10.46771587,87.00787438000002
2013-05-16,22.4920041,14.7350988,9.68228282,88.18897675000001
2013-05-17,25.11644865,9.026905200000002,16.279920439999998,81.10236253000001
2013-05-18,23.46081615,16.52211375,8.58267655,85.03937043
2013-05-19,26.32345815,18.71182125,9.3681096,83.07086648
2013-05-20,24.28542795,19.0141077,7.483070279999999,88.97637833000002
2013-05-21,25.3033749,18.396717,9.83936943,89.76377991000001
2013-05-22,25.704999299999997,18.0869535,8.58267655,89.76377991000001
2013-05-23,21.7229361,17.9288673,5.44094435,90.55118149000002
2013-05-24,21.60009885,16.1471931,6.540550619999999,90.94488228000002
2013-05-25,23.8357368,12.90108525,13.45236146,83.85826806000001
2013-05-26,24.74473245,12.70027305,14.70905434,78.34645700000002
2013-05-27,24.884660099999998,17.10318735,10.31062926,82.67716569000001
2013-05-28,22.6522266,18.4138074,6.069290789999999,88.18897675000001
2013-05-29,27.21429525,17.63298975,9.83936943,84.64566964000001
2013-05-30,22.5945465,9.93803715,16.59409366,68.50393725
2013-05-31,24.99467955,7.8476676,15.96574722,74.01574831
2013-06-01,23.46722505,17.99402445,4.812597909999999,87.40157517000002
2013-06-02,25.64411475,16.9034433,11.25314892,87.00787438000002
2013-06-03,23.87525835,11.9984985,14.394881119999999,85.43307122000002
2013-06-04,24.6283041,12.115995,14.86614095,83.46456727000002
2013-06-05,24.44137785,12.88185855,15.49448739,81.10236253000001
2013-06-06,25.97524125,12.74299905,14.86614095,78.34645700000002
2013-06-07,26.1408045,13.7481282,15.33740078,77.16535463000001
2013-06-08,26.215575,14.61653415,13.29527485,76.37795305000002
2013-06-09,26.43668205,14.42213085,14.394881119999999,77.95275621000002
2013-06-10,22.519776,16.9824864,6.069290789999999,84.64566964000001
2013-06-11,27.0124149,15.895109699999999,12.19566858,82.67716569000001
2013-06-12,27.0401868,15.4934853,13.13818824,80.70866174000001
2013-06-13,27.675736049999998,13.675494,14.86614095,74.80314989000001
2013-06-14,26.87035095,15.405897,11.72440875,78.74015779000001
2013-06-15,19.8408558,13.54197525,3.8700782499999997,87.79527596000001
2013-06-16,18.54732615,15.936767549999999,2.7704719799999995,91.73228386000001
2013-06-17,23.9959593,13.49924925,9.99645604,90.55118149000002
2013-06-18,23.9575059,14.72334915,7.483070279999999,87.00787438000002
2013-06-19,21.56164545,18.8197044,3.7129916399999994,91.73228386000001
2013-06-20,20.77548705,17.4866532,1.8279523199999996,94.48818939000002
2013-06-21,18.331559849999998,11.58512445,1.8279523199999996,95.27559097000001
2013-06-22,16.85537655,10.478521050000001,9.99645604,88.18897675000001
2013-06-23,16.8521721,9.44241555,4.027164859999999,92.12598465
2013-06-24,18.3860355,16.3287786,1.35669249,94.0944886
2013-06-25,18.794068799999998,16.69301775,1.19960588,96.06299255000002
2013-06-26,18.169201049999998,16.0873767,2.29921215,95.66929176000001
2013-06-27,22.19612655,15.6472989,6.383464009999999,91.33858307000001
2013-06-28,25.025655899999997,16.4484114,8.89684977,88.97637833000002
2013-06-29,27.184387049999998,20.0096235,9.52519621,87.40157517000002
2013-06-30,23.597539349999998,17.328567,7.325983669999999,90.55118149000002
2013-07-01,22.93315005,13.82823945,11.56732214,87.79527596000001
2013-07-02,22.5304575,11.46762795,13.29527485,82.67716569000001
2013-07-03,26.5744734,12.0647238,13.45236146,79.52755937
2013-07-04,28.67338815,19.0760604,13.92362129,74.80314989000001
2013-07-05,28.56230055,18.30806055,14.70905434,71.65354357000001
2013-07-06,27.903252,17.5058799,12.82401502,76.37795305000002
2013-07-07,29.5781112,17.30613585,14.55196773,75.59055147000001
2013-07-08,27.41083485,17.9331399,10.78188909,82.28346490000001
2013-07-09,26.68662915,17.040166499999998,13.92362129,81.88976411000002
2013-07-10,27.2687709,15.30655905,15.49448739,75.98425226
2013-07-11,28.1873799,16.4975463,15.651574,72.04724436000001
2013-07-12,28.1766984,15.0512712,15.49448739,70.4724412
2013-07-13,27.74837025,15.57359655,15.023227559999999,65.74803172000001
2013-07-14,25.342896449999998,15.82995255,9.52519621,72.83464594000002
2013-07-15,25.61420655,14.9423199,13.92362129,78.74015779000001
2013-07-16,24.8034807,8.9606799,16.75118027,63.77952777000001
2013-07-17,27.97695435,10.1655531,16.12283383,59.05511829
2013-07-18,29.45100135,15.4849401,11.56732214,64.96063014
2013-07-19,24.32815395,15.9079275,4.9696845199999995,82.67716569000001
2013-07-20,21.27751755,13.8763062,2.4562987599999997,92.51968544000002
2013-07-21,16.3351875,10.93355295,3.3988184199999996,93.30708702000001
2013-07-22,11.107661400000001,6.5359794,3.2417318099999997,79.52755937
2013-07-23,11.923728,2.481282,16.90826688,71.25984278000001
2013-07-24,15.02884005,0.42295695000000144,17.69369993,64.17322856000001
2013-07-25,18.888066,0.9901446000000007,17.850786539999998,62.99212619
2013-07-26,21.32878875,6.4889808,17.850786539999998,65.35433093000002
2013-07-27,26.39181975,9.20314995,17.37952671,68.50393725
2013-07-28,27.58601145,10.6334028,17.06535349,64.17322856000001
2013-07-29,29.5610208,13.30698225,17.06535349,61.81102382
2013-07-30,28.984219799999998,14.9658192,17.2224401,64.17322856000001
2013-07-31,30.941070599999996,13.1499642,17.69369993,54.7244096
2013-08-01,32.0669007,15.15274545,17.06535349,52.75590565
2013-08-02,32.29228035,17.6746476,15.023227559999999,54.7244096
2013-08-03,28.5761865,16.02435585,11.56732214,76.37795305000002
2013-08-04,26.097010349999998,16.1087397,16.43700705,72.44094515
2013-08-05,30.4134045,13.3016415,15.33740078,64.96063014
2013-08-06,31.010500349999997,19.7575401,12.5098418,66.14173251000001
2013-08-07,31.40144325,17.61376305,17.06535349,60.23622066
2013-08-08,31.6033236,17.14377705,15.023227559999999,48.42519696
2013-08-09,25.492437449999997,12.8594274,5.91220418,73.22834673000001
2013-08-10,13.846398,7.545381150000001,6.2263774,85.82677201000001
2013-08-11,18.58364325,3.1456713,19.421652639999998,74.80314989000001
2013-08-12,24.9252498,6.926922300000001,17.53661332,65.74803172000001
2013-08-13,24.5108076,13.38602535,9.3681096,69.29133883000002
2013-08-14,15.1751766,7.695990300000001,15.96574722,71.25984278000001
2013-08-15,19.497979649999998,2.669276400000001,20.52125891,62.5984254
2013-08-16,22.90431,5.707095000000001,20.20708569,61.417323030000006
2013-08-17,24.853683750000002,7.546449300000001,20.04999908,61.417323030000006
2013-08-18,25.318329,11.79661815,20.20708569,62.99212619
2013-08-19,28.07736045,13.32834525,19.89291247,62.20472461000001
2013-08-20,29.85262575,15.2456745,19.578739249999998,59.44881908
2013-08-21,31.7528646,15.56077875,19.421652639999998,52.75590565
2013-08-22,33.0581439,16.86178545,15.33740078,47.24409459
2013-08-23,27.45996975,17.53471995,9.05393638,68.11023646000001
2013-08-24,19.5909087,11.2913832,11.25314892,87.40157517000002
2013-08-25,13.93719075,9.570593550000002,4.6555113,89.37007912000001
2013-08-26,11.08950285,7.6009249500000005,4.1842514699999995,92.51968544000002
2013-08-27,13.5579975,5.2328364,16.75118027,76.37795305000002
2013-08-28,20.3129781,1.4836299000000004,22.406298229999997,64.56692935000001
2013-08-29,26.430273149999998,5.99015475,22.09212501,55.905511970000006
2013-08-30,31.88211075,10.5009522,20.67834552,48.42519696
2013-08-31,33.6392175,16.46016105,17.37952671,43.70078748
2013-09-01,28.22049255,18.56014395,9.68228282,55.51181118
2013-09-02,21.9579291,17.4311094,1.8279523199999996,81.10236253000001
2013-09-03,26.7731493,15.85986075,17.06535349,79.92126016000002
2013-09-04,27.6981672,14.4637887,20.992518739999998,73.62204752000001
2013-09-05,28.5185064,15.4187148,20.3641723,68.89763804
2013-09-06,30.1826841,15.8780193,21.77795179,63.385826980000004
2013-09-07,31.82870325,17.3883834,21.9350384,59.05511829
2013-09-08,32.51231925,18.9393372,12.98110163,61.81102382
2013-09-09,33.6392175,16.12048935,21.9350384,62.5984254
2013-09-10,34.4958738,19.2726,22.720471449999998,49.606299330000006
2013-09-11,35.157058649999996,17.169412649999998,23.03464467,43.70078748
2013-09-12,34.995768,16.89596625,23.03464467,43.307086690000006
2013-09-13,35.214738749999995,18.15424695,22.563384839999998,39.37007879
2013-09-14,35.619567599999996,18.5804388,22.563384839999998,37.79527563
2013-09-15,29.23523505,18.64773225,8.42558994,60.629921450000005
2013-09-16,21.87995415,14.89852575,3.2417318099999997,88.97637833000002
2013-09-17,16.123693799999998,10.693219200000001,9.99645604,84.25196885000001
2013-09-18,20.938914,5.545804350000001,21.62086518,67.71653567000001
2013-09-19,26.9269629,9.2234448,19.10747942,57.48031513
2013-09-20,34.872930749999995,18.19697295,19.89291247,64.56692935000001
2013-09-21,34.7415483,22.13417385,15.651574,63.385826980000004
2013-09-22,25.745589,17.12455035,8.11141672,86.22047280000001
2013-09-23,18.0869535,13.85387505,5.12677113,90.94488228000002
2013-09-24,18.07947645,9.5011638,26.17637687,66.14173251000001
2013-09-25,23.2076646,4.588741950000001,26.01929026,62.5984254
2013-09-26,26.9141451,9.33346425,26.01929026,57.48031513
2013-09-27,29.0953074,14.15722965,20.20708569,50.787401700000004
2013-09-28,25.1837421,16.92160185,12.98110163,62.5984254
2013-09-29,25.96669605,15.08224755,14.23779451,79.92126016000002
2013-09-30,23.9169162,18.2386308,6.069290789999999,88.97637833000002
2013-10-01,24.5321706,15.90258675,12.82401502,86.22047280000001
2013-10-02,28.074156,16.6086339,18.47913298,77.95275621000002
2013-10-03,25.9357197,19.377278699999998,7.325983669999999,88.18897675000001
2013-10-04,26.384342699999998,18.6124833,15.49448739,77.55905542
2013-10-05,25.52875455,10.0544655,27.590156359999998,60.23622066
2013-10-06,27.89363865,12.56782245,25.548030429999997,57.874015920000005
2013-10-07,29.334573,15.2649012,26.80472331,56.69291355
2013-10-08,28.351875,14.3826093,27.90432958,50.00000012
2013-10-09,31.03186335,15.88549635,27.275983139999997,57.086614340000004
2013-10-10,26.76994485,18.07306755,9.99645604,64.17322856000001
2013-10-11,27.2281812,19.910285549999998,9.99645604,64.96063014
2013-10-12,27.688553849999998,19.67101995,9.99645604,73.22834673000001
2013-10-13,28.283513399999997,18.4650786,12.98110163,77.55905542
2013-10-14,30.43583565,17.969457,17.53661332,74.40944910000002
2013-10-15,26.158963049999997,20.71994325,8.11141672,81.10236253000001
2013-10-16,24.234156749999997,19.42961805,8.73976316,89.76377991000001
2013-10-17,28.5825954,18.914769749999998,18.7933062,79.52755937
2013-10-18,30.59392185,17.08396065,26.80472331,63.77952777000001
2013-10-19,31.360853549999998,15.7220694,28.689762629999997,53.54330723
2013-10-20,34.735139399999994,16.3223697,29.003935849999998,47.63779538
2013-10-21,35.37496125,20.4625191,12.35275519,65.35433093000002
2013-10-22,31.72829715,18.76950135,23.19173128,78.34645700000002
2013-10-23,34.92206564999999,22.7355423,24.134250939999998,68.50393725
2013-10-24,29.43177465,20.52767625,7.483070279999999,78.74015779000001
2013-10-25,31.714411199999997,19.217056200000002,21.62086518,77.95275621000002
2013-10-26,32.436480599999996,21.0863187,23.977164329999997,72.83464594000002
2013-10-27,30.2190012,21.0414564,27.433069749999998,72.44094515
2013-10-28,31.433487749999998,15.0021363,30.103542119999997,53.14960644000001
2013-10-29,30.591785549999997,18.3219465,22.24921162,58.26771671
2013-10-30,29.600542349999998,19.6421799,17.850786539999998,62.5984254
2013-10-31,33.52706175,21.38433255,28.2185028,59.44881908
2013-11-01,32.6928366,20.99125335,25.23385721,57.48031513
2013-11-02,30.78405255,21.90345345,15.180314169999999,67.32283488000002
2013-11-03,25.56079905,20.831030849999998,12.66692841,87.00787438000002
2013-11-04,28.11795015,15.9848343,30.574801949999998,68.11023646000001
2013-11-05,31.07886195,17.04123465,28.689762629999997,61.81102382
2013-11-06,30.146366999999998,17.9801385,28.2185028,61.81102382
2013-11-07,30.2382279,16.2561444,29.31810907,61.02362224
2013-11-08,31.88851965,18.2728116,28.53267602,61.81102382
2013-11-09,35.2008528,20.10255255,27.590156359999998,58.26771671
2013-11-10,36.9120291,22.85837955,26.49055009,53.93700802
2013-11-11,35.3824383,23.63599275,21.9350384,59.842519870000004
2013-11-12,29.20959945,18.0143193,31.360235,67.32283488000002
2013-11-13,33.33906734999999,14.3121114,31.674408219999997,52.75590565
2013-11-14,33.6563079,18.8560215,31.360235,46.45669301
2013-11-15,36.73578435,20.71353435,29.161022459999998,50.00000012
2013-11-16,29.355936,20.76694185,16.75118027,82.67716569000001
2013-11-17,31.36512615,17.581718549999998,23.66299111,75.59055147000001
2013-11-18,32.3488923,20.36531745,26.17637687,72.44094515
2013-11-19,34.08677235,21.4772616,22.87755806,68.11023646000001
2013-11-20,28.671251849999997,20.58749265,15.651574,83.07086648
2013-11-21,25.6515918,21.3704466,9.3681096,89.37007912000001
2013-11-22,30.091891349999997,19.5097293,26.49055009,79.52755937
2013-11-23,28.99383315,18.8068866,28.53267602,69.68503962000001
2013-11-24,30.3514518,18.8602941,28.37558941,67.32283488000002
2013-11-25,31.7592735,20.49135915,25.862203649999998,68.89763804
2013-11-26,31.73043345,20.6996484,26.49055009,70.07874041000001
2013-11-27,33.43520085,20.79257745,29.31810907,66.92913409
2013-11-28,34.1754288,21.3127665,26.01929026,68.89763804
2013-11-29,26.49436215,20.20936755,8.11141672,83.85826806000001
2013-11-30,31.3619217,19.6165443,25.705117039999998,79.52755937
2013-12-01,32.774016,22.05940335,25.548030429999997,72.83464594000002
2013-12-02,30.629170799999997,19.960488599999998,21.77795179,80.31496095000001
2013-12-03,31.406784,20.95920885,21.149605349999998,79.92126016000002
2013-12-04,33.8464386,20.089734749999998,29.31810907,75.19685068000001
2013-12-05,35.017131,21.497556449999998,23.03464467,71.25984278000001
2013-12-06,27.6447597,19.4029143,12.82401502,79.92126016000002
2013-12-07,29.4328428,21.5242602,15.023227559999999,84.25196885000001
2013-12-08,33.157481849999996,20.93143695,27.74724297,77.95275621000002
2013-12-09,33.194867099999996,20.9880489,18.32204637,79.13385858000001
2013-12-10,29.12842005,19.75433565,20.835432129999997,83.07086648
2013-12-11,31.4388285,19.6250895,27.590156359999998,73.22834673000001
2013-12-12,31.152564299999998,20.30977365,26.6476367,70.86614199000002
2013-12-13,31.860747749999998,20.48495025,26.96180992,73.62204752000001
2013-12-14,30.2190012,21.5178513,20.04999908,79.52755937
2013-12-15,33.485403899999994,21.409968149999997,27.90432958,73.62204752000001
2013-12-16,33.7289421,20.62594605,29.63228229,71.25984278000001
2013-12-17,32.523000749999994,20.381339699999998,30.88897517,69.68503962000001
2013-12-18,32.84558205,20.968822199999998,29.161022459999998,67.71653567000001
2013-12-19,32.0925363,21.47619345,27.90432958,66.53543330000001
2013-12-20,32.98871415,20.3279322,28.2185028,68.11023646000001
2013-12-21,32.78576565,20.1420741,29.63228229,66.53543330000001
2013-12-22,32.84558205,19.9882605,30.731888559999998,63.385826980000004
2013-12-23,33.39461115,20.51913105,30.574801949999998,60.23622066
2013-12-24,34.2865164,20.63235495,29.161022459999998,62.99212619
2013-12-25,34.7223216,21.30101685,26.80472331,70.07874041000001
2013-12-26,34.45955669999999,23.11687185,24.76259738,71.65354357000001
2013-12-27,35.2713507,23.310207,23.977164329999997,70.86614199000002
2013-12-28,34.27690305,22.78574535,15.49448739,81.49606332000002
2013-12-29,31.620414,22.1950584,15.96574722,85.03937043
2013-12-30,30.5928537,22.21748955,16.75118027,86.22047280000001
2013-12-31,29.28009735,22.9833531,10.9389757,85.82677201000001
2014-01-01,31.07031675,23.78553375,16.12283383,85.43307122000002
2014-01-02,31.510394549999997,23.716104,15.96574722,83.85826806000001
2014-01-03,32.269849199999996,22.10640195,14.55196773,82.67716569000001
2014-01-04,28.68620595,21.664187849999998,12.66692841,88.18897675000001
2014-01-05,30.5437188,22.4578233,15.96574722,84.25196885000001
2014-01-06,33.01648605,22.1587413,23.82007772,78.34645700000002
2014-01-07,32.92248884999999,20.76907815,24.91968399,74.40944910000002
2014-01-08,30.691123499999996,21.21983745,17.850786539999998,81.10236253000001
2014-01-09,32.98871415,20.7637374,26.96180992,77.55905542
2014-01-10,34.34099205,21.59155365,29.003935849999998,70.07874041000001
2014-01-11,34.97547315,22.3980069,23.03464467,70.07874041000001
2014-01-12,29.96798595,20.618468999999997,18.32204637,83.07086648
2014-01-13,29.5845201,19.8878544,15.49448739,86.22047280000001
2014-01-14,29.45954655,19.077128549999998,16.75118027,85.43307122000002
2014-01-15,30.583240349999997,20.1826638,18.63621959,83.07086648
2014-01-16,31.20917625,19.300371900000002,23.5059045,83.07086648
2014-01-17,33.20875305,20.22004905,30.103542119999997,75.59055147000001
2014-01-18,33.11689215,20.86307535,26.96180992,74.80314989000001
2014-01-19,34.2651534,21.6588471,29.31810907,70.4724412
2014-01-20,34.50121455,21.80091105,28.37558941,67.71653567000001
2014-01-21,35.473231049999995,20.9944578,29.63228229,63.77952777000001
2014-01-22,34.9829502,22.73233785,27.74724297,68.11023646000001
2014-01-23,33.90945945,23.31127515,26.01929026,71.25984278000001
2014-01-24,34.910315999999995,23.32836555,26.01929026,69.29133883000002
2014-01-25,31.0030233,22.4791863,9.99645604,84.64566964000001
2014-01-26,33.7951674,21.89277195,26.49055009,78.34645700000002
2014-01-27,34.44353445,21.2764494,28.2185028,70.4724412
2014-01-28,34.8483633,22.07222115,27.590156359999998,67.71653567000001
2014-01-29,35.364279749999994,21.69195975,26.33346348,66.92913409
2014-01-30,36.00303345,21.427058549999998,26.80472331,63.77952777000001
2014-01-31,35.42195984999999,21.339470249999998,25.548030429999997,64.56692935000001
2014-02-01,36.843667499999995,22.4150973,27.275983139999997,63.77952777000001
2014-02-02,37.7110053,23.51849625,29.161022459999998,55.51181118
2014-02-03,36.9248469,21.9579291,29.161022459999998,50.00000012
2014-02-04,37.5144657,21.4879431,28.53267602,51.18110249
2014-02-05,37.54116945,22.2869193,27.118896529999997,57.48031513
2014-02-06,38.2151721,23.6071527,26.6476367,53.54330723
2014-02-07,37.21645185,22.9748079,26.80472331,55.118110390000005
2014-02-08,38.576206799999994,23.363614499999997,29.7893689,50.39370091
2014-02-09,36.251912399999995,22.8167217,26.17637687,55.51181118
2014-02-10,36.998549249999996,21.25829085,28.53267602,68.11023646000001
2014-02-11,36.6898539,23.37322785,28.37558941,57.086614340000004
2014-02-12,32.86267245,22.39052985,23.5059045,68.50393725
2014-02-13,33.123301049999995,21.968610599999998,17.850786539999998,74.01574831
2014-02-14,30.148503299999998,21.9322935,12.98110163,85.03937043
2014-02-15,30.3429066,21.11729505,16.279920439999998,72.04724436000001
2014-02-16,33.45442755,18.66055005,25.548030429999997,61.417323030000006
2014-02-17,34.79281949999999,20.24141205,26.96180992,57.086614340000004
2014-02-18,34.9124523,21.70477755,27.118896529999997,56.29921276
2014-02-19,34.59307545,21.80518365,27.118896529999997,55.51181118
2014-02-20,28.85283735,21.73682205,9.83936943,75.59055147000001
2014-02-21,32.307234449999996,22.618045799999997,20.3641723,76.77165384000001
2014-02-22,31.74538755,22.1929221,18.63621959,77.16535463000001
2014-02-23,31.08099825,22.71738375,17.69369993,81.88976411000002
2014-02-24,32.02097025,23.011125,16.75118027,80.70866174000001
2014-02-25,30.69860055,21.62146185,14.23779451,82.28346490000001
2014-02-26,31.214516999999997,22.6329999,14.86614095,82.67716569000001
2014-02-27,27.33179175,21.5776677,14.70905434,85.43307122000002
2014-02-28,29.7511515,16.34052825,28.689762629999997,70.07874041000001
2014-03-01,31.5114627,15.3353991,28.37558941,58.26771671
2014-03-02,33.4512231,16.66738215,20.20708569,59.44881908
2014-03-03,27.70350795,20.3984301,8.26850333,82.28346490000001
2014-03-04,29.89107915,21.210224099999998,12.98110163,85.43307122000002
2014-03-05,30.495652049999997,21.5135787,19.26456603,80.70866174000001
2014-03-06,33.073098,19.0141077,26.49055009,69.68503962000001
2014-03-07,31.7742276,19.09635525,22.563384839999998,67.32283488000002
2014-03-08,32.32646115,17.99402445,25.862203649999998,66.14173251000001
2014-03-09,33.4619046,17.81457525,25.548030429999997,63.77952777000001
2014-03-10,27.815663699999998,21.36724215,8.42558994,75.59055147000001
2014-03-11,31.6802304,18.930792,20.992518739999998,79.13385858000001
2014-03-12,31.4089203,19.81201575,18.32204637,80.31496095000001
2014-03-13,32.8680132,19.1038323,22.406298229999997,74.40944910000002
2014-03-14,33.77914515,20.34075,24.291337549999998,72.83464594000002
2014-03-15,33.991707,22.130969399999998,17.53661332,76.37795305000002
2014-03-16,34.87933965,22.4236425,23.19173128,72.44094515
2014-03-17,34.82165955,21.5733951,18.63621959,72.44094515
2014-03-18,31.37153505,20.9239599,15.651574,80.70866174000001
2014-03-19,30.856686749999998,21.59796255,12.19566858,83.46456727000002
2014-03-20,25.61207025,20.747715149999998,6.383464009999999,92.51968544000002
2014-03-21,27.487741649999997,21.5947581,12.98110163,87.79527596000001
2014-03-22,28.333716449999997,18.994881,21.149605349999998,79.52755937
2014-03-23,29.55781635,13.1392827,23.5059045,75.19685068000001
2014-03-24,30.33542955,18.39778515,23.82007772,74.01574831
2014-03-25,31.113042749999998,18.0356823,23.82007772,69.29133883000002
2014-03-26,31.1247924,18.26319825,23.34881789,66.53543330000001
2014-03-27,31.343763149999997,19.1251953,23.82007772,67.71653567000001
2014-03-28,32.278394399999996,20.13673335,22.24921162,70.07874041000001
2014-03-29,32.482411049999996,22.05299445,17.06535349,72.04724436000001
2014-03-30,29.17755495,22.08290265,10.78188909,81.49606332000002
2014-03-31,27.05834535,20.40163455,12.03858197,88.18897675000001
2014-04-01,31.56166575,19.7233593,21.77795179,81.10236253000001
2014-04-02,31.940859,19.5802272,21.46377857,76.37795305000002
2014-04-03,31.503985649999997,19.7618127,22.87755806,72.44094515
2014-04-04,31.860747749999998,20.9474592,22.24921162,71.25984278000001
2014-04-05,32.58922604999999,21.3084939,21.62086518,70.07874041000001
2014-04-06,33.40315635,21.45910305,21.77795179,70.86614199000002
2014-04-07,33.92441355,22.039108499999998,20.52125891,72.04724436000001
2014-04-08,34.214950349999995,22.6586355,20.3641723,72.83464594000002
2014-04-09,31.32240015,20.1207111,8.89684977,85.03937043
2014-04-10,26.47513545,19.336689,7.95433011,86.61417359000001
2014-04-11,28.899835949999996,21.9878373,10.9389757,87.40157517000002
2014-04-12,24.67850715,20.9709585,6.383464009999999,89.37007912000001
2014-04-13,23.6990136,15.41764665,18.63621959,77.95275621000002
2014-04-14,25.2862845,10.138849350000001,19.89291247,70.4724412
2014-04-15,25.580025749999997,15.3994881,16.43700705,79.52755937
2014-04-16,26.858601299999997,16.89169365,14.70905434,83.46456727000002
2014-04-17,30.374951099999997,19.05576555,18.7933062,81.49606332000002
2014-04-18,24.4296282,18.9713817,3.0846451999999998,89.76377991000001
2014-04-19,21.72400425,17.9502303,4.1842514699999995,92.12598465
2014-04-20,26.56486005,17.8562331,13.45236146,87.00787438000002
2014-04-21,28.69688745,18.90408825,12.5098418,85.82677201000001
2014-04-22,24.58237365,19.80560685,8.26850333,89.76377991000001
2014-04-23,26.93230365,18.4522608,13.29527485,87.00787438000002
2014-04-24,25.45612035,16.40248095,17.06535349,83.85826806000001
2014-04-25,26.95153035,14.3441559,17.850786539999998,81.49606332000002
2014-04-26,28.065610799999998,14.51185545,18.16495976,80.31496095000001
2014-04-27,27.12884325,16.61611095,18.95039281,77.55905542
2014-04-28,25.176265049999998,14.17645635,17.850786539999998,73.22834673000001
2014-04-29,26.6898336,16.0232877,15.023227559999999,75.98425226
2014-04-30,26.39609235,19.12626345,6.540550619999999,79.92126016000002
2014-05-01,23.509951049999998,18.15424695,8.58267655,88.97637833000002
2014-05-02,25.531959,14.3227929,15.96574722,87.00787438000002
2014-05-03,29.642200199999998,17.0572569,18.007873149999998,79.13385858000001
2014-05-04,29.065399199999998,18.64986855,13.76653468,77.95275621000002
2014-05-05,23.72144475,20.0694399,3.7129916399999994,84.25196885000001
2014-05-06,29.54927115,18.7513428,14.70905434,77.16535463000001
2014-05-07,29.70308475,18.0527727,17.53661332,77.16535463000001
2014-05-08,28.287785999999997,18.6680271,15.180314169999999,80.31496095000001
2014-05-09,24.42428745,15.1965396,17.37952671,79.52755937
2014-05-10,25.06090485,11.815844850000001,18.007873149999998,76.37795305000002
2014-05-11,25.6580007,14.97329625,17.53661332,72.44094515
2014-05-12,26.79771675,14.081391,16.90826688,75.98425226
2014-05-13,23.963914799999998,17.3007951,7.325983669999999,84.25196885000001
2014-05-14,22.0989249,18.45332895,5.598030959999999,88.97637833000002
2014-05-15,24.726573899999998,17.03909835,7.7972434999999995,86.61417359000001
2014-05-16,26.6236083,17.0358939,12.66692841,82.67716569000001
2014-05-17,27.63087375,16.2732348,15.023227559999999,81.49606332000002
2014-05-18,28.32730755,16.8628536,14.55196773,80.31496095000001
2014-05-19,28.3027401,16.44734325,15.49448739,79.52755937
2014-05-20,28.69688745,17.285841,15.023227559999999,78.34645700000002
2014-05-21,28.8496329,18.627437399999998,10.31062926,70.07874041000001
2014-05-22,26.0638977,18.78659175,4.1842514699999995,85.03937043
2014-05-23,19.86542325,12.74940795,4.1842514699999995,90.15748070000001
2014-05-24,17.07968805,10.112145600000002,8.42558994,85.43307122000002
2014-05-25,17.243115,12.97371945,1.35669249,94.88189018000001
2014-05-26,15.54796095,9.776746500000002,4.1842514699999995,92.51968544000002
2014-05-27,16.15467015,8.3753337,11.09606231,89.76377991000001
2014-05-28,21.47832975,7.12025745,13.92362129,85.43307122000002
2014-05-29,23.0602599,9.01729185,15.808660609999999,80.31496095000001
2014-05-30,23.9062347,13.36466235,11.09606231,77.55905542
2014-05-31,20.13246075,16.0425144,1.6708657099999997,85.82677201000001
2014-06-01,20.212572,12.78999765,12.03858197,87.00787438000002
2014-06-02,20.451837599999998,6.804085050000001,16.43700705,78.74015779000001
2014-06-03,21.9087942,7.545381150000001,16.43700705,74.40944910000002
2014-06-04,22.90751445,11.6545542,9.52519621,72.04724436000001
2014-06-05,28.40207805,17.86157385,9.3681096,79.92126016000002
2014-06-06,24.21920265,20.10255255,3.0846451999999998,93.70078781000001
2014-06-07,23.793010799999998,20.081189549999998,1.9850389299999995,91.73228386000001
2014-06-08,22.051926299999998,16.21448655,4.027164859999999,90.55118149000002
2014-06-09,23.28350325,12.44818965,10.78188909,90.55118149000002
2014-06-10,21.22624635,14.11663995,5.91220418,87.40157517000002
2014-06-11,26.91948585,16.8457632,14.70905434,77.16535463000001
2014-06-12,28.06454265,18.42342075,13.45236146,71.65354357000001
2014-06-13,27.750506549999997,19.5225471,7.95433011,74.01574831
2014-06-14,23.47577025,18.67123155,4.34133808,90.94488228000002
2014-06-15,26.667402449999997,18.7577517,9.3681096,86.61417359000001
2014-06-16,25.259580749999998,18.2557212,6.854723839999999,90.15748070000001
2014-06-17,27.3243147,17.5058799,10.46771587,87.00787438000002
2014-06-18,21.88422675,16.42811655,6.2263774,89.37007912000001
2014-06-19,20.5714704,9.28860195,15.49448739,79.92126016000002
2014-06-20,22.7697231,9.5673891,14.394881119999999,81.49606332000002
2014-06-21,23.4084768,11.32663215,15.33740078,79.13385858000001
2014-06-22,24.738323549999997,12.927789,11.09606231,74.80314989000001
2014-06-23,27.89150235,16.8137187,10.78188909,73.22834673000001
2014-06-24,27.5208543,18.83786295,9.52519621,73.62204752000001
2014-06-25,27.2431353,18.53450835,8.11141672,74.01574831
2014-06-26,27.03270975,19.1679213,6.2263774,78.34645700000002
2014-06-27,25.354646099999997,17.70348765,5.91220418,85.03937043
2014-06-28,18.26960715,15.61418625,3.8700782499999997,92.12598465
2014-06-29,17.92352655,12.9897417,6.854723839999999,90.94488228000002
2014-06-30,18.60714255,9.303556050000001,14.86614095,82.28346490000001
2014-07-01,21.5926218,5.965587300000001,13.60944807,77.16535463000001
2014-07-02,24.66996195,15.1965396,7.95433011,66.53543330000001
2014-07-03,29.666767649999997,17.6853291,12.19566858,70.07874041000001
2014-07-04,30.650533799999998,18.0826809,14.70905434,67.71653567000001
2014-07-05,30.357860699999996,16.80196905,14.23779451,61.81102382
2014-07-06,23.5857897,16.15467015,1.8279523199999996,80.31496095000001
2014-07-07,19.048288499999998,12.5026653,10.62480248,88.97637833000002
2014-07-08,21.323448,10.399477950000001,8.26850333,88.58267754
2014-07-09,19.3388253,16.4847285,2.6133853699999996,92.51968544000002
2014-07-10,23.49499695,13.7139474,12.35275519,87.00787438000002
2014-07-11,23.7994197,14.10595845,14.55196773,80.70866174000001
2014-07-12,24.82377555,13.83892095,15.808660609999999,75.59055147000001
2014-07-13,26.28714105,15.05020305,14.70905434,75.19685068000001
2014-07-14,26.6513802,15.59282325,15.49448739,75.19685068000001
2014-07-15,27.45783345,15.9442446,15.33740078,70.07874041000001
2014-07-16,27.79964145,17.26768245,13.76653468,69.29133883000002
2014-07-17,26.259369149999998,17.45567685,6.383464009999999,77.95275621000002
2014-07-18,19.849401,13.4105928,15.49448739,80.70866174000001
2014-07-19,20.85880275,5.8203189,16.75118027,75.59055147000001
2014-07-20,22.882947,6.916240800000001,17.06535349,72.44094515
2014-07-21,24.792799199999997,9.92949195,17.2224401,67.32283488000002
2014-07-22,28.37857875,12.97158315,14.23779451,62.99212619
2014-07-23,23.9703237,18.0677268,4.6555113,72.83464594000002
2014-07-24,19.165785,10.5543597,3.0846451999999998,93.30708702000001
2014-07-25,15.8908371,8.391355950000001,13.29527485,83.46456727000002
2014-07-26,19.425345450000002,7.53469965,16.75118027,77.95275621000002
2014-07-27,21.4323993,8.980974750000001,12.98110163,77.95275621000002
2014-07-28,22.1245605,14.7265536,9.68228282,83.07086648
2014-07-29,25.4977782,14.3762004,15.808660609999999,76.37795305000002
2014-07-30,25.6195473,15.49882605,13.76653468,75.59055147000001
2014-07-31,26.4804762,16.55843085,11.41023553,77.16535463000001
2014-08-01,29.30786925,16.4761833,16.90826688,68.11023646000001
2014-08-02,30.2724087,17.76757665,17.06535349,61.417323030000006
2014-08-03,30.91436685,15.92608605,17.850786539999998,55.118110390000005
2014-08-04,30.9282528,15.9976521,15.023227559999999,60.23622066
2014-08-05,27.38306295,13.76415045,17.53661332,59.05511829
2014-08-06,27.6874857,14.4296079,18.007873149999998,52.362204860000006
2014-08-07,30.14529885,16.68874515,15.180314169999999,62.99212619
2014-08-08,24.78745845,16.57552125,13.13818824,80.70866174000001
2014-08-09,27.13525215,15.58427805,13.45236146,81.88976411000002
2014-08-10,28.246128149999997,17.905368,14.0807079,71.25984278000001
2014-08-11,30.3429066,15.8203392,15.180314169999999,61.417323030000006
2014-08-12,29.108125199999996,17.4161553,12.35275519,70.07874041000001
2014-08-13,21.8553867,11.9920896,14.70905434,68.89763804
2014-08-14,21.006207449999998,4.1817768000000015,19.421652639999998,64.56692935000001
2014-08-15,24.46274085,10.972006350000001,13.92362129,71.25984278000001
2014-08-16,26.6471076,17.4802443,13.60944807,75.19685068000001
2014-08-17,28.5847317,17.87652795,15.49448739,75.19685068000001
2014-08-18,30.1549122,16.1130123,17.69369993,76.77165384000001
2014-08-19,31.589437649999997,16.47084255,18.7933062,68.50393725
2014-08-20,29.55354375,16.2369177,19.73582586,63.77952777000001
2014-08-21,31.66207185,13.4853633,19.89291247,57.874015920000005
2014-08-22,33.0239631,17.3413848,18.63621959,52.362204860000006
2014-08-23,33.55056105,17.520834,18.47913298,51.574803280000005
2014-08-24,34.160474699999995,18.28669755,18.95039281,44.48818906
2014-08-25,26.4099783,15.980561699999999,10.78188909,64.56692935000001
2014-08-26,21.6695286,8.279200200000002,20.67834552,59.05511829
2014-08-27,22.0305633,5.791478850000001,20.67834552,56.29921276
2014-08-28,25.77656535,8.514193200000001,19.73582586,53.14960644000001
2014-08-29,30.295907999999997,12.7761117,19.73582586,53.54330723
2014-08-30,32.40123165,17.17795785,17.53661332,61.02362224
2014-08-31,26.74858185,19.2341466,8.42558994,74.01574831
2014-09-01,30.71569095,16.89382995,18.47913298,74.40944910000002
2014-09-02,35.013926549999994,21.70264125,16.12283383,64.96063014
2014-09-03,34.0387056,20.29268325,18.47913298,69.29133883000002
2014-09-04,28.829338049999997,20.32900035,14.394881119999999,69.29133883000002
2014-09-05,28.542005699999997,16.4355936,17.37952671,60.629921450000005
2014-09-06,32.640497249999996,17.7173736,20.20708569,56.69291355
2014-09-07,27.0658224,18.2578575,12.5098418,82.28346490000001
2014-09-08,30.735985799999998,16.7261304,21.149605349999998,75.98425226
2014-09-09,33.58474185,19.04508405,21.9350384,57.874015920000005
2014-09-10,35.166672,18.85281705,18.95039281,45.66929143
2014-09-11,32.88830805,19.53002415,15.651574,62.20472461000001
2014-09-12,34.38799065,18.35505915,20.52125891,71.65354357000001
2014-09-13,35.826788699999994,20.19227715,22.563384839999998,51.574803280000005
2014-09-14,35.7968805,18.6808449,17.850786539999998,51.18110249
2014-09-15,25.70606745,17.3157492,15.651574,79.13385858000001
2014-09-16,26.73576405,11.3148825,24.60551077,70.07874041000001
2014-09-17,31.006227749999997,13.41379725,20.52125891,62.99212619
2014-09-18,27.042323099999997,19.54284195,6.854723839999999,72.44094515
2014-09-19,20.5031088,17.94702585,2.4562987599999997,92.12598465
2014-09-20,25.992331649999997,18.35078655,13.92362129,85.03937043
2014-09-21,26.29354995,13.13821455,25.705117039999998,65.35433093000002
2014-09-22,29.574906749999997,11.807299650000001,25.548030429999997,57.086614340000004
2014-09-23,32.4129813,15.76799985,24.44842416,55.51181118
2014-09-24,26.0489436,18.6637545,3.5559050299999995,81.10236253000001
2014-09-25,23.613561599999997,17.61589935,6.069290789999999,90.55118149000002
2014-09-26,23.32836555,19.44670845,5.7551175699999995,90.55118149000002
2014-09-27,23.50354215,19.1059686,5.283857739999999,90.94488228000002
2014-09-28,27.753711,20.12391555,15.180314169999999,83.07086648
2014-09-29,31.38435285,19.9498071,13.45236146,79.52755937
2014-09-30,32.5732038,19.28221335,19.421652639999998,75.59055147000001
2014-10-01,28.29739935,20.93357325,12.98110163,81.10236253000001
2014-10-02,30.995546249999997,18.873111899999998,24.134250939999998,73.22834673000001
2014-10-03,29.565293399999998,15.4336689,26.96180992,58.26771671
2014-10-04,29.4969318,14.19568305,24.76259738,55.51181118
2014-10-05,30.32688435,15.22751595,24.60551077,52.75590565
2014-10-06,27.14593365,16.34480085,10.15354265,66.14173251000001
2014-10-07,29.69453955,15.45823635,18.95039281,72.04724436000001
2014-10-08,33.82187115,18.86563485,26.17637687,58.661417500000006
2014-10-09,35.45186805,17.969457,26.49055009,48.818897750000005
2014-10-10,37.022048549999994,20.22432165,24.91968399,42.9133859
2014-10-11,37.1876118,21.7870251,23.19173128,55.118110390000005
2014-10-12,38.2066269,21.44842155,24.60551077,56.29921276
2014-10-13,39.01308014999999,21.93549795,24.291337549999998,51.96850407
2014-10-14,37.516602,23.13823485,23.19173128,61.81102382
2014-10-15,39.49588395,23.234368349999997,25.705117039999998,57.48031513
2014-10-16,37.72702755,24.21279375,25.862203649999998,52.75590565
2014-10-17,40.130365049999995,24.6112137,24.134250939999998,48.031496170000004
2014-10-18,36.1472337,24.36019845,18.63621959,53.14960644000001
2014-10-19,31.88638335,20.3642493,14.394881119999999,65.35433093000002
2014-10-20,27.688553849999998,20.0160324,12.98110163,80.31496095000001
2014-10-21,31.508258249999997,18.11152095,25.548030429999997,67.32283488000002
2014-10-22,31.32667275,18.2087226,28.846849239999997,56.69291355
2014-10-23,33.4234512,18.03888675,27.590156359999998,56.69291355
2014-10-24,33.13398255,20.8555983,17.850786539999998,65.35433093000002
2014-10-25,31.977176099999998,19.664611049999998,21.62086518,73.62204752000001
2014-10-26,31.95901755,20.06623545,23.19173128,74.40944910000002
2014-10-27,34.49266935,20.8897791,27.118896529999997,65.74803172000001
2014-10-28,36.01585125,22.6159095,26.80472331,56.69291355
2014-10-29,36.02439645,22.89469665,25.862203649999998,52.75590565
2014-10-30,34.981882049999996,20.9581407,12.5098418,67.32283488000002
2014-10-31,29.7725145,19.68597405,17.2224401,82.67716569000001
2014-11-01,28.815452099999998,22.1437872,8.11141672,83.85826806000001
2014-11-02,32.66826915,21.43346745,20.20708569,81.10236253000001
2014-11-03,33.22157085,22.156605,23.03464467,74.80314989000001
2014-11-04,27.66932715,21.7870251,7.01181045,88.18897675000001
2014-11-05,31.929109349999997,20.02564575,25.0767706,77.95275621000002
2014-11-06,33.37965705,22.2164214,22.09212501,74.80314989000001
2014-11-07,27.2944065,19.9241715,3.5559050299999995,88.97637833000002
2014-11-08,30.190161149999998,18.24397155,21.9350384,81.49606332000002
2014-11-09,32.5069785,18.49605495,29.003935849999998,68.50393725
2014-11-10,33.37111185,18.72036645,29.94645551,59.05511829
2014-11-11,27.9053883,18.498191249999998,6.854723839999999,76.37795305000002
2014-11-12,27.79964145,18.33796875,15.023227559999999,81.88976411000002
2014-11-13,28.31876235,18.1147254,26.80472331,75.19685068000001
2014-11-14,28.5398694,16.44307065,28.846849239999997,62.5984254
2014-11-15,29.39118495,14.75752995,29.31810907,61.02362224
2014-11-16,30.81182445,15.436873349999999,29.7893689,57.086614340000004
2014-11-17,32.065832549999996,16.0638774,29.47519568,54.7244096
2014-11-18,32.0754459,16.4334573,29.94645551,49.606299330000006
2014-11-19,31.339490549999997,19.6165443,14.394881119999999,62.20472461000001
2014-11-20,28.815452099999998,20.2873425,16.59409366,79.92126016000002
2014-11-21,29.688130649999998,20.9901852,17.2224401,81.88976411000002
2014-11-22,27.017755649999998,20.5949697,12.82401502,86.61417359000001
2014-11-23,31.705866,16.81051425,28.53267602,71.25984278000001
2014-11-24,31.05749895,19.74579045,21.149605349999998,75.59055147000001
2014-11-25,29.317482599999998,22.0455174,9.83936943,86.61417359000001
2014-11-26,30.7103502,21.36510585,21.30669196,81.88976411000002
2014-11-27,33.0666891,21.06602385,26.6476367,73.22834673000001
2014-11-28,32.0540829,21.1867248,23.03464467,75.19685068000001
2014-11-29,31.54243905,22.6095006,29.003935849999998,69.68503962000001
2014-11-30,32.8680132,22.4086884,25.705117039999998,71.25984278000001
2014-12-01,29.653949849999997,23.28350325,10.9389757,83.07086648
2014-12-02,29.12628375,22.47705,14.394881119999999,87.40157517000002
2014-12-03,27.48987795,20.80753155,16.279920439999998,83.85826806000001
2014-12-04,30.76055325,17.63298975,30.731888559999998,66.14173251000001
2014-12-05,30.63237525,19.73510895,29.63228229,66.14173251000001
2014-12-06,31.337354249999997,19.24162365,31.831494829999997,61.81102382
2014-12-07,33.278182799999996,21.47619345,29.31810907,66.53543330000001
2014-12-08,31.364058,20.9730948,20.04999908,76.37795305000002
2014-12-09,30.5351736,21.1589529,22.720471449999998,81.49606332000002
2014-12-10,30.0075075,22.113879,17.850786539999998,85.43307122000002
2014-12-11,32.7569256,22.0006551,25.0767706,80.70866174000001
2014-12-12,31.379012099999997,23.011125,17.69369993,83.07086648
2014-12-13,31.085270849999997,21.1845885,25.23385721,80.70866174000001
2014-12-14,33.39461115,21.43346745,28.06141619,70.4724412
2014-12-15,31.62575475,20.78616855,25.705117039999998,70.4724412
2014-12-16,31.487963399999998,21.6289389,26.6476367,70.86614199000002
2014-12-17,26.0617614,20.7487833,6.854723839999999,81.10236253000001
2014-12-18,31.0072959,19.2191925,23.977164329999997,79.52755937
2014-12-19,33.1072788,21.409968149999997,27.118896529999997,75.98425226
2014-12-20,34.619779199999996,22.87546995,28.37558941,71.65354357000001
2014-12-21,31.5370983,21.53173725,12.98110163,80.31496095000001
2014-12-22,26.9995971,20.6013786,15.33740078,85.03937043
2014-12-23,28.6616385,18.56014395,20.835432129999997,75.59055147000001
2014-12-24,28.95965235,18.07093125,20.04999908,74.01574831
2014-12-25,31.113042749999998,20.422997549999998,17.2224401,78.34645700000002
2014-12-26,34.58880284999999,22.9619901,23.82007772,75.19685068000001
2014-12-27,30.683646449999998,21.70477755,14.70905434,81.49606332000002
2014-12-28,34.4317848,23.55908595,22.87755806,73.22834673000001
2014-12-29,31.545643499999997,21.30742575,11.56732214,81.88976411000002
2014-12-30,33.041053500000004,20.77975965,17.53661332,79.52755937
2014-12-31,30.604603349999998,22.339258649999998,15.808660609999999,81.49606332000002
2015-01-01,33.7631229,23.02714725,20.20708569,75.98425226
2015-01-02,30.0844143,21.37151475,12.35275519,83.85826806000001
2015-01-03,31.587301349999997,21.07456905,19.10747942,78.74015779000001
2015-01-04,32.36705085,22.65756735,18.95039281,81.49606332000002
2015-01-05,32.7761523,20.97416295,24.91968399,77.16535463000001
2015-01-06,32.9833734,23.155325249999997,25.39094382,74.40944910000002
2015-01-07,34.525782,23.6669691,19.10747942,72.83464594000002
2015-01-08,34.90497525,23.502474,18.47913298,74.80314989000001
2015-01-09,34.73620755,22.06367595,27.90432958,73.62204752000001
2015-01-10,35.9827386,22.5582294,24.60551077,70.86614199000002
2015-01-11,35.72211,22.0326996,21.9350384,72.04724436000001
2015-01-12,36.280752449999994,22.11921975,23.03464467,71.25984278000001
2015-01-13,36.05857725,23.043169499999998,24.134250939999998,64.56692935000001
2015-01-14,33.35188515,22.36703055,15.651574,74.01574831
2015-01-15,33.80905335,21.2914035,21.62086518,74.01574831
2015-01-16,35.70181515,21.9344298,24.60551077,70.86614199000002
2015-01-17,35.5212978,23.03141985,16.12283383,69.29133883000002
2015-01-18,34.86011295,22.55716125,19.578739249999998,75.19685068000001
2015-01-19,36.29357025,21.5904855,23.977164329999997,71.25984278000001
2015-01-20,33.2995458,22.1096064,13.60944807,75.59055147000001
2015-01-21,31.433487749999998,21.08738685,21.9350384,78.74015779000001
2015-01-22,32.818878299999994,21.714390899999998,20.52125891,71.65354357000001
2015-01-23,33.23438865,21.83616,23.5059045,66.92913409
2015-01-24,34.1967918,21.8938401,23.03464467,66.53543330000001
2015-01-25,34.06327305,20.872688699999998,18.47913298,73.62204752000001
2015-01-26,33.502494299999995,21.1717707,22.09212501,72.44094515
2015-01-27,29.4563421,22.1950584,15.808660609999999,78.74015779000001
2015-01-28,29.80349085,22.57211535,15.180314169999999,84.25196885000001
2015-01-29,28.4693715,21.5947581,10.31062926,89.37007912000001
2015-01-30,32.30296185,22.06153965,19.578739249999998,82.28346490000001
2015-01-31,33.344408099999995,22.005995849999998,20.04999908,77.55905542
2015-02-01,33.6413538,22.54434345,21.46377857,75.98425226
2015-02-02,35.63345355,22.9983072,22.406298229999997,73.22834673000001
2015-02-03,33.67446645,21.25829085,16.279920439999998,77.55905542
2015-02-04,30.1015047,22.0134729,13.45236146,88.18897675000001
2015-02-05,31.714411199999997,21.13865805,16.279920439999998,81.88976411000002
2015-02-06,31.865020349999998,20.0544858,20.52125891,74.40944910000002
2015-02-07,33.03357645,20.3450226,23.19173128,66.53543330000001
2015-02-08,34.436057399999996,20.9474592,25.548030429999997,62.99212619
2015-02-09,34.94556495,22.79001795,20.20708569,65.74803172000001
2015-02-10,33.73641915,23.3337063,17.53661332,75.19685068000001
2015-02-11,32.551840799999994,23.54626815,12.66692841,80.31496095000001
2015-02-12,33.10834695,22.95878565,14.23779451,82.67716569000001
2015-02-13,32.98657785,22.722724499999998,13.29527485,83.85826806000001
2015-02-14,28.4287818,22.543275299999998,9.21102299,89.37007912000001
2015-02-15,30.1442307,20.918619149999998,18.16495976,88.18897675000001
2015-02-16,30.429426749999998,21.34587915,16.90826688,85.43307122000002
2015-02-17,29.55354375,22.1715591,13.60944807,88.97637833000002
2015-02-18,31.12158795,21.4623075,18.47913298,85.82677201000001
2015-02-19,28.9778109,20.91221025,7.168897059999999,90.15748070000001
2015-02-20,30.46574385,20.60031045,20.3641723,85.82677201000001
2015-02-21,32.186533499999996,22.668248849999998,14.70905434,82.67716569000001
2015-02-22,34.7052312,23.39886345,20.3641723,74.80314989000001
2015-02-23,35.3311671,22.3787802,21.46377857,71.65354357000001
2015-02-24,34.5749169,20.92502805,19.578739249999998,77.95275621000002
2015-02-25,34.65396,20.38027155,20.04999908,76.37795305000002
2015-02-26,33.5131758,21.50396535,19.89291247,76.37795305000002
2015-02-27,34.43498925,22.24526145,14.0807079,81.10236253000001
2015-02-28,33.5324025,21.10234095,24.291337549999998,79.13385858000001
2015-03-01,33.11689215,22.092516,23.03464467,70.86614199000002
2015-03-02,33.8464386,22.0754256,19.89291247,67.32283488000002
2015-03-03,33.83682525,23.6691054,18.16495976,74.40944910000002
2015-03-04,33.7203969,23.293116599999998,17.2224401,81.10236253000001
2015-03-05,33.352953299999996,22.30294155,18.007873149999998,82.28346490000001
2015-03-06,31.99319835,22.293328199999998,16.59409366,85.82677201000001
2015-03-07,31.4174655,22.32003195,9.99645604,87.00787438000002
2015-03-08,30.62810265,22.2036036,15.180314169999999,87.79527596000001
2015-03-09,30.9560247,21.51891945,19.89291247,85.82677201000001
2015-03-10,32.09146815,21.218769299999998,21.149605349999998,78.34645700000002
2015-03-11,31.937654549999998,20.8513257,24.134250939999998,73.62204752000001
2015-03-12,33.919072799999995,20.5009725,22.563384839999998,71.25984278000001
2015-03-13,31.889587799999997,19.6806333,20.04999908,75.19685068000001
2015-03-14,32.55290895,19.48943445,20.992518739999998,75.98425226
2015-03-15,32.7975153,21.02757045,19.421652639999998,75.19685068000001
2015-03-16,34.051523399999994,21.2614953,18.47913298,74.01574831
2015-03-17,33.47151795,21.9173394,18.95039281,72.83464594000002
2015-03-18,33.215161949999995,22.659703649999997,19.421652639999998,72.83464594000002
2015-03-19,32.0626281,21.4922157,17.850786539999998,72.04724436000001
2015-03-20,31.5200079,20.3557041,17.53661332,75.98425226
2015-03-21,31.53603015,21.6908916,16.43700705,79.13385858000001
2015-03-22,28.9479027,19.1145138,22.406298229999997,75.98425226
2015-03-23,30.416608949999997,16.25721255,18.7933062,74.01574831
2015-03-24,32.5838853,19.006630649999998,20.52125891,67.71653567000001
2015-03-25,32.1801246,18.7278435,18.7933062,64.96063014
2015-03-26,30.17307075,20.5864245,10.15354265,70.4724412
2015-03-27,30.091891349999997,21.05106975,13.29527485,85.43307122000002
2015-03-28,30.920775749999997,22.122424199999998,15.49448739,83.85826806000001
2015-03-29,27.408698549999997,22.5689109,9.3681096,87.40157517000002
2015-03-30,28.866723299999997,21.2465412,17.06535349,82.67716569000001
2015-03-31,28.79729355,16.9333515,16.75118027,78.34645700000002
2015-04-01,29.78426415,17.46849465,19.578739249999998,72.83464594000002
2015-04-02,31.6887756,17.28263655,22.09212501,69.68503962000001
2015-04-03,31.4409648,19.80774315,19.421652639999998,69.68503962000001
2015-04-04,29.676381,21.284994599999997,10.31062926,73.62204752000001
2015-04-05,28.950038999999997,21.080977949999998,11.09606231,85.03937043
2015-04-06,26.9931882,18.5099409,18.16495976,78.74015779000001
2015-04-07,28.37430615,15.84490665,17.53661332,72.83464594000002
2015-04-08,28.1275635,17.44713165,17.850786539999998,71.25984278000001
2015-04-09,29.23096245,17.254864650000002,18.007873149999998,70.86614199000002
2015-04-10,30.975251399999998,18.98740395,19.89291247,68.50393725
2015-04-11,31.5050538,19.65179325,18.95039281,69.29133883000002
2015-04-12,32.189737949999994,19.54711455,17.850786539999998,68.89763804
2015-04-13,30.54905955,21.1803159,13.60944807,72.04724436000001
2015-04-14,28.704364499999997,21.3640377,8.73976316,76.77165384000001
2015-04-15,27.8498445,19.48088925,9.99645604,88.18897675000001
2015-04-16,31.23694815,19.24589625,17.850786539999998,82.67716569000001
2015-04-17,30.442244549999998,20.6590587,13.76653468,80.31496095000001
2015-04-18,25.571480549999997,20.13032445,7.325983669999999,90.15748070000001
2015-04-19,30.18161595,19.8152202,13.29527485,84.64566964000001
2015-04-20,32.239941,22.6735896,15.023227559999999,81.10236253000001
2015-04-21,29.1572601,21.61932555,9.68228282,88.58267754
2015-04-22,27.754779149999997,21.88849935,13.13818824,86.22047280000001
2015-04-23,28.2471963,18.627437399999998,14.70905434,85.03937043
2015-04-24,28.5719139,19.2256014,16.279920439999998,80.31496095000001
2015-04-25,29.1017163,14.9060028,15.180314169999999,70.86614199000002
2015-04-26,28.0720197,16.06494555,16.90826688,73.62204752000001
2015-04-27,28.60929915,15.83422515,17.2224401,74.80314989000001
2015-04-28,29.4734325,17.09036955,16.12283383,73.22834673000001
2015-04-29,28.78020315,17.1128007,15.180314169999999,73.62204752000001
2015-04-30,27.6554412,16.6321332,16.59409366,74.80314989000001
2015-05-01,27.97054545,16.1194212,17.06535349,74.80314989000001
2015-05-02,29.206395,15.85131555,17.06535349,72.83464594000002
2015-05-03,22.61056875,18.39564885,3.7129916399999994,85.03937043
2015-05-04,25.82783655,16.98569085,15.49448739,83.07086648
2015-05-05,26.36618415,10.02348915,17.2224401,74.80314989000001
2015-05-06,27.2944065,14.60158005,16.279920439999998,78.34645700000002
2015-05-07,26.9782341,13.18734945,17.37952671,74.80314989000001
2015-05-08,23.3272974,16.12689825,11.88149536,75.98425226
2015-05-09,25.87269885,14.9444562,13.45236146,77.16535463000001
2015-05-10,21.3533562,17.75048625,3.3988184199999996,91.33858307000001
2015-05-11,22.98442125,15.3140361,14.70905434,84.64566964000001
2015-05-12,24.28542795,11.056390200000001,17.06535349,81.49606332000002
2015-05-13,25.51593675,14.6453742,15.96574722,77.55905542
2015-05-14,21.5733951,15.1196328,6.383464009999999,83.46456727000002
2015-05-15,26.897054699999998,16.94510115,15.180314169999999,77.95275621000002
2015-05-16,21.20701965,17.82312045,3.3988184199999996,88.58267754
2015-05-17,24.863297099999997,17.3029314,8.11141672,86.22047280000001
2015-05-18,26.59049565,18.05811345,12.82401502,81.88976411000002
2015-05-19,27.31470135,16.7261304,15.33740078,80.31496095000001
2015-05-20,27.1192299,15.98803875,15.180314169999999,78.34645700000002
2015-05-21,27.78895995,17.7622359,13.29527485,78.74015779000001
2015-05-22,29.11346595,18.51955425,14.55196773,77.55905542
2015-05-23,30.37174665,20.26918395,14.23779451,74.80314989000001
2015-05-24,27.737688749999997,21.61932555,6.854723839999999,83.46456727000002
2015-05-25,25.2585126,20.597106,4.812597909999999,92.51968544000002
2015-05-26,26.87675985,20.73703365,6.540550619999999,91.33858307000001
2015-05-27,21.23051895,17.72485065,4.34133808,92.51968544000002
2015-05-28,19.15617165,13.94573595,7.7972434999999995,87.00787438000002
2015-05-29,21.1867248,11.6118282,12.5098418,82.67716569000001
2015-05-30,15.92822235,10.53620115,3.0846451999999998,92.12598465
2015-05-31,19.798129799999998,14.4744702,6.383464009999999,90.55118149000002
2015-06-01,24.20211225,12.87758595,13.60944807,87.00787438000002
2015-06-02,23.376432299999998,14.49690135,10.78188909,84.25196885000001
2015-06-03,23.89875765,15.3012183,11.25314892,85.43307122000002
2015-06-04,27.9352965,16.83401355,13.60944807,81.88976411000002
2015-06-05,28.467235199999998,17.4845169,15.180314169999999,75.59055147000001
2015-06-06,28.6787289,16.837218,15.023227559999999,73.22834673000001
2015-06-07,29.441387999999996,16.452684,15.49448739,68.89763804
2015-06-08,29.404002749999997,17.499471,14.70905434,71.25984278000001
2015-06-09,29.56849785,17.3328396,14.55196773,69.68503962000001
2015-06-10,30.16773,18.7919325,13.76653468,68.89763804
2015-06-11,28.15640355,19.571682,7.168897059999999,79.52755937
2015-06-12,22.468504799999998,17.960911799999998,5.283857739999999,90.55118149000002
2015-06-13,25.42834845,19.73083635,6.540550619999999,90.94488228000002
2015-06-14,25.0918812,16.85964915,3.5559050299999995,86.61417359000001
2015-06-15,18.539849099999998,10.21148355,13.60944807,72.44094515
2015-06-16,19.7297682,4.7372148,14.0807079,71.65354357000001
2015-06-17,27.7152576,15.66973005,12.98110163,68.89763804
2015-06-18,22.74515565,13.889124,4.9696845199999995,87.79527596000001
2015-06-19,20.11537035,6.36614355,15.808660609999999,76.37795305000002
2015-06-20,23.98634595,10.724195550000001,14.23779451,78.34645700000002
2015-06-21,26.86394205,15.70604715,12.82401502,79.52755937
2015-06-22,27.6148515,16.9333515,14.0807079,77.95275621000002
2015-06-23,27.4738557,15.94531275,13.13818824,77.16535463000001
2015-06-24,25.9271745,16.35334605,14.23779451,79.52755937
2015-06-25,24.11666025,13.4981811,14.70905434,75.98425226
2015-06-26,24.729778349999997,14.1219807,13.13818824,73.62204752000001
2015-06-27,24.53537505,13.75987785,13.45236146,75.19685068000001
2015-06-28,25.81074615,14.6453742,13.60944807,73.22834673000001
2015-06-29,26.6236083,15.0448623,11.41023553,68.50393725
2015-06-30,21.60864405,16.9269426,2.14212554,83.46456727000002
2015-07-01,22.52298045,14.77889295,10.62480248,89.76377991000001
2015-07-02,19.3858239,15.15488175,2.92755859,93.70078781000001
2015-07-03,18.77377395,16.3757772,2.6133853699999996,95.66929176000001
2015-07-04,16.6129065,9.2148996,9.83936943,82.67716569000001
2015-07-05,19.6336347,6.516752700000001,14.0807079,79.13385858000001
2015-07-06,19.80133425,12.36914655,5.44094435,85.43307122000002
2015-07-07,19.34416605,17.3307033,1.35669249,93.70078781000001
2015-07-08,18.50032755,15.14420025,4.1842514699999995,94.0944886
2015-07-09,19.95942045,14.5278777,7.325983669999999,88.18897675000001
2015-07-10,17.8605057,13.99059825,2.4562987599999997,91.33858307000001
2015-07-11,21.37578735,15.59068695,5.598030959999999,90.94488228000002
2015-07-12,22.05085815,16.7624475,7.168897059999999,89.76377991000001
2015-07-13,28.995969449999997,18.3262191,9.52519621,75.59055147000001
2015-07-14,25.745589,17.5934682,3.7129916399999994,83.07086648
2015-07-15,17.9865474,15.2114937,2.14212554,95.66929176000001
2015-07-16,21.22197375,15.7583865,5.283857739999999,95.27559097000001
2015-07-17,22.5603657,16.82546835,7.483070279999999,92.12598465
2015-07-18,27.509104649999998,16.52638635,14.23779451,83.46456727000002
2015-07-19,27.9523869,17.15445855,15.49448739,72.04724436000001
2015-07-20,26.9974608,16.81692315,8.42558994,75.19685068000001
2015-07-21,19.7682216,12.29010345,14.394881119999999,81.88976411000002
2015-07-22,21.1461351,6.998488350000001,15.33740078,80.31496095000001
2015-07-23,19.98719235,12.1224039,6.540550619999999,86.22047280000001
2015-07-24,19.14976275,15.0875883,4.812597909999999,91.73228386000001
2015-07-25,21.845773349999998,11.12154735,15.808660609999999,84.25196885000001
2015-07-26,24.788526599999997,9.78208725,17.2224401,78.34645700000002
2015-07-27,26.838306449999997,11.940818400000001,17.2224401,71.65354357000001
2015-07-28,27.196136699999997,14.20636455,13.92362129,70.4724412
2015-07-29,29.45954655,16.2668259,16.90826688,66.53543330000001
2015-07-30,29.4029346,16.6748592,17.06535349,66.92913409
2015-07-31,30.3685422,16.5039552,15.651574,62.99212619
2015-08-01,30.73919025,19.65820215,15.651574,56.29921276
2015-08-02,30.4518579,15.6302085,17.37952671,58.26771671
2015-08-03,31.2444252,15.5447565,17.06535349,57.874015920000005
2015-08-04,31.514667149999998,17.89361835,17.06535349,55.118110390000005
2015-08-05,31.1995629,16.6364058,17.2224401,54.330708810000004
2015-08-06,32.06155995,18.29524275,15.49448739,51.18110249
2015-08-07,32.78576565,18.5868477,15.33740078,45.275590640000004
2015-08-08,33.528129899999996,18.669095249999998,17.850786539999998,46.062992220000005
2015-08-09,32.4001635,18.67764045,18.007873149999998,49.21259854
2015-08-10,32.402299799999994,19.22453325,16.279920439999998,53.54330723
2015-08-11,32.02737915,18.161724,16.279920439999998,59.05511829
2015-08-12,31.49971305,17.4439272,18.63621959,57.48031513
2015-08-13,30.05984685,16.7239941,14.23779451,52.75590565
2015-08-14,29.78853675,16.919465549999998,12.82401502,57.48031513
2015-08-15,30.7466673,16.8521721,15.180314169999999,55.905511970000006
2015-08-16,32.21323725,17.34031665,16.90826688,58.26771671
2015-08-17,31.7400468,17.63939865,15.651574,51.574803280000005
2015-08-18,25.86201735,16.2411903,5.283857739999999,69.68503962000001
2015-08-19,22.21108065,14.14227555,14.70905434,78.74015779000001
2015-08-20,24.7543458,10.612039800000002,17.69369993,72.44094515
2015-08-21,27.411903,14.28968025,20.04999908,64.96063014
2015-08-22,29.6144283,14.8120056,17.850786539999998,62.99212619
2015-08-23,26.4227961,18.89767935,9.52519621,66.53543330000001
2015-08-24,23.5836534,16.1792376,7.325983669999999,85.82677201000001
2015-08-25,26.2070298,16.965396,15.49448739,83.07086648
2015-08-26,28.8282699,17.18436675,14.70905434,74.80314989000001
2015-08-27,26.067102149999997,15.8844282,13.92362129,79.92126016000002
2015-08-28,28.221560699999998,11.557352550000001,21.46377857,70.86614199000002
2015-08-29,29.22882615,13.41379725,21.46377857,63.385826980000004
2015-08-30,31.97824425,14.55458145,22.24921162,56.29921276
2015-08-31,34.907111549999996,16.67379105,21.46377857,52.362204860000006
2015-09-01,35.038494,19.15189905,19.89291247,55.118110390000005
2015-09-02,30.55119585,19.3025082,18.007873149999998,67.71653567000001
2015-09-03,28.94469825,19.258714050000002,15.33740078,74.01574831
2015-09-04,26.67808395,16.5125004,17.53661332,68.50393725
2015-09-05,26.1792579,11.7036891,21.30669196,62.20472461000001
2015-09-06,26.16964455,14.0343924,18.63621959,57.48031513
2015-09-07,30.4262223,14.9807733,14.86614095,68.11023646000001
2015-09-08,25.083336,17.1640719,10.78188909,86.22047280000001
2015-09-09,27.38306295,14.2416135,18.32204637,81.88976411000002
2015-09-10,23.3251611,16.62251985,5.598030959999999,88.97637833000002
2015-09-11,19.11558195,11.8446849,8.11141672,88.18897675000001
2015-09-12,20.084394,5.5319184,18.16495976,61.81102382
2015-09-13,24.58237365,5.18904225,24.91968399,53.93700802
2015-09-14,26.963279999999997,9.3708495,24.60551077,50.787401700000004
2015-09-15,32.1502164,15.1303143,21.149605349999998,59.05511829
2015-09-16,37.18013474999999,20.404839,20.52125891,58.26771671
2015-09-17,36.65033235,24.164727,20.52125891,53.54330723
2015-09-18,36.74646585,23.347592249999998,19.73582586,54.7244096
2015-09-19,36.46661055,22.497344849999998,15.651574,65.35433093000002
2015-09-20,31.554188699999997,21.39074145,15.49448739,63.77952777000001
2015-09-21,37.35103875,21.1974063,23.5059045,48.818897750000005
2015-09-22,37.809275099999994,20.1356652,22.87755806,42.12598432
2015-09-23,37.10322795,21.16642995,19.26456603,39.763779580000005
2015-09-24,36.5253588,22.8444936,17.69369993,46.8503938
2015-09-25,30.2937717,19.92523965,14.55196773,77.95275621000002
2015-09-26,26.338412249999998,19.78424385,7.7972434999999995,86.22047280000001
2015-09-27,21.8404326,17.67998835,3.5559050299999995,94.88189018000001
2015-09-28,25.604593199999997,13.0538307,24.291337549999998,77.16535463000001
2015-09-29,29.2149402,13.9425315,18.32204637,73.22834673000001
2015-09-30,27.292270199999997,18.86563485,15.96574722,81.10236253000001
2015-10-01,30.946411349999998,17.69066985,23.34881789,75.19685068000001
2015-10-02,33.1179603,20.71780695,17.06535349,71.25984278000001
2015-10-03,23.1521208,19.8301743,4.812597909999999,90.94488228000002
2015-10-04,26.85753315,17.95984365,17.69369993,83.85826806000001
2015-10-05,32.73663075,17.200389,25.23385721,69.29133883000002
2015-10-06,34.5877347,21.3789918,25.23385721,64.96063014
2015-10-07,36.41747565,20.8598709,24.134250939999998,57.874015920000005
2015-10-08,36.36620445,22.54647975,20.835432129999997,62.99212619
2015-10-09,27.355291049999998,19.8173565,5.283857739999999,85.03937043
2015-10-10,21.66205155,18.0250008,7.640156889999999,89.76377991000001
2015-10-11,19.43175435,15.82354365,5.44094435,91.73228386000001
2015-10-12,19.2191925,14.8846398,8.26850333,89.76377991000001
2015-10-13,23.5281096,12.6607515,13.13818824,87.79527596000001
2015-10-14,34.90283895,19.02158475,26.01929026,70.4724412
2015-10-15,37.623417,23.80903305,25.548030429999997,57.874015920000005
2015-10-16,36.151506299999994,23.14250745,23.5059045,64.96063014
2015-10-17,32.8915125,20.20509495,21.9350384,75.19685068000001
2015-10-18,33.8507112,18.43623855,23.82007772,70.4724412
2015-10-19,34.3634232,20.71780695,24.76259738,64.17322856000001
2015-10-20,37.6170081,24.22133895,21.77795179,58.661417500000006
2015-10-21,38.0143599,24.655007849999997,22.720471449999998,57.874015920000005
2015-10-22,37.12672725,24.21279375,22.24921162,61.81102382
2015-10-23,30.96777435,20.714602499999998,18.63621959,76.37795305000002
2015-10-24,31.0970205,21.045729,20.67834552,75.19685068000001
2015-10-25,31.593710249999997,21.10447725,20.3641723,70.4724412
2015-10-26,26.1792579,21.51464685,7.01181045,85.03937043
2015-10-27,26.513588849999998,21.0200934,6.540550619999999,90.15748070000001
2015-10-28,32.902193999999994,18.9970173,25.39094382,77.55905542
2015-10-29,32.985509699999994,21.81372885,28.2185028,67.32283488000002
2015-10-30,32.065832549999996,20.83743975,23.34881789,66.92913409
2015-10-31,30.39524595,21.25829085,20.20708569,81.10236253000001
2015-11-01,31.89065595,20.36745375,21.149605349999998,78.34645700000002
2015-11-02,26.04573915,20.70071655,11.41023553,83.85826806000001
2015-11-03,23.84962275,20.1741186,7.168897059999999,89.76377991000001
2015-11-04,25.601388749999998,20.7551922,9.99645604,90.15748070000001
2015-11-05,26.41104645,20.89511985,13.76653468,87.79527596000001
2015-11-06,28.313421599999998,16.77206085,28.06141619,76.77165384000001
2015-11-07,30.425154149999997,16.92160185,23.66299111,73.62204752000001
2015-11-08,25.0961538,20.62167345,7.168897059999999,85.82677201000001
2015-11-09,32.70031365,19.358052,26.96180992,78.74015779000001
2015-11-10,34.09959015,23.56122225,22.720471449999998,75.19685068000001
2015-11-11,31.4431011,23.03569245,13.29527485,79.52755937
2015-11-12,34.6069614,21.30528945,26.96180992,73.22834673000001
2015-11-13,35.24678325,23.01219315,21.62086518,71.65354357000001
2015-11-14,31.589437649999997,21.80304735,20.992518739999998,80.70866174000001
2015-11-15,32.8893762,21.8254785,18.007873149999998,83.07086648
2015-11-16,24.38156145,21.44201265,6.540550619999999,89.37007912000001
2015-11-17,28.7663172,20.53194885,15.651574,87.00787438000002
2015-11-18,26.5915638,21.1162269,7.95433011,89.37007912000001
2015-11-19,30.694327949999998,20.426202,16.43700705,86.61417359000001
2015-11-20,24.922045349999998,18.28883385,20.20708569,82.28346490000001
2015-11-21,28.67338815,12.01024815,28.53267602,72.04724436000001
2015-11-22,29.625109799999997,20.1420741,13.92362129,81.49606332000002
2015-11-23,25.8652218,22.3211001,6.383464009999999,91.33858307000001
2015-11-24,28.1446539,21.8404326,14.0807079,88.97637833000002
2015-11-25,27.78468735,22.07008485,12.98110163,88.18897675000001
2015-11-26,26.267914349999998,21.7336176,8.11141672,88.18897675000001
2015-11-27,30.26493165,21.46337565,15.49448739,83.85826806000001
2015-11-28,26.49436215,20.54263035,7.7972434999999995,90.55118149000002
2015-11-29,27.67787235,19.1850117,14.23779451,88.18897675000001
2015-11-30,26.642834999999998,19.798129799999998,11.09606231,87.40157517000002
2015-12-01,28.71825045,21.243336749999997,15.180314169999999,86.61417359000001
2015-12-02,27.6105789,22.00813215,8.58267655,90.55118149000002
2015-12-03,27.839163,20.5159266,15.023227559999999,86.22047280000001
2015-12-04,23.9959593,19.96582935,3.5559050299999995,92.51968544000002
2015-12-05,25.5810939,18.28028865,11.09606231,90.94488228000002
2015-12-06,29.883602099999997,20.362113,20.3641723,83.07086648
2015-12-07,31.593710249999997,17.415087149999998,29.47519568,69.68503962000001
2015-12-08,32.9833734,18.930792,27.118896529999997,74.80314989000001
2015-12-09,32.4001635,22.70456595,18.007873149999998,81.88976411000002
2015-12-10,27.17797815,20.36745375,12.5098418,87.40157517000002
2015-12-11,30.69646425,20.2488891,18.63621959,85.43307122000002
2015-12-12,27.41083485,19.54925085,16.279920439999998,85.03937043
2015-12-13,28.775930549999998,20.19654975,12.98110163,85.43307122000002
2015-12-14,32.7291537,21.37792365,20.20708569,79.13385858000001
2015-12-15,28.88274555,20.51272215,17.69369993,83.07086648
2015-12-16,32.87976285,20.2574343,29.31810907,77.16535463000001
2015-12-17,32.90539845,22.5988191,27.118896529999997,76.37795305000002
2015-12-18,33.8485749,22.61056875,23.19173128,75.19685068000001
2015-12-19,26.706924,21.39928665,3.5559050299999995,90.15748070000001
2015-12-20,30.258522749999997,20.368521899999998,16.59409366,87.79527596000001
2015-12-21,31.944063449999998,23.42877165,22.563384839999998,83.07086648
2015-12-22,33.94364025,23.692604699999997,26.80472331,77.16535463000001
2015-12-23,33.70971539999999,24.10597875,26.80472331,74.01574831
2015-12-24,30.2702724,23.32409295,12.66692841,85.03937043
2015-12-25,32.0925363,22.6201821,19.73582586,85.43307122000002
2015-12-26,32.0818548,23.08696365,17.06535349,86.22047280000001
2015-12-27,31.587301349999997,22.85837955,17.06535349,87.40157517000002
2015-12-28,30.65160195,22.12349235,17.2224401,87.79527596000001
2015-12-29,27.987635849999997,22.9149915,12.19566858,90.15748070000001
2015-12-30,28.55589165,23.4020679,10.62480248,88.97637833000002
2015-12-31,28.47257595,21.79450215,14.0807079,88.18897675000001
2016-01-01,29.05578585,21.8318874,16.279920439999998,88.58267754
2016-01-02,32.453571,21.14933955,20.3641723,85.43307122000002
2016-01-03,31.9536768,22.7504964,20.52125891,84.64566964000001
2016-01-04,29.93166885,23.0132613,15.023227559999999,83.85826806000001
2016-01-05,30.858823049999998,23.1713475,14.55196773,84.25196885000001
2016-01-06,29.732992949999996,22.764382349999998,16.279920439999998,85.82677201000001
2016-01-07,33.36043035,22.89683295,22.720471449999998,82.67716569000001
2016-01-08,35.2969863,23.455475399999997,23.34881789,78.34645700000002
2016-01-09,29.79708195,22.59134205,16.90826688,86.22047280000001
2016-01-10,30.487106849999996,23.15746155,15.180314169999999,87.79527596000001
2016-01-11,32.72808555,23.9040984,20.3641723,85.82677201000001
2016-01-12,34.9060434,24.3292221,24.91968399,78.74015779000001
2016-01-13,33.744964350000004,23.02928355,17.850786539999998,82.67716569000001
2016-01-14,32.5497045,22.6287273,17.06535349,83.46456727000002
2016-01-15,33.12757365,23.372159699999997,23.66299111,78.74015779000001
2016-01-16,34.6625052,22.2399207,27.118896529999997,72.83464594000002
2016-01-17,34.298266049999995,22.5005493,30.417715339999997,62.99212619
2016-01-18,34.6048251,20.10896145,29.63228229,60.629921450000005
2016-01-19,34.89643005,19.9733064,30.731888559999998,57.48031513
2016-01-20,35.60995425,20.20509495,30.731888559999998,53.54330723
2016-01-21,35.843879099999995,19.4990478,30.417715339999997,52.362204860000006
2016-01-22,34.77893355,21.2422686,30.103542119999997,55.51181118
2016-01-23,35.263873649999994,21.0265023,29.161022459999998,56.69291355
2016-01-24,36.45913349999999,20.2446165,29.161022459999998,55.118110390000005
2016-01-25,37.9566798,23.62744755,23.03464467,60.23622066
2016-01-26,33.31770435,21.59796255,12.03858197,80.70866174000001
2016-01-27,33.074166149999996,20.8513257,23.66299111,79.13385858000001
2016-01-28,35.1965802,23.4832473,21.62086518,73.22834673000001
2016-01-29,37.3820151,24.6838479,26.33346348,65.74803172000001
2016-01-30,31.293560099999997,22.90751445,9.3681096,85.03937043
2016-01-31,28.4074188,21.18138405,8.11141672,92.12598465
2016-02-01,26.2561647,21.964337999999998,8.42558994,92.51968544000002
2016-02-02,28.8688596,21.668460449999998,12.98110163,87.79527596000001
2016-02-03,29.320687049999997,21.88636305,11.25314892,85.82677201000001
2016-02-04,30.2595909,20.951731799999997,15.96574722,87.00787438000002
2016-02-05,34.315356449999996,21.27965385,25.862203649999998,75.98425226
2016-02-06,34.40508105,22.327509,24.134250939999998,75.98425226
2016-02-07,35.2478514,23.13609855,24.76259738,76.37795305000002
2016-02-08,36.027600899999996,24.04402605,23.977164329999997,74.01574831
2016-02-09,35.98807935,24.57382845,20.20708569,75.98425226
2016-02-10,33.91373205,23.492860649999997,19.578739249999998,81.88976411000002
2016-02-11,34.707367500000004,23.37109155,21.46377857,81.88976411000002
2016-02-12,34.2950616,23.7673752,20.67834552,81.10236253000001
2016-02-13,35.3632116,25.02886035,22.720471449999998,77.95275621000002
2016-02-14,36.89173425,24.43496895,23.977164329999997,73.22834673000001
2016-02-15,36.8223045,24.395447400000002,22.24921162,72.83464594000002
2016-02-16,33.478995,23.4319761,15.023227559999999,79.92126016000002
2016-02-17,35.96244375,24.036549,23.977164329999997,75.98425226
2016-02-18,36.640719,24.238429349999997,19.421652639999998,77.16535463000001
2016-02-19,35.4059376,22.36275795,27.275983139999997,76.37795305000002
2016-02-20,36.909892799999994,23.9275977,19.89291247,73.62204752000001
2016-02-21,33.01862235,22.6543629,20.992518739999998,79.13385858000001
2016-02-22,29.8771932,22.45034625,11.41023553,88.58267754
2016-02-23,26.90666805,22.61484135,7.483070279999999,92.51968544000002
2016-02-24,29.316414449999996,22.17049095,14.394881119999999,88.97637833000002
2016-02-25,31.7037297,23.20018755,19.421652639999998,86.61417359000001
2016-02-26,32.2313958,23.7908745,21.30669196,82.28346490000001
2016-02-27,27.4054941,21.82013775,8.11141672,89.76377991000001
2016-02-28,30.13034475,21.95472465,16.90826688,86.61417359000001
2016-02-29,32.2570314,22.30080525,23.66299111,78.74015779000001
2016-03-01,30.38136,20.97416295,21.9350384,73.22834673000001
2016-03-02,29.3452545,21.90345345,14.55196773,81.49606332000002
2016-03-03,27.52833135,20.5180629,15.808660609999999,81.88976411000002
2016-03-04,26.529611099999997,17.1192096,14.70905434,83.07086648
2016-03-05,30.024597899999996,17.5870593,23.66299111,78.34645700000002
2016-03-06,29.89535175,18.1254069,21.149605349999998,71.25984278000001
2016-03-07,32.64476985,17.919253949999998,23.82007772,68.11023646000001
2016-03-08,33.565515149999996,19.30357635,20.992518739999998,66.92913409
2016-03-09,27.421516349999997,21.40569555,3.0846451999999998,87.79527596000001
2016-03-10,25.509527849999998,20.1378015,13.29527485,86.61417359000001
2016-03-11,27.5144454,18.07734015,23.66299111,77.16535463000001
2016-03-12,26.4163872,14.12091255,20.52125891,77.55905542
2016-03-13,30.856686749999998,16.8393543,24.291337549999998,72.44094515
2016-03-14,31.9088145,18.7919325,23.03464467,71.25984278000001
2016-03-15,33.21302565,20.832099,23.19173128,74.40944910000002
2016-03-16,32.70031365,20.8449168,24.76259738,72.83464594000002
2016-03-17,33.45870015,21.6695286,24.60551077,71.65354357000001
2016-03-18,34.37730915,22.45248255,24.44842416,70.07874041000001
2016-03-19,34.32603795,22.41189285,18.7933062,73.22834673000001
2016-03-20,34.864385549999994,21.914134949999998,22.09212501,72.44094515
2016-03-21,32.324324849999996,22.4364603,14.86614095,77.95275621000002
2016-03-22,27.87013935,22.6949526,11.09606231,86.61417359000001
2016-03-23,30.471084599999998,20.71567065,16.90826688,82.67716569000001
2016-03-24,25.2371496,21.677005649999998,3.3988184199999996,90.94488228000002
2016-03-25,25.704999299999997,20.6483772,9.99645604,92.12598465
2016-03-26,23.82825975,17.2772958,14.394881119999999,82.67716569000001
2016-03-27,26.21877945,14.2031601,19.10747942,80.31496095000001
2016-03-28,27.3990852,15.3482169,23.03464467,77.16535463000001
2016-03-29,29.754355949999997,16.48366035,22.87755806,72.83464594000002
2016-03-30,33.20982119999999,17.7387366,18.63621959,70.4724412
2016-03-31,31.6951845,21.11943135,11.56732214,76.37795305000002
2016-04-01,33.9746166,21.65564265,21.46377857,74.80314989000001
2016-04-02,34.769320199999996,22.1843769,21.77795179,72.83464594000002
2016-04-03,34.80884175,22.72379265,20.3641723,72.44094515
2016-04-04,34.92420195,22.9833531,21.149605349999998,68.89763804
2016-04-05,34.048318949999995,22.2463296,21.62086518,72.04724436000001
2016-04-06,34.66570965,22.210012499999998,21.149605349999998,71.25984278000001
2016-04-07,35.2051254,22.156605,18.32204637,69.68503962000001
2016-04-08,35.1175371,22.6073643,20.20708569,71.25984278000001
2016-04-09,33.291000600000004,22.91178705,14.86614095,73.22834673000001
2016-04-10,32.56786305,21.878886,13.29527485,78.74015779000001
2016-04-11,28.859246249999998,22.14699165,11.09606231,83.07086648
2016-04-12,32.652246899999994,21.46551195,18.16495976,79.92126016000002
2016-04-13,34.27903935,22.1331057,17.2224401,74.40944910000002
2016-04-14,33.456563849999995,21.8511141,18.95039281,74.40944910000002
2016-04-15,34.183974,21.71973165,19.578739249999998,71.25984278000001
2016-04-16,34.4168307,22.15767315,18.16495976,66.92913409
2016-04-17,34.782138,21.9109305,19.73582586,61.02362224
2016-04-18,34.5215094,21.024366,19.10747942,62.20472461000001
2016-04-19,34.76825205,20.2510254,19.26456603,61.81102382
2016-04-20,33.990638849999996,23.4298398,17.37952671,61.02362224
2016-04-21,34.38478619999999,20.8299627,17.06535349,63.77952777000001
2016-04-22,32.43754875,22.3104186,11.56732214,80.70866174000001
2016-04-23,34.614438449999994,21.845773349999998,17.850786539999998,68.50393725
2016-04-24,34.6496874,21.4793979,15.96574722,61.02362224
2016-04-25,27.85304895,19.1102412,2.7704719799999995,83.07086648
2016-04-26,20.54049405,11.34585885,2.92755859,95.27559097000001
2016-04-27,15.58214175,7.566744150000001,13.29527485,80.31496095000001
2016-04-28,17.6596935,6.253987800000001,17.69369993,74.01574831
2016-04-29,20.9068695,6.4782993000000015,19.26456603,71.65354357000001
2016-04-30,20.5842882,7.468474350000001,20.04999908,67.32283488000002
2016-05-01,23.472565799999998,4.86218835,20.20708569,63.77952777000001
2016-05-02,26.296754399999998,9.476596350000001,19.10747942,59.842519870000004
2016-05-03,26.8692828,14.6859639,12.98110163,64.96063014
2016-05-04,28.0570656,12.59132175,17.37952671,70.86614199000002
2016-05-05,28.394601,15.78081765,12.66692841,74.40944910000002
2016-05-06,21.887431199999998,18.0784083,3.2417318099999997,90.55118149000002
2016-05-07,24.02693565,17.8519605,6.069290789999999,90.94488228000002
2016-05-08,20.9965941,18.48110085,2.29921215,94.48818939000002
2016-05-09,20.09827995,18.39137625,2.4562987599999997,95.27559097000001
2016-05-10,23.0089887,17.15873115,7.483070279999999,90.15748070000001
2016-05-11,23.36254635,18.22047225,6.854723839999999,90.94488228000002
2016-05-12,26.60972235,17.61589935,12.5098418,87.79527596000001
2016-05-13,25.86201735,15.87481485,11.72440875,87.40157517000002
2016-05-14,27.29761095,16.78487865,16.279920439999998,81.49606332000002
2016-05-15,29.337777449999997,17.3242944,14.394881119999999,77.16535463000001
2016-05-16,23.514223649999998,14.36445075,9.68228282,83.46456727000002
2016-05-17,20.9880489,8.87202345,16.59409366,77.16535463000001
2016-05-18,21.85645485,10.885486199999999,14.55196773,74.80314989000001
2016-05-19,21.289267199999998,9.63040995,12.03858197,81.49606332000002
2016-05-20,19.6870422,15.7519776,2.6133853699999996,94.48818939000002
2016-05-21,19.577022749999998,16.63320135,5.12677113,92.91338623000001
2016-05-22,17.0017131,13.23434805,3.8700782499999997,91.33858307000001
2016-05-23,17.5614237,9.437074800000001,16.43700705,81.10236253000001
2016-05-24,21.1140906,7.650059850000001,16.12283383,75.19685068000001
2016-05-25,23.43518055,11.646009,12.82401502,74.01574831
2016-05-26,23.555881499999998,17.39799675,5.91220418,81.10236253000001
2016-05-27,21.85218225,16.38966315,7.325983669999999,92.51968544000002
2016-05-28,20.29909215,15.0619527,3.7129916399999994,94.0944886
2016-05-29,19.7404497,16.23798585,5.7551175699999995,94.0944886
2016-05-30,18.69045825,15.1089513,3.2417318099999997,96.45669334000002
2016-05-31,21.29888055,14.2245231,10.46771587,87.00787438000002
2016-06-01,18.42342075,10.41015945,4.498424689999999,92.51968544000002
2016-06-02,18.8303859,8.74384545,10.9389757,89.76377991000001
2016-06-03,19.918830749999998,7.259116950000001,14.55196773,81.10236253000001
2016-06-04,18.09443055,7.65860505,8.26850333,87.79527596000001
2016-06-05,19.89319515,12.8487459,8.11141672,87.79527596000001
2016-06-06,18.5804388,11.54667105,8.73976316,81.88976411000002
2016-06-07,18.65414115,7.687445100000001,13.76653468,77.95275621000002
2016-06-08,19.664611049999998,4.5727197,15.651574,70.86614199000002
2016-06-09,18.41273925,3.6626559000000007,13.92362129,64.96063014
2016-06-10,18.88913415,3.002539200000001,13.29527485,66.14173251000001
2016-06-11,16.80624165,3.7246086000000016,15.180314169999999,66.14173251000001
2016-06-12,18.7556154,0.49025040000000075,16.12283383,61.81102382
2016-06-13,20.68148985,2.9245642500000013,13.76653468,56.29921276
2016-06-14,23.78339745,8.227929,15.180314169999999,56.29921276
2016-06-15,25.5234138,12.60627585,9.83936943,68.50393725
2016-06-16,27.43219785,15.28946865,10.31062926,70.86614199000002
2016-06-17,20.60458305,15.78295395,3.5559050299999995,94.48818939000002
2016-06-18,18.12861135,15.03524895,4.812597909999999,94.0944886
2016-06-19,22.09144785,13.7246289,11.56732214,85.82677201000001
2016-06-20,19.27580445,12.85835925,5.44094435,89.76377991000001
2016-06-21,17.9310036,14.4979695,4.1842514699999995,94.48818939000002
2016-06-22,20.0950755,14.4979695,6.69763723,91.73228386000001
2016-06-23,22.501617449999998,9.85899405,11.56732214,88.18897675000001
2016-06-24,25.9784457,13.80260385,11.56732214,78.74015779000001
2016-06-25,26.163235649999997,16.2540081,10.78188909,73.22834673000001
2016-06-26,28.934016749999998,15.683616,14.70905434,68.11023646000001
2016-06-27,26.8863732,13.7929905,14.394881119999999,75.59055147000001
2016-06-28,25.98165015,14.5065147,12.82401502,70.4724412
2016-06-29,26.959007399999997,14.8055967,13.29527485,68.89763804
2016-06-30,26.47940805,15.2435382,9.68228282,72.44094515
2016-07-01,28.366829099999997,15.13779135,12.66692841,68.89763804
2016-07-02,29.291846999999997,15.09079275,14.86614095,65.35433093000002
2016-07-03,29.9284644,15.57146025,14.55196773,62.99212619
2016-07-04,29.62617795,15.2456745,11.72440875,62.99212619
2016-07-05,28.2066066,18.17347365,7.95433011,65.35433093000002
2016-07-06,23.3358426,10.83528315,7.95433011,85.03937043
2016-07-07,19.37407425,4.685943600000002,15.180314169999999,85.03937043
2016-07-08,21.4345356,6.3565302,11.56732214,76.77165384000001
2016-07-09,26.67381135,13.0495581,11.88149536,62.5984254
2016-07-10,29.41041165,16.35761865,13.60944807,62.5984254
2016-07-11,31.8489981,18.48537345,14.70905434,59.842519870000004
2016-07-12,28.8026343,18.373217699999998,9.3681096,74.40944910000002
2016-07-13,28.03249815,17.31040845,10.9389757,84.25196885000001
2016-07-14,31.95901755,18.72463905,12.66692841,69.29133883000002
2016-07-15,26.9696889,18.5825751,7.95433011,81.88976411000002
2016-07-16,21.552032099999998,10.5329967,11.09606231,79.52755937
2016-07-17,15.7712043,3.2866671000000007,16.90826688,71.25984278000001
2016-07-18,13.54624785,2.542166550000001,6.69763723,79.52755937
2016-07-19,20.76694185,8.1403407,15.96574722,75.98425226
2016-07-20,22.289055599999998,6.006177000000001,16.279920439999998,70.86614199000002
2016-07-21,22.6116369,8.027116800000002,15.96574722,70.86614199000002
2016-07-22,24.6240315,8.12431845,16.279920439999998,72.04724436000001
2016-07-23,25.0320648,11.03823165,15.96574722,76.37795305000002
2016-07-24,28.97887905,13.7118111,16.12283383,71.65354357000001
2016-07-25,30.283090199999997,15.93035865,13.60944807,62.20472461000001
2016-07-26,26.4612495,17.4481998,7.95433011,62.99212619
2016-07-27,19.90601295,7.97477745,17.06535349,76.37795305000002
2016-07-28,23.79194265,7.138416,13.29527485,74.80314989000001
2016-07-29,27.19506855,14.9017302,10.62480248,72.83464594000002
2016-07-30,28.07308785,16.03717365,15.180314169999999,70.86614199000002
2016-07-31,30.524492099999996,16.8948981,16.59409366,62.20472461000001
2016-08-01,30.33542955,16.56056715,15.808660609999999,61.417323030000006
2016-08-02,30.14529885,16.5958161,12.66692841,65.35433093000002
2016-08-03,28.46616705,17.9032317,14.70905434,69.68503962000001
2016-08-04,29.774650799999996,15.6237996,16.59409366,67.71653567000001
2016-08-05,31.19849475,16.80410535,16.59409366,61.81102382
2016-08-06,33.4982217,16.8414906,15.33740078,55.51181118
2016-08-07,25.60566135,18.11792985,7.168897059999999,68.89763804
2016-08-08,18.9201105,15.58000545,2.6133853699999996,93.70078781000001
2016-08-09,22.34139495,12.767566500000001,16.75118027,84.64566964000001
2016-08-10,22.45461885,8.645575650000001,19.73582586,68.50393725
2016-08-11,23.339047049999998,8.548374,19.73582586,63.77952777000001
2016-08-12,23.6691054,8.26531425,19.73582586,65.35433093000002
2016-08-13,26.46445395,10.6718562,18.007873149999998,62.5984254
2016-08-14,28.2514689,15.6515715,11.25314892,64.56692935000001
2016-08-15,21.6588471,16.8607173,4.498424689999999,85.82677201000001
2016-08-16,28.105132349999998,14.8013241,18.47913298,79.92126016000002
2016-08-17,30.7103502,17.9801385,13.60944807,76.37795305000002
2016-08-18,24.0173223,17.32963515,4.027164859999999,87.40157517000002
2016-08-19,20.77975965,16.8948981,3.3988184199999996,92.91338623000001
2016-08-20,19.6208169,17.3456574,1.9850389299999995,94.88189018000001
2016-08-21,18.5718936,10.5607686,16.75118027,76.77165384000001
2016-08-22,20.210435699999998,5.2349727,20.3641723,70.07874041000001
2016-08-23,23.7994197,7.333887450000001,21.46377857,64.17322856000001
2016-08-24,26.87675985,10.32470745,21.149605349999998,66.14173251000001
2016-08-25,31.1867451,15.1773129,19.89291247,68.11023646000001
2016-08-26,32.88830805,19.54284195,18.95039281,64.96063014
2016-08-27,32.0925363,18.2151315,20.52125891,53.14960644000001
2016-08-28,32.36918715,17.70562395,15.651574,52.362204860000006
2016-08-29,24.2736783,17.6554209,2.7704719799999995,90.55118149000002
2016-08-30,18.29524275,13.7524008,3.2417318099999997,95.27559097000001
2016-08-31,18.5975292,12.8637,9.21102299,88.18897675000001
2016-09-01,25.9250382,10.555427850000001,21.77795179,77.95275621000002
2016-09-02,28.202334,12.3360339,20.835432129999997,72.04724436000001
2016-09-03,22.201467299999997,15.71245605,5.44094435,83.46456727000002
2016-09-04,19.742586,15.4934853,8.73976316,90.94488228000002
2016-09-05,17.5058799,12.35419245,3.0846451999999998,95.27559097000001
2016-09-06,17.12668665,9.643227750000001,15.180314169999999,82.67716569000001
2016-09-07,19.9113537,4.666716900000001,23.66299111,67.71653567000001
2016-09-08,24.104910599999997,6.5787054000000005,23.34881789,62.99212619
2016-09-09,28.2066066,8.03459385,23.66299111,61.02362224
2016-09-10,31.04254485,14.07391395,23.03464467,57.086614340000004
2016-09-11,32.64263355,16.9483056,23.19173128,57.086614340000004
2016-09-12,35.40273315,19.3708698,21.30669196,53.93700802
2016-09-13,32.816742,18.2450397,8.73976316,55.51181118
2016-09-14,24.60587295,11.0884347,24.134250939999998,55.51181118
2016-09-15,26.80412565,8.03459385,24.291337549999998,51.574803280000005
2016-09-16,30.399518549999996,10.6227213,22.720471449999998,48.42519696
2016-09-17,33.3379992,15.6088455,21.149605349999998,53.14960644000001
2016-09-18,33.64242195,20.14527855,14.23779451,66.14173251000001
2016-09-19,23.880599099999998,17.252728349999998,10.62480248,83.85826806000001
2016-09-20,26.9397807,9.268307100000001,25.862203649999998,59.05511829
2016-09-21,28.394601,11.13222885,25.862203649999998,51.96850407
2016-09-22,29.025877649999998,13.63810875,26.01929026,55.118110390000005
2016-09-23,31.5178716,13.67015325,24.91968399,54.330708810000004
2016-09-24,31.107702,16.4291847,21.77795179,53.93700802
2016-09-25,28.4074188,13.995939,24.76259738,50.39370091
2016-09-26,30.762689549999997,12.01024815,25.0767706,51.574803280000005
2016-09-27,32.37559605,14.0536191,25.23385721,50.00000012
2016-09-28,32.9214207,17.10318735,25.548030429999997,47.24409459
2016-09-29,34.44139815,16.025424,24.76259738,46.45669301
2016-09-30,27.083980949999997,17.831665649999998,9.21102299,64.17322856000001
2016-10-01,30.9432069,15.65050335,24.60551077,70.4724412
2016-10-02,31.7507283,17.0380302,24.60551077,57.086614340000004
2016-10-03,25.358918699999997,17.08396065,2.4562987599999997,87.79527596000001
2016-10-04,25.22539995,16.2347814,16.43700705,83.85826806000001
2016-10-05,28.1681532,15.686820449999999,18.7933062,76.77165384000001
2016-10-06,22.9748079,14.1497526,15.651574,75.98425226
2016-10-07,27.78682365,11.515694700000001,26.6476367,69.68503962000001
2016-10-08,29.190372749999998,14.8483227,24.76259738,59.842519870000004
2016-10-09,31.98251685,13.2995052,28.06141619,47.24409459
2016-10-10,33.43520085,14.55671775,27.433069749999998,43.307086690000006
2016-10-11,29.267279549999998,18.8517489,15.808660609999999,63.385826980000004
2016-10-12,25.76161125,17.82739305,7.01181045,79.52755937
2016-10-13,23.8464183,16.95364635,9.99645604,88.97637833000002
2016-10-14,28.313421599999998,19.3238712,18.63621959,81.49606332000002
2016-10-15,27.79109625,20.37386265,10.15354265,87.00787438000002
2016-10-16,36.37902225,22.788949799999997,23.03464467,67.71653567000001
2016-10-17,36.9504825,24.15297735,23.03464467,59.44881908
2016-10-18,34.4317848,24.8440704,15.96574722,69.29133883000002
2016-10-19,36.90027945,24.61228185,21.77795179,64.96063014
2016-10-20,30.481766099999998,21.73041315,15.023227559999999,81.49606332000002
2016-10-21,28.54734645,18.5227587,21.77795179,71.65354357000001
2016-10-22,33.0239631,16.85537655,24.44842416,66.53543330000001
2016-10-23,34.70202675,21.39074145,26.96180992,64.96063014
2016-10-24,34.6390059,22.94169525,21.9350384,67.32283488000002
2016-10-25,28.5996858,21.3063576,11.72440875,86.22047280000001
2016-10-26,24.07820685,20.19654975,4.812597909999999,94.48818939000002
2016-10-27,22.847698049999998,16.35975495,23.19173128,78.74015779000001
2016-10-28,22.989762,9.763928700000001,31.04606178,62.20472461000001
2016-10-29,28.425577349999998,10.482793650000001,30.574801949999998,57.48031513
2016-10-30,30.356792549999998,15.47319045,30.260628729999997,57.874015920000005
2016-10-31,33.6456264,18.2407671,24.91968399,64.17322856000001
2016-11-01,33.85177935,20.95279995,26.33346348,66.92913409
2016-11-02,29.392253099999998,17.69066985,11.88149536,78.34645700000002
2016-11-03,26.721878099999998,11.624646,30.417715339999997,67.32283488000002
2016-11-04,30.2724087,11.9984985,30.260628729999997,59.05511829
2016-11-05,32.718472199999994,16.58406645,29.003935849999998,57.086614340000004
2016-11-06,32.8637406,17.97907035,29.7893689,58.661417500000006
2016-11-07,34.398672149999996,19.4477766,27.590156359999998,61.81102382
2016-11-08,29.70094845,20.89511985,14.70905434,70.86614199000002
2016-11-09,32.169443099999995,19.997873849999998,22.720471449999998,73.62204752000001
2016-11-10,33.019690499999996,19.543910099999998,26.33346348,70.4724412
2016-11-11,25.89406185,18.9008838,8.58267655,82.28346490000001
2016-11-12,29.984008199999998,17.5464696,22.87755806,78.74015779000001
2016-11-13,27.92781945,18.3924444,23.34881789,75.59055147000001
2016-11-14,31.0906116,18.52596315,27.433069749999998,70.07874041000001
2016-11-15,29.98934895,19.0269255,20.992518739999998,73.22834673000001
2016-11-16,29.620837199999997,17.8711872,27.74724297,75.98425226
2016-11-17,30.530901,18.0420912,27.275983139999997,71.65354357000001
2016-11-18,24.726573899999998,12.3638058,31.98858144,59.842519870000004
2016-11-19,28.7406816,12.5603454,31.98858144,52.75590565
2016-11-20,30.6056715,13.6391769,31.51732161,56.69291355
2016-11-21,32.71099515,16.345869,29.63228229,54.7244096
2016-11-22,32.3382108,17.48344875,28.2185028,55.905511970000006
2016-11-23,31.6140051,17.19932085,30.417715339999997,57.086614340000004
2016-11-24,35.6922018,16.76778825,29.7893689,52.75590565
2016-11-25,29.847285,21.0948639,11.72440875,73.62204752000001
2016-11-26,33.6157182,19.747926749999998,25.0767706,75.59055147000001
2016-11-27,32.3980272,22.44393735,15.023227559999999,77.55905542
2016-11-28,29.13055635,21.90772605,12.66692841,83.46456727000002
2016-11-29,30.5031291,20.80112265,24.134250939999998,79.13385858000001
2016-11-30,29.8109679,18.53237205,25.548030429999997,70.07874041000001
2016-12-01,30.7509399,17.92566285,30.88897517,66.53543330000001
2016-12-02,31.82015805,19.88678625,24.91968399,72.04724436000001
2016-12-03,28.4287818,20.597106,17.37952671,87.00787438000002
2016-12-04,29.612291999999997,20.60671935,25.23385721,80.31496095000001
2016-12-05,31.89279225,18.03034155,31.831494829999997,70.07874041000001
2016-12-06,31.87142925,17.7686448,19.73582586,76.37795305000002
2016-12-07,28.07736045,19.53643305,17.53661332,84.25196885000001
2016-12-08,25.603525050000002,20.8385079,7.168897059999999,89.76377991000001
2016-12-09,24.0664572,20.1933453,4.9696845199999995,93.30708702000001
2016-12-10,29.6037468,21.887431199999998,16.279920439999998,87.79527596000001
2016-12-11,29.920987349999997,23.04851025,15.96574722,88.97637833000002
2016-12-12,31.168586549999997,20.506313249999998,26.96180992,77.55905542
2016-12-13,32.87549025,19.57915905,29.47519568,73.22834673000001
2016-12-14,29.22241725,19.8045387,30.88897517,69.29133883000002
2016-12-15,30.486038699999998,15.30015015,29.47519568,64.56692935000001
2016-12-16,29.944486649999998,17.2345698,29.003935849999998,68.50393725
2016-12-17,30.43156305,20.89084725,19.421652639999998,72.04724436000001
2016-12-18,30.629170799999997,20.543698499999998,17.37952671,79.13385858000001
2016-12-19,29.5952016,19.53856935,15.180314169999999,83.85826806000001
2016-12-20,27.351018449999998,20.45504205,13.29527485,90.15748070000001
2016-12-21,29.10278445,19.8664914,22.406298229999997,86.22047280000001
2016-12-22,30.190161149999998,20.5372896,21.30669196,83.85826806000001
2016-12-23,31.816953599999998,19.743654149999998,25.548030429999997,79.52755937
2016-12-24,32.560385999999994,20.5885608,26.49055009,78.74015779000001
2016-12-25,34.114544249999994,22.3104186,27.275983139999997,74.80314989000001
2016-12-26,33.957526200000004,22.0946523,30.731888559999998,71.65354357000001
2016-12-27,34.2587445,22.80710835,26.33346348,70.07874041000001
2016-12-28,34.696686,22.43325585,27.118896529999997,77.95275621000002
2016-12-29,33.40102005,22.199331,22.563384839999998,83.85826806000001
2016-12-30,29.158328249999997,21.8703408,12.82401502,90.15748070000001
2016-12-31,30.979523999999998,22.55075235,21.46377857,85.82677201000001
2017-01-01,32.9919186,22.156605,20.04999908,83.46456727000002
2017-01-02,33.457632000000004,21.5135787,26.17637687,81.88976411000002
2017-01-03,33.03357645,22.4962767,26.96180992,79.13385858000001
2017-01-04,33.63387675,23.113667399999997,23.34881789,79.13385858000001
2017-01-05,31.5328257,21.589417349999998,17.53661332,85.03937043
2017-01-06,29.569566,22.21962585,15.651574,88.97637833000002
2017-01-07,32.9406474,21.9878373,25.548030429999997,82.67716569000001
2017-01-08,34.6155066,23.42877165,26.17637687,79.92126016000002
2017-01-09,34.84302255,23.21086905,25.705117039999998,75.59055147000001
2017-01-10,32.97162375,22.4535507,18.95039281,81.10236253000001
2017-01-11,32.939579249999994,21.23692785,25.23385721,83.46456727000002
2017-01-12,33.9404358,22.7269971,29.161022459999998,78.34645700000002
2017-01-13,33.1884582,22.9192641,28.689762629999997,74.40944910000002
2017-01-14,34.29399345,21.99958695,24.134250939999998,75.59055147000001
2017-01-15,34.25126745,21.82868295,26.96180992,75.59055147000001
2017-01-16,33.61678635,22.7569053,18.32204637,79.13385858000001
2017-01-17,31.602255449999998,20.4091116,23.66299111,82.28346490000001
2017-01-18,34.290789000000004,20.20723125,28.53267602,71.25984278000001
2017-01-19,34.37517285,21.97608765,27.90432958,72.44094515
2017-01-20,33.38820225,21.66205155,25.862203649999998,72.83464594000002
2017-01-21,33.9639351,21.19420185,25.548030429999997,74.01574831
2017-01-22,33.73641915,19.76501715,27.118896529999997,72.04724436000001
2017-01-23,34.0536597,19.081401149999998,29.003935849999998,71.25984278000001
2017-01-24,34.401876599999994,21.22411005,21.77795179,74.40944910000002
2017-01-25,31.80947655,22.12990125,18.63621959,83.07086648
2017-01-26,31.90774635,21.006207449999998,23.66299111,77.16535463000001
2017-01-27,31.47621375,15.7348872,30.574801949999998,62.99212619
2017-01-28,33.4084971,16.16748795,24.60551077,64.56692935000001
2017-01-29,33.1500048,21.37792365,21.62086518,75.98425226
2017-01-30,32.17478385,22.1437872,19.73582586,74.80314989000001
2017-01-31,29.854762049999998,19.73083635,11.25314892,86.22047280000001
2017-02-01,30.987001049999996,20.20723125,19.578739249999998,86.22047280000001
2017-02-02,29.36982195,20.4069753,16.90826688,87.00787438000002
2017-02-03,34.0963857,21.10874985,24.291337549999998,79.13385858000001
2017-02-04,36.415339349999996,22.11281085,27.433069749999998,68.89763804
2017-02-05,32.50804665,20.362113,8.89684977,82.67716569000001
2017-02-06,32.502705899999995,19.3089171,27.275983139999997,76.37795305000002
2017-02-07,34.65075555,18.1510425,29.31810907,61.81102382
2017-02-08,36.6385827,20.18800455,27.433069749999998,60.629921450000005
2017-02-09,32.9321022,20.98911705,11.88149536,81.88976411000002
2017-02-10,29.954099999999997,20.93357325,13.45236146,83.85826806000001
2017-02-11,28.180971,21.8382963,7.7972434999999995,90.15748070000001
2017-02-12,31.6909119,21.24547305,17.06535349,87.40157517000002
2017-02-13,30.1634574,22.2805104,20.04999908,83.85826806000001
2017-02-14,27.30615615,22.71311115,11.09606231,89.37007912000001
2017-02-15,34.888953,22.91605965,19.89291247,75.98425226
2017-02-16,36.202777499999996,22.806040199999998,26.49055009,65.74803172000001
2017-02-17,36.39184005,23.02287465,27.433069749999998,64.96063014
2017-02-18,35.95817115,23.18950605,25.548030429999997,65.35433093000002
2017-02-19,36.4035897,23.4191583,23.82007772,67.32283488000002
2017-02-20,37.1790666,23.222618699999998,25.548030429999997,67.71653567000001
2017-02-21,37.26131415,23.442657599999997,26.49055009,62.5984254
2017-02-22,37.3563795,22.997239049999997,21.149605349999998,65.35433093000002
2017-02-23,31.7742276,21.686619,9.21102299,79.13385858000001
2017-02-24,32.2378047,20.252093549999998,24.134250939999998,78.74015779000001
2017-02-25,33.7844859,21.50396535,24.76259738,74.40944910000002
2017-02-26,34.35167355,22.11067455,21.149605349999998,76.77165384000001
2017-02-27,34.65075555,22.36275795,22.563384839999998,76.37795305000002
2017-02-28,34.96051905,22.21962585,19.73582586,77.16535463000001
2017-03-01,34.33458315,22.4257788,16.90826688,81.49606332000002
2017-03-02,32.6501106,21.83616,19.26456603,83.46456727000002
2017-03-03,33.63601305,23.3272974,18.47913298,81.88976411000002
2017-03-04,30.32688435,23.196983099999997,10.9389757,88.18897675000001
2017-03-05,29.4221613,22.6244547,11.88149536,90.15748070000001
2017-03-06,32.3980272,22.839152849999998,18.7933062,83.07086648
2017-03-07,34.16367915,22.9064463,23.34881789,76.77165384000001
2017-03-08,34.7992284,24.0942291,23.5059045,73.62204752000001
2017-03-09,36.0660543,24.5748966,24.76259738,66.92913409
2017-03-10,35.269214399999996,23.713967699999998,19.73582586,70.07874041000001
2017-03-11,35.09937855,22.5710472,21.62086518,75.59055147000001
2017-03-12,34.2715623,22.251670349999998,14.70905434,81.10236253000001
2017-03-13,29.1935772,17.75475885,24.76259738,77.16535463000001
2017-03-14,33.02075865,15.77868135,24.291337549999998,73.62204752000001
2017-03-15,33.2119575,22.22603475,23.977164329999997,74.01574831
2017-03-16,27.612715199999997,21.368310299999997,7.483070279999999,85.82677201000001
2017-03-17,26.94939405,19.664611049999998,15.96574722,85.82677201000001
2017-03-18,29.475568799999998,17.37877005,17.2224401,81.88976411000002
2017-03-19,30.070528349999996,18.914769749999998,18.95039281,77.95275621000002
2017-03-20,30.940002449999998,19.31639415,23.34881789,75.59055147000001
2017-03-21,30.629170799999997,18.91263345,24.91968399,69.68503962000001
2017-03-22,31.49330415,18.5419854,21.9350384,70.07874041000001
2017-03-23,31.7443194,20.14100595,19.26456603,68.11023646000001
2017-03-24,31.39076175,20.4753369,16.12283383,73.62204752000001
2017-03-25,33.073098,20.69217135,19.89291247,72.44094515
2017-03-26,26.1749853,21.1375899,2.7704719799999995,83.46456727000002
2017-03-27,28.1531991,19.53856935,15.49448739,83.46456727000002
2017-03-28,30.7423947,18.2236767,22.406298229999997,78.74015779000001
2017-03-29,30.096163949999998,19.53856935,22.563384839999998,73.62204752000001
2017-03-30,30.05130165,18.5633484,23.03464467,70.86614199000002
2017-03-31,29.649677249999996,18.0164556,21.62086518,70.86614199000002
2017-04-01,28.129699799999997,17.2153431,22.720471449999998,66.92913409
2017-04-02,28.524915299999996,16.65242805,21.62086518,67.32283488000002
2017-04-03,30.23502345,18.10083945,17.2224401,70.4724412
2017-04-04,27.3371325,21.71973165,6.383464009999999,79.52755937
2017-04-05,25.603525050000002,19.63256655,6.069290789999999,91.73228386000001
2017-04-06,28.204470299999997,18.84427185,15.180314169999999,86.61417359000001
2017-04-07,29.8729206,18.46828305,15.023227559999999,84.25196885000001
2017-04-08,30.39097335,22.2228303,12.35275519,85.43307122000002
2017-04-09,29.484113999999998,22.7782683,12.03858197,83.46456727000002
2017-04-10,31.335217949999997,22.46316405,13.92362129,82.28346490000001
2017-04-11,25.409121749999997,20.64303645,8.11141672,89.76377991000001
2017-04-12,27.87654825,15.60777735,19.26456603,79.13385858000001
2017-04-13,28.04104335,16.95578265,13.13818824,81.49606332000002
2017-04-14,30.820369649999996,19.2341466,19.73582586,78.34645700000002
2017-04-15,31.727228999999998,20.30336475,15.651574,76.37795305000002
2017-04-16,25.5148686,19.7789031,6.69763723,87.40157517000002
2017-04-17,28.690478549999998,17.7579633,14.86614095,87.40157517000002
2017-04-18,27.283724999999997,19.47875295,12.82401502,82.28346490000001
2017-04-19,27.31256505,18.37428585,16.12283383,74.01574831
2017-04-20,22.57425165,18.82718145,4.027164859999999,87.00787438000002
2017-04-21,24.49905795,17.7088284,12.82401502,88.18897675000001
2017-04-22,26.0809881,16.65670065,14.70905434,82.28346490000001
2017-04-23,27.7515747,13.4917722,16.75118027,77.16535463000001
2017-04-24,27.76546065,18.24397155,16.12283383,78.74015779000001
2017-04-25,28.79942985,19.21385175,10.15354265,77.55905542
2017-04-26,25.9399923,14.8803672,10.9389757,80.31496095000001
2017-04-27,20.42727015,8.8346382,20.04999908,68.11023646000001
2017-04-28,25.0918812,7.91068845,18.7933062,66.92913409
2017-04-29,24.49051275,10.778671200000002,17.850786539999998,70.4724412
2017-04-30,25.79579205,12.10210905,16.279920439999998,74.80314989000001
2017-05-01,24.86436525,17.4054738,7.95433011,81.10236253000001
2017-05-02,27.5037639,15.8032488,13.13818824,82.28346490000001
2017-05-03,26.6663343,18.919042349999998,8.73976316,84.64566964000001
2017-05-04,26.4185235,18.6979353,11.41023553,88.58267754
2017-05-05,27.982295099999998,19.635771,10.46771587,87.79527596000001
2017-05-06,27.309360599999998,18.23756265,11.72440875,87.00787438000002
2017-05-07,27.41510745,17.13095925,16.279920439999998,79.52755937
2017-05-08,28.100859749999998,16.4120943,15.96574722,78.34645700000002
2017-05-09,28.14785835,18.9777906,13.29527485,81.10236253000001
2017-05-10,25.1944236,18.3069924,8.58267655,84.25196885000001
2017-05-11,26.2903455,18.78018285,10.15354265,85.03937043
2017-05-12,27.9481143,18.70327605,14.55196773,78.34645700000002
2017-05-13,29.69453955,17.6212401,12.35275519,77.95275621000002
2017-05-14,23.646674249999997,13.95428115,13.29527485,84.64566964000001
2017-05-15,25.63984215,14.84511825,11.09606231,84.64566964000001
2017-05-16,27.112820999999997,11.87779755,14.23779451,82.28346490000001
2017-05-17,25.0171107,16.9953042,7.640156889999999,85.43307122000002
2017-05-18,24.36874365,19.20317025,4.498424689999999,88.58267754
2017-05-19,22.23671625,19.20744285,4.1842514699999995,92.91338623000001
2017-05-20,20.8897791,18.05170455,4.1842514699999995,93.70078781000001
2017-05-21,21.5819403,17.72912325,4.1842514699999995,95.66929176000001
2017-05-22,25.7156808,15.811793999999999,11.25314892,84.25196885000001
2017-05-23,24.979725449999997,18.79727325,7.483070279999999,88.18897675000001
2017-05-24,27.35742735,19.71588225,9.52519621,85.43307122000002
2017-05-25,31.194222149999998,20.9538681,14.55196773,79.52755937
2017-05-26,31.1867451,22.23671625,11.72440875,82.67716569000001
2017-05-27,27.38733555,21.60437145,6.854723839999999,92.51968544000002
2017-05-28,22.6650444,19.2790089,2.92755859,96.45669334000002
2017-05-29,22.96519455,19.06858335,4.9696845199999995,94.48818939000002
2017-05-30,26.71440105,18.87204375,7.483070279999999,92.12598465
2017-05-31,22.2228303,15.74236425,3.2417318099999997,96.85039413000001
2017-06-01,16.26789405,12.19396995,7.01181045,89.76377991000001
2017-06-02,17.0914377,9.9113334,7.01181045,88.18897675000001
2017-06-03,24.0899565,11.2251579,12.19566858,81.88976411000002
2017-06-04,29.0974437,17.9245947,8.89684977,79.13385858000001
2017-06-05,26.38113825,20.65799055,6.069290789999999,89.37007912000001
2017-06-06,24.409333349999997,20.86948425,4.812597909999999,93.30708702000001
2017-06-07,27.70564425,20.076916949999998,6.854723839999999,90.94488228000002
2017-06-08,25.85347215,15.4251237,2.6133853699999996,88.97637833000002
2017-06-09,16.63747395,9.34628205,13.60944807,78.34645700000002
2017-06-10,19.50011595,4.285387350000001,14.55196773,78.74015779000001
2017-06-11,21.96326985,6.800880600000001,14.394881119999999,67.71653567000001
2017-06-12,22.584933149999998,10.2873222,10.62480248,77.16535463000001
2017-06-13,20.2659795,15.6707982,5.283857739999999,81.49606332000002
2017-06-14,23.247186149999997,17.5998771,6.69763723,89.76377991000001
2017-06-15,26.0745792,16.1130123,13.92362129,75.19685068000001
2017-06-16,27.71418945,16.3437327,14.394881119999999,75.59055147000001
2017-06-17,29.773582649999998,16.45588845,14.0807079,72.04724436000001
2017-06-18,30.231818999999998,18.0164556,13.29527485,67.71653567000001
2017-06-19,22.9833531,9.9882402,4.6555113,82.67716569000001
2017-06-20,18.6039381,7.190755350000001,7.168897059999999,84.25196885000001
2017-06-21,25.07372265,12.7761117,13.29527485,82.28346490000001
2017-06-22,26.91521325,14.70198615,12.98110163,77.55905542
2017-06-23,27.7195302,16.9354878,13.92362129,73.22834673000001
2017-06-24,26.446295399999997,17.0786199,11.25314892,73.62204752000001
2017-06-25,27.5486262,13.51847595,14.394881119999999,72.04724436000001
2017-06-26,27.41083485,14.52894585,14.23779451,69.29133883000002
2017-06-27,27.82314075,14.5556496,13.13818824,70.07874041000001
2017-06-28,28.4907345,15.35783025,14.0807079,67.32283488000002
2017-06-29,25.900470749999997,16.5210456,8.26850333,68.11023646000001
2017-06-30,28.9479027,15.277719,13.76653468,68.50393725
2017-07-01,25.542640499999997,15.95599425,9.99645604,80.31496095000001
2017-07-02,25.06517745,13.8335802,11.41023553,75.98425226
2017-07-03,23.145711900000002,11.6994165,11.41023553,68.89763804
2017-07-04,23.917984349999998,12.5283009,13.92362129,63.385826980000004
2017-07-05,25.3140564,13.42234245,12.19566858,61.417323030000006
2017-07-06,26.04787545,13.09335225,14.0807079,63.385826980000004
2017-07-07,26.81907975,13.03139955,14.70905434,64.56692935000001
2017-07-08,27.60737445,14.93697915,13.76653468,64.96063014
2017-07-09,25.768020149999998,14.5171962,10.15354265,69.29133883000002
2017-07-10,28.8410877,15.149541,13.60944807,69.29133883000002
2017-07-11,29.750083349999997,16.3394601,13.45236146,64.96063014
2017-07-12,29.317482599999998,15.81286215,14.394881119999999,62.99212619
2017-07-13,29.87398875,13.9660308,15.023227559999999,59.842519870000004
2017-07-14,30.0566424,16.773129,14.55196773,61.02362224
2017-07-15,29.98934895,16.19739615,14.70905434,56.69291355
2017-07-16,30.879117899999997,15.0299082,13.76653468,54.330708810000004
2017-07-17,18.27387975,6.460140750000001,1.8279523199999996,82.28346490000001
2017-07-18,15.1110876,0.35779980000000045,15.33740078,69.29133883000002
2017-07-19,20.048076899999998,3.5302053000000004,14.70905434,58.661417500000006
2017-07-20,22.8103128,6.4761630000000014,15.023227559999999,62.99212619
2017-07-21,27.0615498,9.224512950000001,15.651574,61.417323030000006
2017-07-22,29.1935772,12.19396995,16.279920439999998,54.330708810000004
2017-07-23,30.574695149999997,13.16385015,14.86614095,49.606299330000006
2017-07-24,31.11945165,16.85324025,15.33740078,50.00000012
2017-07-25,30.6932598,15.51378015,15.651574,48.031496170000004
2017-07-26,30.357860699999996,14.21490975,16.12283383,50.787401700000004
2017-07-27,29.2576662,14.3676552,15.180314169999999,53.93700802
2017-07-28,28.9906287,13.57188345,13.60944807,56.29921276
2017-07-29,30.14102625,15.88976895,13.29527485,54.7244096
2017-07-30,29.8515576,13.07839815,15.33740078,54.330708810000004
2017-07-31,29.9370096,15.5148483,15.808660609999999,53.54330723
2017-08-01,29.3431182,16.32130155,16.12283383,49.21259854
2017-08-02,24.05898015,14.4402894,4.812597909999999,64.56692935000001
2017-08-03,18.4415793,13.8207624,7.325983669999999,90.15748070000001
2017-08-04,24.3399036,9.43600665,18.32204637,75.98425226
2017-08-05,25.4999145,10.93996185,18.16495976,67.71653567000001
2017-08-06,25.97737755,12.41400885,18.47913298,61.81102382
2017-08-07,29.0312184,12.83058735,15.96574722,59.842519870000004
2017-08-08,32.7163359,17.5998771,12.82401502,51.18110249
2017-08-09,33.45229125,16.97287305,16.43700705,58.661417500000006
2017-08-10,35.4080739,20.2574343,16.75118027,48.42519696
2017-08-11,32.72808555,19.02585735,17.2224401,51.574803280000005
2017-08-12,32.32218855,20.15168745,9.3681096,50.787401700000004
2017-08-13,26.566996349999997,16.1429205,5.91220418,86.61417359000001
2017-08-14,23.9489607,9.3153057,17.2224401,80.31496095000001
2017-08-15,20.9346414,13.28561925,8.42558994,88.18897675000001
2017-08-16,23.6712417,17.2687506,10.15354265,84.64566964000001
2017-08-17,25.5490494,14.84511825,13.45236146,82.28346490000001
2017-08-18,23.9340066,15.0106815,10.9389757,83.07086648
2017-08-19,27.0166875,18.6872538,10.78188909,81.49606332000002
2017-08-20,23.7203766,13.96496265,14.55196773,78.34645700000002
2017-08-21,22.705634099999997,5.553281400000001,21.30669196,62.5984254
2017-08-22,25.66547775,9.930560100000001,20.67834552,65.74803172000001
2017-08-23,26.3159811,17.11600515,12.19566858,70.07874041000001
2017-08-24,32.48027475,18.8517489,19.26456603,62.5984254
2017-08-25,31.87783815,19.68383775,20.3641723,55.905511970000006
2017-08-26,33.5964915,17.41081455,20.04999908,52.362204860000006
2017-08-27,31.7635461,18.69686715,12.66692841,61.02362224
2017-08-28,34.83447735,18.93399645,19.89291247,57.086614340000004
2017-08-29,35.29591815,19.214919899999998,20.992518739999998,47.24409459
2017-08-30,33.19593525,18.28242495,19.10747942,50.39370091
2017-08-31,33.6563079,16.47511515,17.69369993,69.68503962000001
2017-09-01,32.74944855,18.94895055,19.73582586,60.23622066
2017-09-02,33.6199908,18.5313039,20.67834552,57.086614340000004
2017-09-03,34.1070672,19.4178684,20.3641723,55.51181118
2017-09-04,35.0876289,18.4031259,21.149605349999998,45.66929143
2017-09-05,30.666556049999997,17.71416915,18.007873149999998,54.7244096
2017-09-06,34.1818377,16.15039755,19.421652639999998,58.26771671
2017-09-07,35.02460805,16.8329454,21.149605349999998,39.763779580000005
2017-09-08,35.3568027,18.54518985,19.26456603,39.763779580000005
2017-09-09,36.223072349999995,20.74557885,17.850786539999998,36.61417326
2017-09-10,37.21217925,20.99552595,20.992518739999998,34.64566931
2017-09-11,33.22584345,20.4582465,11.09606231,55.905511970000006
2017-09-12,35.4379821,18.07947645,19.26456603,68.50393725
2017-09-13,36.789191849999995,21.31597095,21.30669196,47.24409459
2017-09-14,36.7304436,21.77527545,16.43700705,35.0393701
2017-09-15,31.513599,20.160232649999998,14.0807079,72.83464594000002
2017-09-16,23.44158945,17.36808855,8.26850333,84.64566964000001
2017-09-17,27.3157695,16.3309149,19.578739249999998,72.04724436000001
2017-09-18,32.61913425,13.186281300000001,21.77795179,62.99212619
2017-09-19,36.5039958,17.5336518,21.149605349999998,48.031496170000004
2017-09-20,36.96009585,20.701784699999997,22.720471449999998,36.220472470000004
2017-09-21,36.95795955,19.7340408,21.9350384,34.64566931
2017-09-22,36.16539225,19.68597405,21.46377857,44.09448827
2017-09-23,30.433699349999998,20.07050805,15.49448739,64.56692935000001
2017-09-24,32.49309255,19.0098351,12.82401502,61.02362224
2017-09-25,29.8301946,21.0136845,13.60944807,60.23622066
2017-09-26,33.84323415,18.30592425,19.421652639999998,59.44881908
2017-09-27,35.01606285,19.14976275,21.77795179,52.362204860000006
2017-09-28,30.100436549999998,19.13480865,15.49448739,61.417323030000006
2017-09-29,23.459747999999998,19.62402135,3.5559050299999995,88.58267754
2017-09-30,27.91927425,19.15617165,14.23779451,82.28346490000001
2017-10-01,31.348035749999998,17.0252124,16.279920439999998,75.98425226
2017-10-02,22.451414399999997,15.65050335,11.25314892,80.31496095000001
2017-10-03,26.505043649999998,10.026693600000002,26.96180992,57.874015920000005
2017-10-04,29.8366035,12.4022592,26.96180992,50.00000012
2017-10-05,34.48412415,15.5597106,24.291337549999998,44.09448827
2017-10-06,36.5830389,21.89063565,20.20708569,53.54330723
2017-10-07,26.588359349999998,18.82718145,12.35275519,83.85826806000001
2017-10-08,24.62723595,18.29737905,13.60944807,84.64566964000001
2017-10-09,23.2268913,19.6079991,8.58267655,86.61417359000001
2017-10-10,29.39332125,20.2723884,15.651574,81.88976411000002
2017-10-11,36.4228164,21.18138405,20.835432129999997,69.29133883000002
2017-10-12,37.2089748,23.797283399999998,16.43700705,64.17322856000001
2017-10-13,30.9688425,20.4219294,15.96574722,79.13385858000001
2017-10-14,24.00770895,17.00919015,13.45236146,80.70866174000001
2017-10-15,31.139746499999998,14.7885063,26.33346348,72.04724436000001
2017-10-16,33.69582945,20.0566221,24.91968399,62.20472461000001
2017-10-17,35.3952561,20.10041625,26.6476367,55.118110390000005
2017-10-18,38.7214752,23.94575625,24.291337549999998,52.75590565
2017-10-19,32.83490055,18.39137625,5.44094435,72.44094515
2017-10-20,27.800709599999998,18.0485001,13.45236146,83.46456727000002
2017-10-21,27.9737499,19.79706165,9.52519621,85.82677201000001
2017-10-22,23.764170749999998,18.38283105,11.88149536,83.85826806000001
2017-10-23,29.13055635,11.6353275,27.90432958,64.56692935000001
2017-10-24,31.5050538,17.8241886,25.23385721,66.53543330000001
2017-10-25,26.3501619,18.5163498,7.325983669999999,75.98425226
2017-10-26,21.0371838,17.35740705,3.7129916399999994,88.58267754
2017-10-27,24.1689996,17.8092345,8.89684977,88.97637833000002
2017-10-28,27.54755805,16.8393543,28.2185028,76.77165384000001
2017-10-29,31.38862545,19.165785,18.47913298,76.37795305000002
2017-10-30,26.771013,19.085673749999998,7.95433011,87.00787438000002
2017-10-31,29.5396578,18.3582636,26.49055009,75.19685068000001
2017-11-01,31.358717249999998,16.37470905,28.2185028,61.81102382
2017-11-02,32.1502164,18.53664465,29.31810907,58.661417500000006
2017-11-03,29.054717699999998,18.674436,10.78188909,76.37795305000002
2017-11-04,23.87739465,18.3048561,5.598030959999999,89.76377991000001
2017-11-05,27.6746679,17.093574,18.63621959,84.25196885000001
2017-11-06,29.346322649999998,19.425345450000002,19.73582586,80.70866174000001
2017-11-07,30.41447265,19.91669445,25.23385721,71.65354357000001
2017-11-08,26.94512145,20.05341765,16.59409366,75.98425226
2017-11-09,32.207896500000004,18.96604095,24.291337549999998,75.59055147000001
2017-11-10,28.26535485,19.008766950000002,11.56732214,80.70866174000001
2017-11-11,28.79302095,15.31937685,30.88897517,66.53543330000001
2017-11-12,29.4520695,14.41358565,31.51732161,53.93700802
2017-11-13,31.82229435,14.65071495,31.51732161,48.031496170000004
2017-11-14,33.22797975,15.92181345,31.04606178,47.63779538
2017-11-15,34.9252701,17.1341637,30.731888559999998,47.63779538
2017-11-16,35.94535335,20.25850245,18.7933062,62.99212619
2017-11-17,29.6016105,19.373006099999998,17.06535349,83.85826806000001
2017-11-18,27.0230964,20.4753369,10.9389757,88.18897675000001
2017-11-19,29.454205799999997,15.61632255,30.260628729999997,65.74803172000001
2017-11-20,32.22605505,13.9019418,30.417715339999997,60.23622066
2017-11-21,28.0677471,19.7917209,10.62480248,84.25196885000001
2017-11-22,27.492014249999997,17.3477937,30.574801949999998,74.40944910000002
2017-11-23,30.15170775,12.9811965,31.98858144,61.02362224
2017-11-24,33.222639,16.89382995,28.689762629999997,62.5984254
2017-11-25,26.81267085,20.3984301,4.1842514699999995,83.85826806000001
2017-11-26,25.842790649999998,18.0271371,17.850786539999998,86.22047280000001
2017-11-27,29.512954049999998,14.92629765,26.96180992,77.95275621000002
2017-11-28,32.2335321,16.8970344,29.63228229,68.11023646000001
2017-11-29,31.91629155,20.6035149,25.705117039999998,74.01574831
2017-11-30,27.7430295,21.52105575,16.90826688,80.31496095000001
2017-12-01,30.028870499999996,18.44051115,25.548030429999997,74.80314989000001
2017-12-02,30.83959635,20.1655734,28.37558941,69.29133883000002
2017-12-03,31.62361845,20.8662798,26.96180992,70.4724412
2017-12-04,31.920564149999997,22.380916499999998,19.89291247,74.80314989000001
2017-12-05,33.9639351,22.089311549999998,25.39094382,73.22834673000001
2017-12-06,27.9609321,23.242913549999997,10.9389757,86.61417359000001
2017-12-07,30.1228677,22.6842711,18.32204637,87.79527596000001
2017-12-08,33.060280199999994,21.72614055,27.590156359999998,76.37795305000002
2017-12-09,33.3315903,18.4714875,30.731888559999998,63.77952777000001
2017-12-10,33.565515149999996,19.826969849999998,30.88897517,57.874015920000005
2017-12-11,32.43541245,18.59646105,31.51732161,50.00000012
2017-12-12,31.45271445,17.23777425,30.88897517,61.417323030000006
2017-12-13,32.987646,19.8857181,30.88897517,66.92913409
2017-12-14,34.369832099999996,22.177968,26.49055009,70.07874041000001
2017-12-15,35.6751114,21.06602385,29.003935849999998,68.50393725
2017-12-16,34.88574855,19.92737595,28.53267602,69.29133883000002
2017-12-17,35.02033545,22.32003195,23.34881789,70.4724412
2017-12-18,34.2416541,19.5844998,27.90432958,74.01574831
2017-12-19,33.068825399999994,22.49948115,24.76259738,75.98425226
2017-12-20,26.788103399999997,21.3063576,7.325983669999999,89.76377991000001
2017-12-21,29.7020166,22.1694228,15.651574,89.37007912000001
2017-12-22,28.708637099999997,22.43325585,12.5098418,90.55118149000002
2017-12-23,27.3862674,23.145711900000002,9.83936943,91.73228386000001
2017-12-24,28.223697,22.92460485,11.72440875,91.73228386000001
2017-12-25,29.441387999999996,21.497556449999998,15.49448739,87.00787438000002
2017-12-26,27.559307699999998,21.7763436,12.03858197,89.37007912000001
2017-12-27,25.871630699999997,21.6545745,10.31062926,90.94488228000002
2017-12-28,29.183963849999998,21.1589529,15.180314169999999,89.37007912000001
2017-12-29,31.1675184,21.6673923,18.32204637,88.58267754
2017-12-30,31.56380205,21.6588471,23.66299111,82.67716569000001
2017-12-31,33.12543735,21.95686095,27.590156359999998,77.95275621000002
2018-01-01,31.310650499999998,21.797706599999998,14.86614095,87.00787438000002
2018-01-02,24.7500732,21.1012728,4.6555113,95.66929176000001
2018-01-03,30.33115695,19.6101354,29.31810907,79.13385858000001
2018-01-04,31.793454299999997,17.8711872,30.574801949999998,68.11023646000001
2018-01-05,32.859468,20.127119999999998,30.103542119999997,70.4724412
2018-01-06,30.14529885,20.29695585,9.99645604,88.18897675000001
2018-01-07,31.54030275,18.58791585,29.31810907,80.31496095000001
2018-01-08,30.49778835,21.942975,27.275983139999997,75.59055147000001
2018-01-09,26.584086749999997,20.15809635,16.279920439999998,81.88976411000002
2018-01-10,26.22305205,20.8406442,11.41023553,92.12598465
2018-01-11,29.76076485,20.69003505,18.7933062,84.25196885000001
2018-01-12,30.00216675,21.085250549999998,14.86614095,87.79527596000001
2018-01-13,29.16046455,21.14506695,12.66692841,89.37007912000001
2018-01-14,27.78895995,21.385400699999998,11.41023553,90.94488228000002
2018-01-15,27.958795799999997,21.72614055,10.62480248,91.73228386000001
2018-01-16,30.699668699999997,22.54220715,18.47913298,89.76377991000001
2018-01-17,31.085270849999997,22.19185395,18.7933062,87.79527596000001
2018-01-18,30.7723029,21.64282485,14.23779451,88.18897675000001
2018-01-19,29.1551238,21.9322935,15.96574722,87.79527596000001
2018-01-20,32.0669007,21.55737285,20.67834552,86.22047280000001
2018-01-21,32.98657785,22.03376775,21.77795179,82.67716569000001
2018-01-22,33.2162301,21.57019065,21.46377857,79.92126016000002
2018-01-23,34.281175649999994,22.4834589,25.39094382,78.34645700000002
2018-01-24,33.9425721,22.23244365,20.04999908,82.28346490000001
2018-01-25,32.645838,21.32878875,25.23385721,80.70866174000001
2018-01-26,32.801787899999994,22.04444925,23.977164329999997,81.49606332000002
2018-01-27,32.3595738,22.15553685,27.275983139999997,75.59055147000001
2018-01-28,32.232463949999996,22.97587605,18.007873149999998,81.10236253000001
2018-01-29,31.0799301,22.73661045,16.279920439999998,88.58267754
2018-01-30,32.80926495,22.31148675,21.9350384,83.07086648
2018-01-31,31.972903499999997,21.9728832,26.96180992,75.59055147000001
2018-02-01,32.327529299999995,20.70712545,24.76259738,71.65354357000001
2018-02-02,33.90305055,22.03163145,27.118896529999997,68.11023646000001
2018-02-03,33.98850255,18.4778964,28.2185028,63.77952777000001
2018-02-04,33.760986599999995,18.4266252,28.689762629999997,61.02362224
2018-02-05,33.910527599999995,19.4712759,28.53267602,62.99212619
2018-02-06,34.1583384,19.38475575,27.590156359999998,62.20472461000001
2018-02-07,35.47963995,19.67529255,22.87755806,61.417323030000006
2018-02-08,33.697965749999995,21.21983745,21.77795179,68.11023646000001
2018-02-09,35.957103000000004,21.885294899999998,21.77795179,74.80314989000001
2018-02-10,30.95282025,21.0307749,17.06535349,84.64566964000001
2018-02-11,30.573627,22.1651502,14.86614095,88.18897675000001
2018-02-12,29.62617795,21.9921099,17.53661332,87.00787438000002
2018-02-13,33.69155685,17.33390775,27.433069749999998,73.62204752000001
2018-02-14,31.69838895,19.5973176,24.44842416,70.4724412
2018-02-15,32.95987409999999,18.81436365,27.118896529999997,67.71653567000001
2018-02-16,34.11881685,20.81607675,25.39094382,69.29133883000002
2018-02-17,27.771869549999998,21.0008667,7.640156889999999,84.25196885000001
2018-02-18,27.0615498,20.2659795,9.52519621,91.33858307000001
2018-02-19,25.436893650000002,20.0886666,7.168897059999999,94.48818939000002
2018-02-20,29.64326835,19.85474175,13.13818824,87.40157517000002
2018-02-21,31.941927149999998,19.7917209,26.01929026,77.55905542
2018-02-22,31.24762965,16.9974405,28.846849239999997,62.20472461000001
2018-02-23,33.31770435,16.7410845,28.37558941,59.44881908
2018-02-24,34.0750227,19.32493935,24.134250939999998,61.02362224
2018-02-25,34.148725049999996,20.0651673,23.977164329999997,63.385826980000004
2018-02-26,34.1711562,21.3960822,21.62086518,65.35433093000002
2018-02-27,32.72594925,22.1865132,17.850786539999998,77.16535463000001
2018-02-28,30.021393449999998,20.874825,15.33740078,85.82677201000001
2018-03-01,32.6543832,22.519776,18.63621959,85.43307122000002
2018-03-02,32.5902942,21.53814615,22.09212501,80.31496095000001
2018-03-03,33.0645528,22.9320819,17.37952671,81.10236253000001
2018-03-04,31.63643625,21.36296955,16.279920439999998,85.03937043
2018-03-05,32.5048422,20.79257745,20.3641723,82.28346490000001
2018-03-06,29.71590255,22.784677199999997,14.55196773,83.85826806000001
2018-03-07,32.6907003,21.585144749999998,23.5059045,79.52755937
2018-03-08,33.7310784,17.8605057,25.862203649999998,66.92913409
2018-03-09,33.08484765,19.5182745,16.43700705,69.68503962000001
2018-03-10,33.5046306,21.95045205,23.19173128,76.77165384000001
2018-03-11,35.29378185,22.6949526,22.09212501,72.83464594000002
2018-03-12,35.5255704,22.997239049999997,21.77795179,73.62204752000001
2018-03-13,35.27882775,23.130757799999998,18.7933062,72.83464594000002
2018-03-14,35.5640238,23.646674249999997,18.63621959,77.95275621000002
2018-03-15,33.560174399999994,20.05982655,12.5098418,85.82677201000001
2018-03-16,33.5131758,19.1422857,23.977164329999997,79.92126016000002
2018-03-17,35.94535335,23.844282,20.835432129999997,76.37795305000002
2018-03-18,36.047895749999995,24.1155921,21.149605349999998,73.22834673000001
2018-03-19,34.91992935,23.937211050000002,16.75118027,78.74015779000001
2018-03-20,31.6716852,21.8468415,10.62480248,87.00787438000002
2018-03-21,30.0780054,21.1845885,18.95039281,81.88976411000002
2018-03-22,31.718683799999997,19.4627307,16.59409366,76.77165384000001
2018-03-23,30.70500945,23.22155055,17.69369993,82.67716569000001
2018-03-24,33.9511173,21.126908399999998,15.96574722,79.92126016000002
2018-03-25,25.53089085,17.7472818,7.325983669999999,90.94488228000002
2018-03-26,27.417243749999997,12.5069379,21.62086518,77.95275621000002
2018-03-27,25.051291499999998,19.7489949,4.498424689999999,91.73228386000001
2018-03-28,29.357004149999998,20.8214175,12.03858197,88.97637833000002
2018-03-29,30.254250149999997,21.2828583,14.86614095,86.61417359000001
2018-03-30,30.4134045,21.5456232,14.55196773,86.61417359000001
2018-03-31,27.78682365,20.87589315,9.3681096,90.15748070000001
2018-04-01,28.48112115,20.635559399999998,12.66692841,88.58267754
2018-04-02,28.19485695,19.0846056,19.26456603,84.25196885000001
2018-04-03,28.533460499999997,17.60308155,21.77795179,78.74015779000001
2018-04-04,29.5140222,16.81051425,21.46377857,75.59055147000001
2018-04-05,30.71141835,16.85964915,21.77795179,72.44094515
2018-04-06,31.33094535,15.88122375,22.09212501,68.11023646000001
2018-04-07,32.15342085,17.85089235,21.9350384,64.96063014
2018-04-08,32.485615499999994,18.6701634,21.30669196,63.385826980000004
2018-04-09,31.637504399999997,18.61782405,21.149605349999998,66.14173251000001
2018-04-10,32.6372928,19.2619185,20.04999908,70.07874041000001
2018-04-11,32.78362935,20.9047332,20.3641723,70.07874041000001
2018-04-12,32.7846975,19.93592115,19.26456603,66.14173251000001
2018-04-13,32.81140125,18.952155,17.53661332,67.71653567000001
2018-04-14,31.48262265,20.6846943,18.16495976,72.44094515
2018-04-15,28.79088465,19.3644609,15.023227559999999,80.31496095000001
2018-04-16,28.06454265,18.29310645,17.2224401,78.34645700000002
2018-04-17,29.20319055,17.91711765,20.3641723,72.04724436000001
2018-04-18,29.9370096,18.31874205,20.04999908,70.86614199000002
2018-04-19,31.1653821,18.41273925,19.10747942,71.25984278000001
2018-04-20,29.166873449999997,20.64517275,10.78188909,76.37795305000002
2018-04-21,32.014561349999994,19.460594399999998,17.06535349,75.98425226
2018-04-22,31.429215149999997,19.9327167,18.63621959,72.44094515
2018-04-23,31.5007812,18.873111899999998,18.16495976,70.86614199000002
2018-04-24,31.335217949999997,19.06217445,18.32204637,69.68503962000001
2018-04-25,31.218789599999997,19.38261945,18.32204637,69.68503962000001
2018-04-26,31.55952945,18.5868477,18.32204637,68.11023646000001
2018-04-27,31.722956399999998,18.51100905,16.90826688,69.29133883000002
2018-04-28,32.34568785,20.5671978,17.06535349,70.86614199000002
2018-04-29,32.65972395,19.87824105,17.69369993,70.07874041000001
2018-04-30,33.04318979999999,20.414452349999998,17.850786539999998,68.11023646000001
2018-05-01,32.606316449999994,19.53216045,16.90826688,67.32283488000002
2018-05-02,32.72594925,19.7917209,17.37952671,65.35433093000002
2018-05-03,31.95474495,19.1123775,17.2224401,64.17322856000001
2018-05-04,32.4236628,18.6488004,17.37952671,61.81102382
2018-05-05,28.263218549999998,19.5631368,8.42558994,66.92913409
2018-05-06,29.0312184,20.8000545,8.73976316,76.37795305000002
2018-05-07,30.2275464,19.008766950000002,16.75118027,72.83464594000002
2018-05-08,29.38050345,19.06858335,16.75118027,70.4724412
2018-05-09,29.731924799999998,19.2683274,15.180314169999999,71.25984278000001
2018-05-10,31.06604415,18.56228025,15.808660609999999,68.50393725
2018-05-11,24.3441762,17.7857352,5.44094435,83.46456727000002
2018-05-12,24.3078591,14.8269597,14.55196773,80.70866174000001
2018-05-13,26.184598649999998,11.21981715,17.69369993,75.19685068000001
2018-05-14,28.350806849999998,14.3826093,16.279920439999998,76.37795305000002
2018-05-15,30.3471792,19.22880585,12.03858197,77.55905542
2018-05-16,24.45419565,17.44499535,9.3681096,88.18897675000001
2018-05-17,27.388403699999998,16.1172849,14.86614095,84.25196885000001
2018-05-18,29.18182755,18.5633484,13.45236146,81.88976411000002
2018-05-19,23.034624299999997,12.5048016,10.15354265,83.46456727000002
2018-05-20,18.56868915,7.72055775,13.76653468,79.13385858000001
2018-05-21,21.1717707,6.098037900000001,16.59409366,75.19685068000001
2018-05-22,21.0179571,7.958755200000001,15.808660609999999,78.74015779000001
2018-05-23,23.0004435,6.917308950000001,16.59409366,75.59055147000001
2018-05-24,23.122212599999997,12.7761117,10.31062926,76.77165384000001
2018-05-25,25.55652645,14.0536191,12.5098418,79.13385858000001
2018-05-26,27.5486262,15.59282325,14.394881119999999,75.59055147000001
2018-05-27,27.35315475,17.79748485,13.29527485,73.62204752000001
2018-05-28,27.691758299999996,16.2240999,15.651574,70.86614199000002
2018-05-29,28.2194244,13.7737638,15.49448739,62.20472461000001
2018-05-30,27.379858499999997,14.829096,13.13818824,66.92913409
2018-05-31,27.04766385,16.627860599999998,9.83936943,72.44094515
2018-06-01,22.2249666,16.94296485,5.283857739999999,88.18897675000001
2018-06-02,17.70776025,13.8784425,2.92755859,95.27559097000001
2018-06-03,17.435382,11.4195612,9.05393638,85.43307122000002
2018-06-04,16.345869,13.2995052,1.8279523199999996,90.55118149000002
2018-06-05,14.87075385,12.17474325,2.14212554,95.27559097000001
2018-06-06,16.88314845,9.70731675,9.3681096,86.61417359000001
2018-06-07,17.60949045,10.7829438,10.46771587,81.10236253000001
2018-06-08,20.3492952,4.3633623,15.33740078,71.25984278000001
2018-06-09,23.613561599999997,10.0630107,10.15354265,74.40944910000002
2018-06-10,26.509316249999998,17.10745995,6.2263774,75.59055147000001
2018-06-11,26.37686565,21.878886,3.3988184199999996,77.95275621000002
2018-06-12,27.6597138,17.8135071,6.540550619999999,81.49606332000002
2018-06-13,17.8135071,10.226437650000001,12.03858197,79.13385858000001
2018-06-14,12.5966625,6.456936300000001,4.027164859999999,82.28346490000001
2018-06-15,15.3353991,8.6594616,7.640156889999999,82.67716569000001
2018-06-16,18.5206224,8.12431845,12.98110163,79.13385858000001
2018-06-17,21.86713635,7.105303350000001,12.35275519,75.59055147000001
2018-06-18,24.03975345,10.9666656,12.35275519,78.74015779000001
2018-06-19,24.0643209,12.08288235,15.023227559999999,78.74015779000001
2018-06-20,26.879964299999997,13.32193635,13.60944807,76.37795305000002
2018-06-21,27.5678529,16.2689622,12.19566858,76.77165384000001
2018-06-22,28.41062325,14.1689793,14.0807079,73.62204752000001
2018-06-23,29.676381,14.9060028,14.23779451,66.92913409
2018-06-24,25.559730899999998,16.96860045,8.11141672,77.55905542
2018-06-25,22.9342182,16.56911235,4.498424689999999,90.94488228000002
2018-06-26,20.243548349999998,15.37919325,4.34133808,94.0944886
2018-06-27,26.588359349999998,16.5872709,10.15354265,88.18897675000001
2018-06-28,23.380704899999998,17.9331399,6.540550619999999,87.00787438000002
2018-06-29,28.9521753,17.23563795,13.13818824,75.98425226
2018-06-30,27.571057349999997,16.25293995,13.29527485,77.95275621000002
2018-07-01,29.41895685,17.4054738,13.76653468,74.01574831
2018-07-02,29.279029199999997,15.9720165,12.82401502,69.29133883000002
2018-07-03,26.80839825,16.56056715,10.31062926,81.10236253000001
2018-07-04,26.85966945,15.772272449999999,12.66692841,83.85826806000001
2018-07-05,29.362344899999997,16.4035491,13.92362129,75.19685068000001
2018-07-06,29.0824896,17.43645015,11.41023553,68.50393725
2018-07-07,29.190372749999998,16.9205337,12.03858197,63.77952777000001
2018-07-08,23.14464375,12.66822855,3.8700782499999997,86.22047280000001
2018-07-09,14.3996997,10.54901895,4.9696845199999995,84.64566964000001
2018-07-10,17.4311094,6.008313300000001,13.29527485,76.37795305000002
2018-07-11,20.28413805,6.847879200000001,13.76653468,74.01574831
2018-07-12,21.70477755,6.217670700000001,13.60944807,66.14173251000001
2018-07-13,26.0318532,13.7011296,13.76653468,59.05511829
2018-07-14,29.76503745,14.700918,15.33740078,62.5984254
2018-07-15,32.0006754,15.6814797,15.180314169999999,58.661417500000006
2018-07-16,31.5926421,18.24183525,13.13818824,59.05511829
2018-07-17,31.70052525,18.4522608,15.180314169999999,58.661417500000006
2018-07-18,31.304241599999997,15.31937685,15.808660609999999,56.29921276
2018-07-19,32.199351300000004,16.75497045,15.808660609999999,54.330708810000004
2018-07-20,30.3108621,12.7034775,11.56732214,66.14173251000001
2018-07-21,17.4652902,7.9555507500000004,14.70905434,79.13385858000001
2018-07-22,27.56892105,5.215746000000001,13.45236146,69.68503962000001
2018-07-23,30.1933656,16.9974405,14.86614095,68.11023646000001
2018-07-24,24.330290249999997,15.06302085,9.52519621,81.88976411000002
2018-07-25,26.21450685,14.0108931,13.45236146,79.13385858000001
2018-07-26,21.293539799999998,14.88357165,7.01181045,87.40157517000002
2018-07-27,27.62446485,14.29608915,12.35275519,83.07086648
2018-07-28,30.01071195,17.15018595,12.66692841,61.417323030000006
2018-07-29,22.922468549999998,11.35226775,14.55196773,67.32283488000002
2018-07-30,24.1818174,8.07518355,14.0807079,66.53543330000001
2018-07-31,22.913923349999997,8.509920600000001,17.53661332,67.71653567000001
2018-08-01,24.49478535,5.597075550000001,15.33740078,65.74803172000001
2018-08-02,23.2162098,12.9512883,9.99645604,72.44094515
2018-08-03,19.20744285,16.38325425,1.35669249,92.51968544000002
2018-08-04,20.26277505,16.46870625,4.6555113,94.0944886
2018-08-05,18.76095615,10.4966796,8.11141672,80.70866174000001
2018-08-06,24.0707298,8.04313905,17.37952671,66.14173251000001
2018-08-07,22.96519455,10.0566018,12.82401502,77.95275621000002
2018-08-08,20.5501074,15.51591645,3.7129916399999994,87.79527596000001
2018-08-09,17.61589935,8.18199855,12.66692841,79.13385858000001
2018-08-10,18.1382247,8.0612976,18.63621959,74.40944910000002
2018-08-11,22.639408799999998,5.290516500000001,18.32204637,68.50393725
2018-08-12,27.3371325,7.689581400000001,19.73582586,62.20472461000001
2018-08-13,27.838094849999997,12.396918450000001,19.73582586,58.661417500000006
2018-08-14,28.350806849999998,11.50821765,18.7933062,61.417323030000006
2018-08-15,24.66996195,15.0234993,9.21102299,75.98425226
2018-08-16,26.10555555,13.3657305,17.37952671,76.77165384000001
2018-08-17,26.634289799999998,13.50138555,19.10747942,70.07874041000001
2018-08-18,28.5911406,13.6156776,19.421652639999998,67.32283488000002
2018-08-19,30.907957949999997,15.48173565,15.651574,64.17322856000001
2018-08-20,23.10191775,10.5479508,3.2417318099999997,87.40157517000002
2018-08-21,13.87523805,9.230921850000001,3.7129916399999994,96.06299255000002
2018-08-22,14.8120056,9.58341135,5.598030959999999,93.30708702000001
2018-08-23,26.442022799999997,11.980339950000001,15.96574722,85.82677201000001
2018-08-24,29.79067305,18.4757601,11.41023553,73.62204752000001
2018-08-25,19.4477766,8.7342321,21.30669196,62.5984254
2018-08-26,21.177111449999998,4.31956815,21.9350384,51.574803280000005
2018-08-27,25.84492695,6.6214314000000005,21.62086518,47.63779538
2018-08-28,29.866511699999997,12.030543,19.73582586,59.44881908
2018-08-29,32.95987409999999,18.58791585,20.67834552,58.661417500000006
2018-08-30,34.55141759999999,18.19056405,20.67834552,49.606299330000006
2018-08-31,29.13482895,18.88058895,8.73976316,62.99212619
2018-09-01,22.1202879,16.94082855,2.4562987599999997,91.73228386000001
2018-09-02,17.9245947,11.640668250000001,2.14212554,94.88189018000001
2018-09-03,16.65670065,11.49112725,7.95433011,94.0944886
2018-09-04,22.551820499999998,14.3398833,21.62086518,75.59055147000001
2018-09-05,25.395235800000002,9.1550832,23.34881789,65.35433093000002
2018-09-06,27.03698235,10.8192609,23.66299111,58.661417500000006
2018-09-07,30.2724087,11.313814350000001,23.19173128,53.93700802
2018-09-08,32.261303999999996,12.48877935,23.03464467,50.39370091
2018-09-09,32.63836095,12.80495175,22.720471449999998,49.606299330000006
2018-09-10,32.393754599999994,14.71266765,21.77795179,53.14960644000001
2018-09-11,31.21131255,15.6878886,21.9350384,59.842519870000004
2018-09-12,30.982728449999996,17.06473395,21.149605349999998,59.44881908
2018-09-13,24.4445823,17.4930621,3.8700782499999997,74.80314989000001
2018-09-14,25.796860199999998,16.4697744,13.45236146,84.25196885000001
2018-09-15,28.3903284,14.71694025,19.89291247,76.77165384000001
2018-09-16,23.89448505,16.22944065,5.598030959999999,83.07086648
2018-09-17,26.742172949999997,18.21192705,12.35275519,87.79527596000001
2018-09-18,28.91051745,13.021786200000001,22.406298229999997,75.59055147000001
2018-09-19,28.95537975,18.1125891,11.88149536,77.95275621000002
2018-09-20,23.53772295,16.9525782,8.42558994,83.46456727000002
2018-09-21,31.010500349999997,15.97949355,21.77795179,77.55905542
2018-09-22,34.7287305,19.85901435,23.34881789,68.89763804
2018-09-23,36.79560075,21.85218225,23.5059045,61.02362224
2018-09-24,36.73578435,20.27986545,15.180314169999999,65.35433093000002
2018-09-25,27.96840915,19.51293375,9.3681096,79.52755937
2018-09-26,26.43240945,20.68789875,5.7551175699999995,83.46456727000002
2018-09-27,23.91157545,18.6979353,6.69763723,86.61417359000001
2018-09-28,30.887663099999997,16.73360745,20.3641723,78.34645700000002
2018-09-29,30.916503149999997,20.853462,17.37952671,73.22834673000001
2018-09-30,26.0574888,20.206163099999998,7.483070279999999,83.46456727000002
2018-10-01,32.0882637,19.96796565,19.421652639999998,80.70866174000001
2018-10-02,28.9884924,20.868416099999997,9.68228282,83.46456727000002
2018-10-03,26.555246699999998,20.74557885,11.41023553,88.18897675000001
2018-10-04,29.483045849999996,19.52788785,19.73582586,79.13385858000001
2018-10-05,29.2384395,17.0230761,21.149605349999998,58.661417500000006
2018-10-06,26.1194415,18.01325115,12.82401502,74.40944910000002
2018-10-07,27.6191241,18.82504515,10.62480248,83.46456727000002
2018-10-08,25.86842625,20.38240785,7.168897059999999,90.94488228000002
2018-10-09,24.66996195,20.1954816,4.027164859999999,90.15748070000001
2018-10-10,25.1645154,19.6122717,7.95433011,87.79527596000001
2018-10-11,26.4569769,19.243759949999998,10.9389757,84.64566964000001
2018-10-12,31.78170465,19.4071869,22.406298229999997,74.40944910000002
2018-10-13,28.5569598,21.81372885,11.88149536,82.67716569000001
2018-10-14,29.096375549999998,19.73938155,14.55196773,87.00787438000002
2018-10-15,25.851335849999998,18.9970173,13.45236146,84.25196885000001
2018-10-16,29.9092377,18.6808449,19.421652639999998,79.92126016000002
2018-10-17,26.38327455,21.344811,5.598030959999999,87.00787438000002
2018-10-18,26.1002148,19.4306862,5.91220418,89.76377991000001
2018-10-19,27.355291049999998,17.4481998,16.90826688,83.07086648
2018-10-20,30.024597899999996,19.339893449999998,26.49055009,72.44094515
2018-10-21,29.8515576,17.502675449999998,28.2185028,63.385826980000004
2018-10-22,31.383284699999997,17.19291195,26.17637687,63.385826980000004
2018-10-23,30.054506099999998,20.47854135,9.21102299,73.22834673000001
2018-10-24,23.6669691,20.2510254,5.283857739999999,92.12598465
2018-10-25,24.39972,19.8472647,6.69763723,92.12598465
2018-10-26,25.04381445,20.9752311,5.7551175699999995,93.70078781000001
2018-10-27,24.728710200000002,18.0271371,20.52125891,81.49606332000002
2018-10-28,29.2405758,13.1798724,29.63228229,66.14173251000001
2018-10-29,30.65587455,15.41551035,28.53267602,62.5984254
2018-10-30,33.8229393,19.327075649999998,24.76259738,66.14173251000001
2018-10-31,28.9222671,18.22474485,7.7972434999999995,78.74015779000001
2018-11-01,23.7780567,18.8367948,6.540550619999999,88.58267754
2018-11-02,30.453994199999997,18.54518985,22.406298229999997,81.10236253000001
2018-11-03,31.55098425,20.122847399999998,16.279920439999998,77.55905542
2018-11-04,30.277749449999998,18.02820525,23.82007772,77.55905542
2018-11-05,30.92718465,20.10682515,28.37558941,72.44094515
2018-11-06,31.2743334,19.21598805,26.17637687,68.11023646000001
2018-11-07,32.11924005,21.11088615,28.53267602,63.77952777000001
2018-11-08,30.9432069,19.03653885,29.161022459999998,61.417323030000006
2018-11-09,30.91009425,17.80175745,25.23385721,62.99212619
2018-11-10,30.71355465,18.69686715,22.87755806,70.4724412
2018-11-11,33.9148002,19.36980165,27.590156359999998,70.07874041000001
2018-11-12,35.36855235,20.8363716,26.96180992,62.5984254
2018-11-13,36.37474965,21.63855225,23.19173128,62.20472461000001
2018-11-14,29.109193349999998,21.8468415,7.483070279999999,82.67716569000001
2018-11-15,30.194433749999998,21.27751755,20.67834552,81.10236253000001
2018-11-16,33.00794085,20.9111421,22.720471449999998,75.59055147000001
2018-11-17,32.548636349999995,22.5774561,28.2185028,70.86614199000002
2018-11-18,28.30167195,18.2920383,7.483070279999999,85.03937043
2018-11-19,30.166661849999997,16.81692315,28.689762629999997,77.55905542
2018-11-20,29.7682419,18.74172945,29.47519568,70.07874041000001
2018-11-21,29.92312365,18.91049715,30.731888559999998,66.53543330000001
2018-11-22,32.215373549999995,19.2960993,27.590156359999998,68.89763804
2018-11-23,28.0805649,22.297600799999998,12.35275519,80.31496095000001
2018-11-24,26.726150699999998,20.63876385,18.95039281,82.28346490000001
2018-11-25,31.0393404,17.30613585,29.003935849999998,73.22834673000001
2018-11-26,31.900269299999998,19.84192395,28.06141619,68.50393725
2018-11-27,31.9494042,21.494352,28.53267602,68.11023646000001
2018-11-28,30.758416949999997,22.4749137,15.33740078,74.01574831
2018-11-29,29.65608615,21.31383465,19.89291247,83.85826806000001
2018-11-30,30.774439199999996,21.75818505,16.75118027,85.82677201000001
2018-12-01,29.6721084,20.17518675,29.161022459999998,78.34645700000002
2018-12-02,27.517649849999998,17.23991055,27.74724297,70.07874041000001
2018-12-03,29.912442149999997,15.0384534,30.103542119999997,64.96063014
2018-12-04,29.9263281,14.4189264,31.20314839,56.69291355
2018-12-05,31.8383166,15.4358052,31.20314839,57.48031513
2018-12-06,33.27497835,17.59026375,30.731888559999998,53.93700802
2018-12-07,29.34418635,17.248455749999998,28.2185028,55.118110390000005
2018-12-08,30.26493165,13.9168959,32.14566805,53.93700802
2018-12-09,31.03827225,15.8652015,31.51732161,56.29921276
2018-12-10,36.110916599999996,17.69494245,30.731888559999998,53.54330723
2018-12-11,36.78705555,21.49542015,29.47519568,51.574803280000005
2018-12-12,36.811623,21.48473865,23.03464467,58.26771671
2018-12-13,34.11881685,21.51891945,22.563384839999998,72.04724436000001
2018-12-14,36.4783602,23.12755335,29.63228229,61.81102382
2018-12-15,34.6133703,23.0645325,17.69369993,70.4724412
2018-12-16,35.0662659,22.0690167,26.17637687,74.40944910000002
2018-12-17,36.981458849999996,23.4618843,25.0767706,71.65354357000001
2018-12-18,36.74219325,22.81138095,22.09212501,71.65354357000001
2018-12-19,34.8077736,22.45248255,19.89291247,75.59055147000001
2018-12-20,36.26152575,21.76886655,22.406298229999997,74.01574831
2018-12-21,35.038494,22.6735896,20.835432129999997,77.55905542
2018-12-22,31.254038549999997,21.80731995,13.13818824,83.07086648
2018-12-23,30.86950455,22.36703055,14.0807079,87.00787438000002
2018-12-24,33.439473449999994,22.0775619,20.04999908,82.28346490000001
2018-12-25,32.4898881,21.643893,20.52125891,79.13385858000001
2018-12-26,32.645838,22.23885255,20.20708569,79.52755937
2018-12-27,33.291000600000004,20.86093905,23.19173128,77.95275621000002
2018-12-28,35.263873649999994,21.71973165,23.5059045,77.55905542
2018-12-29,34.772524649999994,23.1692112,22.09212501,81.10236253000001
2018-12-30,34.12736205,23.20873275,22.87755806,81.49606332000002
2018-12-31,36.205981949999995,23.5003377,27.118896529999997,77.55905542
2019-01-01,36.789191849999995,24.0450942,28.06141619,72.44094515
2019-01-02,34.6368696,24.6817116,22.563384839999998,75.98425226
2019-01-03,35.76590415,24.21706635,26.80472331,72.04724436000001
2019-01-04,36.743261399999994,23.7631026,23.977164329999997,75.59055147000001
2019-01-05,31.58302875,23.12755335,16.75118027,83.46456727000002
2019-01-06,31.843657349999997,23.3443878,18.16495976,82.28346490000001
2019-01-07,32.15982975,20.6056512,12.98110163,84.64566964000001
2019-01-08,31.47194115,21.7314813,17.850786539999998,85.82677201000001
2019-01-09,34.310015699999994,23.764170749999998,22.563384839999998,76.77165384000001
2019-01-10,34.4317848,22.092516,19.578739249999998,75.19685068000001
2019-01-11,34.70950379999999,21.1375899,25.0767706,76.77165384000001
2019-01-12,34.643278499999994,22.3232364,23.19173128,75.59055147000001
2019-01-13,33.85818825,22.45248255,21.77795179,77.95275621000002
2019-01-14,35.97098895,23.20659645,23.19173128,74.80314989000001
2019-01-15,36.12907515,22.08717525,25.39094382,75.19685068000001
2019-01-16,36.6214923,22.74942825,28.846849239999997,70.07874041000001
2019-01-17,37.19936145,23.7866019,23.5059045,66.92913409
2019-01-18,33.2311842,22.776132,18.95039281,75.59055147000001
2019-01-19,30.95709285,22.68533925,20.04999908,83.46456727000002
2019-01-20,30.68578275,20.22645795,20.835432129999997,77.16535463000001
2019-01-21,34.864385549999994,21.06602385,22.24921162,74.40944910000002
2019-01-22,37.909681199999994,23.36254635,28.37558941,68.50393725
2019-01-23,38.868879899999996,24.5150802,25.705117039999998,66.14173251000001
2019-01-24,33.3209088,23.58685785,15.808660609999999,74.40944910000002
2019-01-25,37.03486635,22.61697765,26.96180992,73.22834673000001
2019-01-26,35.33650785,23.312343300000002,25.0767706,72.04724436000001
2019-01-27,34.40935365,22.88615145,25.705117039999998,70.4724412
2019-01-28,34.36876395,22.0647441,24.134250939999998,70.07874041000001
2019-01-29,36.97504995,22.510162649999998,28.2185028,66.53543330000001
2019-01-30,37.4290137,23.076282149999997,27.90432958,64.17322856000001
2019-01-31,37.6533252,22.4172336,24.76259738,64.96063014
2019-02-01,37.69498305,22.9448997,27.433069749999998,62.99212619
2019-02-02,38.221581,22.20039915,19.89291247,67.71653567000001
2019-02-03,31.39503435,21.705845699999998,16.90826688,80.31496095000001
2019-02-04,30.87164085,21.0329112,20.3641723,83.07086648
2019-02-05,29.82699015,21.04252455,20.20708569,81.10236253000001
2019-02-06,33.5815374,19.80774315,27.275983139999997,71.65354357000001
2019-02-07,34.6667778,20.5458348,27.275983139999997,69.29133883000002
2019-02-08,35.7477456,22.0754256,24.291337549999998,68.11023646000001
2019-02-09,37.4375589,22.25807925,26.96180992,64.56692935000001
2019-02-10,30.904753499999998,23.011125,8.26850333,77.16535463000001
2019-02-11,36.1536426,23.0858955,25.0767706,77.55905542
2019-02-12,30.6718968,21.2123604,9.83936943,85.82677201000001
2019-02-13,31.5242805,19.54497825,21.9350384,80.31496095000001
2019-02-14,30.732781349999996,21.8617956,17.53661332,76.37795305000002
2019-02-15,29.87612505,23.260003949999998,18.007873149999998,81.88976411000002
2019-02-16,30.63451155,19.3516431,21.149605349999998,78.34645700000002
2019-02-17,30.690055349999998,19.0141077,19.26456603,81.10236253000001
2019-02-18,30.03634755,19.82483355,18.47913298,83.85826806000001
2019-02-19,30.51487875,19.11130935,18.95039281,83.46456727000002
2019-02-20,33.52065285,19.51720635,25.39094382,77.16535463000001
2019-02-21,33.84109785,20.22218535,26.17637687,72.44094515
2019-02-22,35.1816261,21.506101649999998,26.33346348,70.07874041000001
2019-02-23,35.33437155,22.64047695,22.24921162,71.25984278000001
2019-02-24,36.3971808,23.3977953,26.17637687,66.14173251000001
2019-02-25,34.35808245,20.13673335,15.651574,74.01574831
2019-02-26,25.334351249999997,18.5419854,10.15354265,87.79527596000001
2019-02-27,29.4606147,19.6208169,20.52125891,80.31496095000001
2019-02-28,31.404647699999998,18.653073,26.80472331,69.68503962000001
2019-03-01,32.88617175,16.303143,28.2185028,59.44881908
2019-03-02,34.21281405,16.324506,27.590156359999998,57.086614340000004
2019-03-03,34.49907825,19.248032549999998,27.590156359999998,52.362204860000006
2019-03-04,34.1882466,20.8555983,24.91968399,63.77952777000001
2019-03-05,34.3463328,22.09999305,23.82007772,71.25984278000001
2019-03-06,34.08036345,22.46316405,18.16495976,75.98425226
2019-03-07,31.012636649999997,21.61505295,14.394881119999999,86.22047280000001
2019-03-08,33.289932449999995,21.1204995,20.835432129999997,81.49606332000002
2019-03-09,28.94683455,21.2038152,15.651574,85.43307122000002
2019-03-10,30.5843085,20.7637374,19.89291247,81.88976411000002
2019-03-11,30.46147125,21.579804,12.66692841,82.28346490000001
2019-03-12,28.2471963,22.16621835,9.21102299,85.43307122000002
2019-03-13,26.4270687,22.00385955,8.58267655,90.94488228000002
2019-03-14,27.0743676,21.31810725,8.11141672,91.73228386000001
2019-03-15,29.100648149999998,21.4281267,12.82401502,87.40157517000002
2019-03-16,27.616987799999997,22.172627249999998,8.26850333,90.55118149000002
2019-03-17,25.1623791,22.3189638,5.283857739999999,92.51968544000002
2019-03-18,28.61143545,21.78382065,10.15354265,90.94488228000002
2019-03-19,28.60289025,20.5372896,12.82401502,89.76377991000001
2019-03-20,24.60160035,21.237996,4.812597909999999,91.33858307000001
2019-03-21,28.864587,17.5891956,20.20708569,82.67716569000001
2019-03-22,29.217076499999997,18.53237205,20.835432129999997,78.34645700000002
2019-03-23,30.8556186,19.4242773,23.03464467,76.37795305000002
2019-03-24,31.919496,19.2640548,21.77795179,73.22834673000001
2019-03-25,31.527484949999998,19.631498399999998,22.406298229999997,73.62204752000001
2019-03-26,31.266856349999998,17.53044735,23.66299111,68.50393725
2019-03-27,31.0030233,15.55223355,23.03464467,64.17322856000001
2019-03-28,31.855407,19.86969585,22.406298229999997,73.62204752000001
2019-03-29,31.260447449999997,20.42727015,23.03464467,70.4724412
2019-03-30,31.54030275,19.71801855,23.19173128,70.4724412
2019-03-31,30.232887149999996,19.97864715,14.23779451,73.62204752000001
2019-04-01,30.1741389,21.2273145,13.60944807,75.19685068000001
2019-04-02,26.79130785,21.2337234,6.69763723,83.46456727000002
2019-04-03,29.4990681,20.42086125,11.88149536,85.82677201000001
2019-04-04,31.808408399999998,22.3552809,15.651574,82.67716569000001
2019-04-05,25.3161927,19.6250895,6.2263774,89.76377991000001
2019-04-06,22.637272499999998,17.84234715,5.91220418,91.73228386000001
2019-04-07,24.917772749999997,18.756683549999998,10.31062926,87.79527596000001
2019-04-08,27.7729377,17.1555267,18.95039281,82.28346490000001
2019-04-09,29.61976905,16.48793295,20.20708569,80.31496095000001
2019-04-10,28.93188045,18.36574065,20.67834552,77.16535463000001
2019-04-11,30.4646757,18.69045825,20.04999908,75.19685068000001
2019-04-12,30.97631955,18.588984,19.89291247,73.62204752000001
2019-04-13,31.0243863,19.1914206,17.37952671,73.22834673000001
2019-04-14,30.846005249999997,21.0606831,15.808660609999999,78.34645700000002
2019-04-15,31.262583749999997,21.1888611,18.16495976,78.34645700000002
2019-04-16,31.113042749999998,20.664399449999998,16.279920439999998,79.13385858000001
2019-04-17,28.736409,17.76330405,17.37952671,81.49606332000002
2019-04-18,30.0908232,14.64216975,19.89291247,74.01574831
2019-04-19,32.318984099999994,17.72057805,19.10747942,68.89763804
2019-04-20,31.406784,20.575743,10.9389757,75.59055147000001
2019-04-21,24.321745049999997,20.043804299999998,3.0846451999999998,88.18897675000001
2019-04-22,28.684069649999998,19.51079745,13.13818824,87.40157517000002
2019-04-23,30.26065905,19.9626249,15.49448739,83.85826806000001
2019-04-24,31.3491039,21.15574845,18.32204637,78.34645700000002
2019-04-25,31.57661985,20.22432165,14.70905434,79.13385858000001
2019-04-26,29.45954655,21.85218225,8.26850333,85.82677201000001
2019-04-27,29.06433105,20.7872367,8.42558994,90.15748070000001
2019-04-28,25.3995084,20.0673036,10.62480248,90.94488228000002
2019-04-29,26.53922445,14.78530185,14.23779451,85.43307122000002
2019-04-30,27.3328599,16.3843224,12.03858197,84.25196885000001
2019-05-01,25.7114082,20.468928,7.7972434999999995,92.12598465
2019-05-02,28.233310349999996,21.09593205,12.19566858,87.00787438000002
2019-05-03,29.1444423,20.8256901,10.62480248,86.61417359000001
2019-05-04,29.758628549999997,21.0735009,12.35275519,82.67716569000001
2019-05-05,31.95047235,21.68768715,14.86614095,79.13385858000001
2019-05-06,29.20746315,21.15361215,8.58267655,83.46456727000002
2019-05-07,29.837671649999997,19.1059686,14.70905434,82.28346490000001
2019-05-08,30.4967202,20.3749308,14.55196773,83.07086648
2019-05-09,25.9100841,20.0715762,7.640156889999999,83.07086648
2019-05-10,29.57277045,19.2726,11.09606231,82.28346490000001
2019-05-11,24.698802,19.6528614,2.29921215,91.33858307000001
2019-05-12,22.2164214,18.6701634,4.34133808,94.88189018000001
2019-05-13,20.86734795,14.94552435,7.01181045,94.0944886
2019-05-14,18.27174345,11.73893805,6.69763723,88.97637833000002
2019-05-15,24.48196755,12.07220085,15.023227559999999,83.85826806000001
2019-05-16,25.44116625,14.52467325,14.86614095,78.34645700000002
2019-05-17,26.30850405,16.10126265,15.180314169999999,76.77165384000001
2019-05-18,26.8607376,15.790431,16.12283383,76.77165384000001
2019-05-19,26.56913265,16.2881889,13.76653468,79.13385858000001
2019-05-20,28.075224149999997,16.8927618,14.86614095,74.80314989000001
2019-05-21,25.574685,17.13736815,9.3681096,78.34645700000002
2019-05-22,22.90110555,19.1081049,5.7551175699999995,87.79527596000001
2019-05-23,20.3065692,17.2815684,2.29921215,96.45669334000002
2019-05-24,18.13288395,13.4020476,7.640156889999999,90.55118149000002
2019-05-25,19.1807391,13.1926902,10.62480248,85.82677201000001
2019-05-26,24.859024499999997,11.8019589,15.651574,77.55905542
2019-05-27,28.11581385,17.04337095,11.41023553,72.83464594000002
2019-05-28,24.4317645,19.535364899999998,3.2417318099999997,86.22047280000001
2019-05-29,26.7816945,19.1358768,7.168897059999999,91.33858307000001
2019-05-30,29.9989623,20.69644395,7.640156889999999,88.18897675000001
2019-05-31,25.9933998,20.8470531,6.540550619999999,91.33858307000001
2019-06-01,22.99510275,17.94275325,4.498424689999999,94.88189018000001
2019-06-02,23.696877299999997,17.5122888,9.3681096,90.55118149000002
2019-06-03,20.8363716,15.63768555,6.540550619999999,91.73228386000001
2019-06-04,24.56955585,10.16234865,14.55196773,79.13385858000001
2019-06-05,23.055987299999998,11.86497975,15.49448739,69.68503962000001
2019-06-06,25.52234565,13.1820087,14.86614095,73.22834673000001
2019-06-07,27.62446485,13.11685155,14.86614095,70.07874041000001
2019-06-08,28.07736045,14.50117395,11.25314892,72.04724436000001
2019-06-09,28.26962745,17.8348701,12.5098418,66.53543330000001
2019-06-10,27.0444594,14.8910487,14.70905434,66.53543330000001
2019-06-11,28.263218549999998,15.71031975,13.76653468,73.22834673000001
2019-06-12,29.63685945,17.36808855,12.82401502,72.44094515
2019-06-13,30.258522749999997,17.4652902,14.23779451,68.11023646000001
2019-06-14,30.28202205,17.40654195,12.82401502,70.4724412
2019-06-15,30.341838449999997,18.37855845,11.72440875,69.68503962000001
2019-06-16,30.1356855,18.87418005,12.82401502,65.35433093000002
2019-06-17,29.291846999999997,18.0591816,14.23779451,65.35433093000002
2019-06-18,28.6595022,16.56270345,12.19566858,69.29133883000002
2019-06-19,25.96669605,17.78680335,8.26850333,73.62204752000001
2019-06-20,27.2068182,15.95172165,12.98110163,81.88976411000002
2019-06-21,29.346322649999998,17.01559905,14.0807079,75.98425226
2019-06-22,28.052793,17.004917550000002,12.82401502,75.98425226
2019-06-23,28.625321399999997,16.03290105,14.394881119999999,71.25984278000001
2019-06-24,29.035491,15.52446165,14.55196773,64.17322856000001
2019-06-25,29.4264339,15.93035865,12.66692841,60.629921450000005
2019-06-26,22.81778985,11.2913832,3.8700782499999997,91.33858307000001
2019-06-27,20.0908029,12.600935100000001,3.7129916399999994,94.0944886
2019-06-28,30.233955299999998,18.7556154,13.29527485,78.34645700000002
2019-06-29,31.631095499999997,20.020305,14.0807079,63.77952777000001
2019-06-30,30.8641638,17.9032317,11.56732214,65.74803172000001
2019-07-01,23.4362487,16.91732925,3.8700782499999997,88.18897675000001
2019-07-02,24.2352249,16.9525782,6.540550619999999,90.15748070000001
2019-07-03,20.84171235,14.636829,4.6555113,91.73228386000001
2019-07-04,22.90324185,9.66886335,12.82401502,70.86614199000002
2019-07-05,17.01346275,7.840190550000001,15.651574,53.14960644000001
2019-07-06,15.3695799,-0.6409204499999994,13.45236146,59.842519870000004
2019-07-07,19.9882605,1.2027064500000009,14.23779451,56.29921276
2019-07-08,22.6009554,5.847022650000001,14.70905434,54.330708810000004
2019-07-09,26.13546375,9.531072,14.55196773,56.69291355
2019-07-10,27.954523199999997,12.4278948,14.0807079,57.874015920000005
2019-07-11,29.4883866,13.0046958,14.0807079,61.81102382
2019-07-12,29.258734349999997,14.8675494,14.70905434,55.118110390000005
2019-07-13,28.758840149999997,16.0361055,9.05393638,55.905511970000006
2019-07-14,30.558672899999998,17.8391427,9.3681096,57.48031513
2019-07-15,21.964337999999998,17.50908435,1.9850389299999995,89.37007912000001
2019-07-16,20.8363716,9.50650455,15.49448739,75.59055147000001
2019-07-17,22.18971765,8.4821487,15.808660609999999,63.385826980000004
2019-07-18,21.76886655,11.6161008,7.325983669999999,67.71653567000001
2019-07-19,20.4390198,14.9679555,4.812597909999999,73.62204752000001
2019-07-20,28.732136399999998,15.7583865,14.0807079,67.71653567000001
2019-07-21,28.529187899999997,16.92801075,9.52519621,59.05511829
2019-07-22,30.758416949999997,17.88507315,14.23779451,54.7244096
2019-07-23,31.043612999999997,18.6509367,13.45236146,57.086614340000004
2019-07-24,25.10576715,15.67186635,7.95433011,76.37795305000002
2019-07-25,21.47832975,13.53343005,5.91220418,87.40157517000002
2019-07-26,15.83636145,12.05297415,4.9696845199999995,91.73228386000001
2019-07-27,17.9502303,9.15615135,9.68228282,89.37007912000001
2019-07-28,27.2431353,10.0480566,12.5098418,79.92126016000002
2019-07-29,29.69881215,14.94979695,15.651574,65.74803172000001
2019-07-30,28.333716449999997,16.43879805,14.86614095,65.35433093000002
2019-07-31,29.47663695,15.1452684,16.12283383,67.71653567000001
2019-08-01,31.5413709,15.7199331,15.023227559999999,56.69291355
2019-08-02,23.9575059,10.305480750000001,8.11141672,66.14173251000001
2019-08-03,18.4159437,3.7662664500000016,17.06535349,65.35433093000002
2019-08-04,22.15767315,5.0704776,15.96574722,55.905511970000006
2019-08-05,24.17006775,7.01344245,17.2224401,62.20472461000001
2019-08-06,28.2706956,14.2052964,17.06535349,63.77952777000001
2019-08-07,30.6975324,16.85537655,14.86614095,65.74803172000001
2019-08-08,32.548636349999995,19.0739241,15.808660609999999,62.5984254
2019-08-09,32.41404945,20.243548349999998,12.66692841,52.75590565
2019-08-10,24.334562849999998,12.37341915,6.2263774,82.67716569000001
2019-08-11,31.5200079,9.99358095,17.53661332,68.50393725
2019-08-12,34.1797014,17.1341637,15.180314169999999,53.14960644000001
2019-08-13,25.788314999999997,15.16342695,14.394881119999999,59.842519870000004
2019-08-14,23.376432299999998,4.36443045,17.06535349,54.330708810000004
2019-08-15,27.3819948,9.803450250000001,17.37952671,54.330708810000004
2019-08-16,30.5907174,16.815855,17.2224401,55.905511970000006
2019-08-17,32.5881579,14.72548545,16.90826688,44.88188985
2019-08-18,30.039552,19.4691396,9.3681096,53.14960644000001
2019-08-19,26.18673495,17.42790495,13.13818824,75.98425226
2019-08-20,27.438606749999998,13.53129375,16.43700705,67.32283488000002
2019-08-21,27.963068399999997,13.4020476,18.16495976,66.14173251000001
2019-08-22,28.71397785,13.2610518,16.90826688,62.20472461000001
2019-08-23,27.2559531,12.144835050000001,18.007873149999998,68.50393725
2019-08-24,28.958584199999997,11.4708324,18.7933062,60.23622066
2019-08-25,29.350595249999998,13.68297105,19.73582586,55.905511970000006
2019-08-26,26.80626195,13.77696825,14.0807079,58.26771671
2019-08-27,31.545643499999997,16.0788315,15.33740078,61.81102382
2019-08-28,32.68535955,15.811793999999999,19.10747942,59.44881908
2019-08-29,33.5751285,17.63085345,19.10747942,52.362204860000006
2019-08-30,35.69326995,17.9929563,19.26456603,44.88188985
2019-08-31,27.22497675,18.6146196,6.2263774,68.50393725
2019-09-01,21.30956205,15.4742586,4.498424689999999,91.33858307000001
2019-09-02,25.21471845,10.043784,16.75118027,77.16535463000001
2019-09-03,26.90239545,16.92373815,14.23779451,61.81102382
2019-09-04,27.89150235,14.8739583,14.55196773,52.362204860000006
2019-09-05,27.22711305,16.89810255,8.89684977,61.417323030000006
2019-09-06,28.73106825,17.24204685,13.76653468,67.32283488000002
2019-09-07,35.65054395,19.8664914,17.37952671,53.93700802
2019-09-08,38.242943999999994,21.13865805,18.007873149999998,38.18897642
2019-09-09,38.9799675,22.659703649999997,20.835432129999997,35.43307089
2019-09-10,37.07972865,22.14058275,13.29527485,41.33858274
2019-09-11,38.3027604,21.31383465,16.59409366,43.70078748
2019-09-12,29.1764868,16.33411935,5.44094435,79.52755937
2019-09-13,28.53025605,15.46464525,15.023227559999999,77.55905542
2019-09-14,34.80456915,18.90836085,17.2224401,63.385826980000004
2019-09-15,38.05815405,21.7314813,20.835432129999997,51.18110249
2019-09-16,39.417908999999995,21.64496115,18.47913298,35.82677168
2019-09-17,33.9340269,21.7699347,14.70905434,50.00000012
2019-09-18,25.1837421,18.588984,9.21102299,80.31496095000001
2019-09-19,31.54030275,17.1662082,9.52519621,79.13385858000001
2019-09-20,28.1574717,19.88464995,12.03858197,82.28346490000001
2019-09-21,31.74325125,16.3415964,22.24921162,68.11023646000001
2019-09-22,30.96777435,13.54197525,24.76259738,51.18110249
2019-09-23,30.273476849999998,14.94125175,24.291337549999998,51.96850407
2019-09-24,30.653738249999996,16.0083336,18.16495976,57.48031513
2019-09-25,26.52213405,19.43816325,9.05393638,73.22834673000001
2019-09-26,30.4604031,16.26575775,21.77795179,68.11023646000001
2019-09-27,33.2311842,14.9423199,25.23385721,49.606299330000006
2019-09-28,32.6543832,17.9160495,24.44842416,47.63779538
2019-09-29,34.7415483,18.04956825,24.91968399,44.09448827
2019-09-30,36.87678015,17.862642,25.39094382,37.007874050000005
2019-10-01,38.76954195,20.86307535,24.60551077,33.464566940000005
2019-10-02,37.6725519,21.762457649999998,14.86614095,51.574803280000005
2019-10-03,32.2741218,21.29247165,13.13818824,77.95275621000002
2019-10-04,35.41341465,21.80518365,20.04999908,66.14173251000001
2019-10-05,27.9865677,19.67742885,7.01181045,77.16535463000001
2019-10-06,22.43539215,17.57103705,6.069290789999999,89.37007912000001
2019-10-07,29.9690541,17.96197995,19.421652639999998,76.77165384000001
2019-10-08,31.65993555,17.98975185,17.37952671,64.56692935000001
2019-10-09,34.66143705,17.1704808,26.6476367,50.39370091
2019-10-10,35.97098895,17.9801385,26.80472331,44.48818906
2019-10-11,37.860546299999996,20.13673335,24.91968399,43.70078748
2019-10-12,39.48733875,23.4319761,24.291337549999998,44.88188985
2019-10-13,39.28225395,23.10191775,20.67834552,44.48818906
2019-10-14,33.05066685,23.44372575,16.12283383,61.81102382
2019-10-15,31.46553225,23.145711900000002,12.66692841,70.4724412
2019-10-16,33.760986599999995,19.83765135,23.5059045,63.77952777000001
2019-10-17,35.226488399999994,23.47363395,15.651574,60.23622066
2019-10-18,35.65481655,21.62573445,13.13818824,68.89763804
2019-10-19,32.95453335,19.65820215,20.04999908,73.22834673000001
2019-10-20,32.97803265,22.60629615,11.41023553,71.65354357000001
2019-10-21,25.39416765,18.53878095,10.78188909,89.37007912000001
2019-10-22,27.25702125,14.729758050000001,23.977164329999997,72.44094515
2019-10-23,32.353164899999996,14.07818655,22.563384839999998,57.086614340000004
2019-10-24,34.9060434,17.81671155,27.74724297,48.818897750000005
2019-10-25,37.08827384999999,20.42940645,24.76259738,43.70078748
2019-10-26,38.0335866,21.89490825,23.03464467,44.09448827
2019-10-27,38.6744766,22.6137732,18.007873149999998,52.362204860000006
2019-10-28,32.98444155,21.04679715,18.63621959,66.53543330000001
2019-10-29,37.86802335,20.97629925,23.82007772,60.629921450000005
2019-10-30,40.26922455,24.9914751,20.20708569,50.00000012
2019-10-31,37.0872057,19.789584599999998,12.66692841,60.629921450000005
2019-11-01,32.2762581,20.5821519,14.394881119999999,69.29133883000002
2019-11-02,36.50720025,23.080554749999997,24.91968399,60.23622066
2019-11-03,35.6067498,24.38369775,13.45236146,63.385826980000004
2019-11-04,37.6170081,24.338835449999998,22.406298229999997,61.02362224
2019-11-05,32.473865849999996,22.77292755,11.25314892,64.17322856000001
2019-11-06,28.17776655,20.4304746,8.11141672,80.31496095000001
2019-11-07,28.99810575,21.76886655,17.2224401,82.28346490000001
2019-11-08,33.3914067,21.52319205,15.49448739,78.74015779000001
2019-11-09,33.97995735,22.19826285,19.421652639999998,72.04724436000001
2019-11-10,29.734061099999998,20.6569224,17.06535349,81.10236253000001
2019-11-11,33.778076999999996,21.22838265,26.49055009,73.62204752000001
2019-11-12,34.00559294999999,21.48046605,29.31810907,62.99212619
2019-11-13,29.9519637,22.089311549999998,12.5098418,68.89763804
2019-11-14,27.8733438,22.043381099999998,11.25314892,85.03937043
2019-11-15,31.91201895,19.4541855,21.62086518,66.92913409
2019-11-16,33.23011605,17.5827867,26.01929026,54.330708810000004
2019-11-17,34.6411422,18.73532055,23.5059045,51.18110249
2019-11-18,35.42623245,20.78830485,23.66299111,50.00000012
2019-11-19,35.6964744,21.0136845,29.003935849999998,47.63779538
2019-11-20,36.2198679,21.2828583,29.31810907,49.21259854
2019-11-21,36.17607375,22.26448815,28.2185028,48.818897750000005
2019-11-22,36.559539599999994,21.7272087,26.33346348,53.93700802
2019-11-23,35.08442445,22.497344849999998,26.33346348,61.02362224
2019-11-24,32.9812371,22.1971947,25.862203649999998,59.05511829
2019-11-25,33.8058489,20.1100296,28.689762629999997,57.48031513
2019-11-26,30.69860055,23.093372549999998,9.68228282,72.83464594000002
2019-11-27,25.73597565,21.3982185,7.7972434999999995,92.12598465
2019-11-28,31.433487749999998,20.460382799999998,19.421652639999998,79.92126016000002
2019-11-29,32.048742149999995,20.635559399999998,27.90432958,70.86614199000002
2019-11-30,34.6924134,21.72186795,26.33346348,68.11023646000001
2019-12-01,30.9111624,20.0459406,21.77795179,75.98425226
2019-12-02,33.374316300000004,20.4774732,22.720471449999998,67.71653567000001
2019-12-03,29.8344672,18.923314949999998,13.29527485,75.19685068000001
2019-12-04,27.3285873,21.3405384,12.03858197,90.15748070000001
2019-12-05,27.44501565,20.71994325,16.43700705,85.43307122000002
2019-12-06,29.100648149999998,16.1151486,31.674408219999997,64.96063014
2019-12-07,31.3619217,15.49241715,31.674408219999997,57.48031513
2019-12-08,27.6447597,20.29268325,10.46771587,70.4724412
2019-12-09,25.49884635,18.88486155,11.25314892,88.97637833000002
2019-12-10,31.428147,22.0049277,18.63621959,80.70866174000001
2019-12-11,29.5610208,20.76801,15.180314169999999,80.70866174000001
2019-12-12,30.31406655,20.31618255,18.32204637,83.85826806000001
2019-12-13,33.1072788,18.33796875,23.66299111,75.98425226
2019-12-14,30.725304299999998,22.7163156,24.134250939999998,78.74015779000001
2019-12-15,31.9365864,21.0713646,20.20708569,79.13385858000001
2019-12-16,24.68277975,20.14741485,6.69763723,93.30708702000001
2019-12-17,25.6580007,20.131392599999998,8.73976316,90.55118149000002
2019-12-18,30.7402584,18.70113975,20.3641723,80.31496095000001
2019-12-19,29.20959945,20.8342353,13.60944807,83.07086648
2019-12-20,31.856475149999998,21.55523655,14.86614095,85.82677201000001
2019-12-21,27.77614215,19.40184615,17.37952671,86.22047280000001
2019-12-22,28.59861765,18.9820632,28.846849239999997,75.59055147000001
2019-12-23,30.16773,16.48152405,31.20314839,64.17322856000001
2019-12-24,32.04233325,14.05468725,31.04606178,62.5984254
2019-12-25,34.30253865,20.4219294,28.2185028,68.11023646000001
2019-12-26,35.27882775,21.0094119,25.39094382,66.92913409
2019-12-27,35.094037799999995,21.4345356,25.39094382,66.14173251000001
2019-12-28,33.680875349999994,23.14037115,21.62086518,68.89763804
2019-12-29,35.31728115,20.9795037,28.846849239999997,67.71653567000001
2019-12-30,35.80115309999999,21.1055454,23.19173128,64.96063014
2019-12-31,35.4486636,22.40762025,23.03464467,70.86614199000002
2020-01-01,32.5133874,22.639408799999998,22.563384839999998,79.92126016000002
2020-01-02,31.55098425,22.93315005,17.69369993,82.67716569000001
2020-01-03,30.13888995,21.82441035,14.55196773,75.98425226
2020-01-04,31.54030275,20.7487833,24.60551077,74.01574831
2020-01-05,32.7975153,20.4539739,27.433069749999998,72.44094515
2020-01-06,34.3463328,21.4922157,25.862203649999998,72.83464594000002
2020-01-07,30.383496299999997,21.36724215,15.023227559999999,79.92126016000002
2020-01-08,32.9342385,21.95472465,24.44842416,74.80314989000001
2020-01-09,32.9983275,23.53985925,21.46377857,78.34645700000002
2020-01-10,34.131634649999995,24.104910599999997,22.87755806,80.31496095000001
2020-01-11,33.031440149999995,23.6028801,17.06535349,83.85826806000001
2020-01-12,33.7802133,23.10191775,22.563384839999998,83.85826806000001
2020-01-13,31.64498145,23.9318703,16.90826688,83.46456727000002
2020-01-14,31.8746337,23.501405849999998,17.2224401,86.22047280000001
2020-01-15,34.514032349999994,23.497133249999997,24.134250939999998,81.49606332000002
2020-01-16,33.818666699999994,22.9085826,16.12283383,84.25196885000001
2020-01-17,32.032719900000004,21.1589529,22.563384839999998,83.85826806000001
2020-01-18,32.00815245,21.42492225,28.2185028,74.40944910000002
2020-01-19,33.097665449999994,21.49114755,27.74724297,72.44094515
2020-01-20,33.1970034,22.047653699999998,27.118896529999997,70.4724412
2020-01-21,31.865020349999998,22.89683295,23.03464467,72.04724436000001
2020-01-22,27.326451,21.580872149999998,10.31062926,84.64566964000001
2020-01-23,24.1241373,20.5052451,6.69763723,88.58267754
2020-01-24,31.31385495,19.1935569,23.19173128,75.98425226
2020-01-25,33.17029965,18.9863358,28.06141619,68.89763804
2020-01-26,35.036357699999996,18.65841375,29.003935849999998,64.56692935000001
2020-01-27,35.1367638,19.71374595,26.80472331,61.417323030000006
2020-01-28,36.2946384,21.76673025,23.82007772,64.17322856000001
2020-01-29,32.864808749999995,22.553956799999998,13.60944807,77.55905542
2020-01-30,27.2901339,20.5565163,9.99645604,89.76377991000001
2020-01-31,31.029727049999998,20.7274203,18.16495976,81.10236253000001
2020-02-01,31.8404529,21.47832975,18.16495976,79.13385858000001
2020-02-02,30.433699349999998,22.30721415,12.03858197,87.40157517000002
2020-02-03,31.83297585,18.69900345,22.563384839999998,77.95275621000002
2020-02-04,31.317059399999998,20.9538681,22.563384839999998,73.62204752000001
2020-02-05,33.0965973,21.387537,22.09212501,77.16535463000001
2020-02-06,35.00965395,21.68555085,25.39094382,72.83464594000002
2020-02-07,34.71698085,22.3146912,24.91968399,70.07874041000001
2020-02-08,33.842166,22.53366195,24.44842416,72.44094515
2020-02-09,35.337576,23.03569245,23.03464467,74.01574831
2020-02-10,33.976752899999994,22.28157855,22.563384839999998,75.98425226
2020-02-11,32.1096267,22.3595535,20.992518739999998,74.01574831
2020-02-12,32.8210146,21.6973005,25.0767706,67.71653567000001
2020-02-13,34.3826499,21.29888055,27.90432958,63.77952777000001
2020-02-14,32.3723916,19.53856935,22.24921162,64.17322856000001
2020-02-15,33.864597149999994,22.5945465,18.7933062,64.56692935000001
2020-02-16,35.102582999999996,24.23202045,14.86614095,72.04724436000001
2020-02-17,37.76548095,24.14015955,20.52125891,70.07874041000001
2020-02-18,37.0231167,24.41146965,21.9350384,70.4724412
2020-02-19,36.61828785,22.47811815,22.406298229999997,76.77165384000001
2020-02-20,36.54351735,23.9831415,21.9350384,72.04724436000001
2020-02-21,34.9124523,21.1119543,25.39094382,59.842519870000004
2020-02-22,31.595846549999997,16.14398865,29.003935849999998,46.8503938
2020-02-23,32.25169065,16.123693799999998,22.720471449999998,59.842519870000004
2020-02-24,34.09104495,21.6823464,19.73582586,67.71653567000001
2020-02-25,33.186321899999996,24.09956985,16.59409366,77.95275621000002
2020-02-26,30.183752249999998,22.10640195,16.75118027,78.74015779000001
2020-02-27,31.883178899999997,17.04550725,26.01929026,62.5984254
2020-02-28,33.3892704,17.6319216,24.76259738,58.26771671
2020-02-29,34.3911951,20.44222425,23.5059045,59.44881908
2020-03-01,34.5086916,20.80112265,25.39094382,57.086614340000004
2020-03-02,32.8295598,19.0611063,24.291337549999998,61.02362224
2020-03-03,32.73129,17.798553,26.49055009,66.53543330000001
2020-03-04,33.70010205,18.88058895,24.291337549999998,61.417323030000006
2020-03-05,34.7159127,18.081612749999998,24.291337549999998,54.7244096
2020-03-06,34.935951599999996,20.2531617,24.91968399,54.330708810000004
2020-03-07,34.624051800000004,20.451837599999998,23.34881789,57.086614340000004
2020-03-08,33.7417599,19.29716745,24.134250939999998,58.661417500000006
2020-03-09,36.26579835,20.52126735,24.60551077,56.29921276
2020-03-10,36.3886356,20.43154275,25.39094382,48.818897750000005
2020-03-11,37.194020699999996,20.0138961,24.134250939999998,46.8503938
2020-03-12,37.780435049999994,23.141439300000002,23.66299111,51.96850407
2020-03-13,38.1809913,23.99916375,21.9350384,55.118110390000005
2020-03-14,38.18633205,22.539002699999998,24.91968399,50.39370091
2020-03-15,38.07097185,22.79856315,21.149605349999998,44.88188985
2020-03-16,37.7793669,22.5603657,20.835432129999997,53.14960644000001
2020-03-17,36.581970749999996,22.61911395,21.149605349999998,62.5984254
2020-03-18,32.85199095,21.96326985,8.58267655,76.77165384000001
2020-03-19,30.82677855,21.48901125,11.25314892,88.58267754
2020-03-20,30.91436685,20.627014199999998,23.66299111,72.44094515
2020-03-21,32.92248884999999,15.5746647,24.76259738,57.48031513
2020-03-22,34.034433,18.5526669,22.87755806,58.661417500000006
2020-03-23,32.844513899999995,20.1890727,24.76259738,55.51181118
2020-03-24,31.716547499999997,19.02372105,24.60551077,53.54330723
2020-03-25,32.98444155,19.30357635,23.5059045,55.51181118
2020-03-26,33.177776699999995,19.25016885,23.66299111,52.75590565
2020-03-27,33.92868615,18.28456125,22.563384839999998,51.574803280000005
2020-03-28,33.11689215,21.81586515,14.55196773,61.417323030000006
2020-03-29,32.0583555,22.012404749999998,18.16495976,76.77165384000001
2020-03-30,33.26643315,21.54455505,20.992518739999998,73.62204752000001
2020-03-31,34.605893249999994,21.86286375,20.992518739999998,69.68503962000001
2020-04-01,35.25960105,21.57446325,21.9350384,66.92913409
2020-04-02,33.623195249999995,22.2954645,15.023227559999999,68.11023646000001
2020-04-03,27.34033695,16.21875915,23.66299111,61.02362224
2020-04-04,29.9946897,12.08501865,23.19173128,59.44881908
2020-04-05,33.9212091,16.5787257,21.77795179,52.362204860000006
2020-04-06,32.177988299999996,20.95066365,7.640156889999999,72.83464594000002
2020-04-07,28.0485204,19.6742244,19.578739249999998,77.55905542
2020-04-08,28.4843256,13.27280145,22.09212501,62.20472461000001
2020-04-09,28.59434505,12.68104635,22.406298229999997,53.93700802
2020-04-10,28.429849949999998,12.105313500000001,21.46377857,57.086614340000004
2020-04-11,28.88915445,11.2529298,22.24921162,57.48031513
2020-04-12,30.552264,12.2826264,21.46377857,60.629921450000005
2020-04-13,31.07886195,18.01966005,16.12283383,66.92913409
2020-04-14,25.6900452,17.06687025,17.53661332,79.13385858000001
2020-04-15,23.430907949999998,8.4009693,21.77795179,63.385826980000004
2020-04-16,26.1108963,9.4498926,21.62086518,60.23622066
2020-04-17,28.22903775,10.5372693,20.3641723,58.661417500000006
2020-04-18,28.300603799999998,14.7350988,19.578739249999998,61.417323030000006
2020-04-19,28.9051767,15.03311265,20.67834552,65.74803172000001
2020-04-20,30.1185951,16.00940175,20.3641723,65.35433093000002
2020-04-21,30.91436685,15.8737467,20.04999908,62.99212619
2020-04-22,31.1739273,16.33625565,20.04999908,60.23622066
2020-04-23,30.6441249,16.2411903,19.73582586,59.05511829
2020-04-24,30.47642535,15.38773845,20.04999908,57.48031513
2020-04-25,33.4384053,18.8859297,17.37952671,61.02362224
2020-04-26,33.49288095,21.909862349999997,15.96574722,63.77952777000001
2020-04-27,31.3491039,19.41680025,18.63621959,53.93700802
2020-04-28,31.38648915,18.8132955,18.16495976,61.02362224
2020-04-29,31.473009299999998,19.5588642,15.808660609999999,60.23622066
2020-04-30,32.49736515,18.0997713,17.2224401,62.99212619
2020-05-01,31.45912335,18.0378186,12.98110163,68.89763804
2020-05-02,29.12414745,18.47469195,15.49448739,70.4724412
2020-05-03,29.9071014,12.436440000000001,18.47913298,53.93700802
2020-05-04,29.825922,15.71031975,16.75118027,60.23622066
2020-05-05,26.3565708,18.41808,8.11141672,72.83464594000002
2020-05-06,21.789161399999998,13.49284035,10.78188909,77.95275621000002
2020-05-07,21.40142295,5.255267550000001,18.95039281,66.14173251000001
2020-05-08,25.06517745,6.541320150000001,18.16495976,63.77952777000001
2020-05-09,27.6533049,10.10039595,18.007873149999998,57.086614340000004
2020-05-10,30.679373849999998,14.7692796,17.37952671,58.661417500000006
2020-05-11,32.2036239,16.74001635,16.279920439999998,57.086614340000004
2020-05-12,24.71268795,19.214919899999998,2.7704719799999995,80.31496095000001
2020-05-13,23.784465599999997,19.7511312,5.91220418,91.73228386000001
2020-05-14,24.34951695,16.324506,12.35275519,79.13385858000001
2020-05-15,24.77250435,9.7318842,16.12283383,68.11023646000001
2020-05-16,25.1602428,7.843395000000001,17.2224401,67.32283488000002
2020-05-17,28.008998849999998,10.4197728,16.90826688,64.96063014
2020-05-18,29.28223365,12.269808600000001,16.59409366,61.417323030000006
2020-05-19,29.5994742,13.12966935,16.12283383,59.44881908
2020-05-20,30.50206095,17.35740705,15.49448739,62.5984254
2020-05-21,31.466600399999997,19.2533733,14.86614095,61.02362224
2020-05-22,26.05855695,16.4441388,1.5137790999999998,88.18897675000001
2020-05-23,16.61824725,10.30014,5.598030959999999,91.33858307000001
2020-05-24,18.54518985,10.9495752,11.25314892,85.03937043
2020-05-25,20.84598495,6.7303827,15.651574,79.13385858000001
2020-05-26,21.3405384,8.2471557,16.12283383,73.22834673000001
2020-05-27,25.5020508,7.30397925,16.279920439999998,73.22834673000001
2020-05-28,26.0852607,10.4560899,16.279920439999998,64.56692935000001
2020-05-29,25.450779599999997,11.013664200000001,15.33740078,61.417323030000006
2020-05-30,27.271975349999998,12.0454971,15.33740078,64.56692935000001
2020-05-31,27.79964145,14.7094632,11.41023553,68.11023646000001
2020-06-01,21.6673923,14.7778248,3.3988184199999996,93.70078781000001
2020-06-02,19.4776848,12.08929125,8.42558994,87.00787438000002
2020-06-03,20.9068695,9.7126575,9.52519621,80.31496095000001
2020-06-04,21.54669135,17.2495239,3.0846451999999998,93.70078781000001
2020-06-05,24.34951695,14.0322561,5.91220418,90.55118149000002
2020-06-06,18.2834931,10.1313723,10.31062926,88.97637833000002
2020-06-07,23.280298799999997,9.2448078,13.13818824,80.70866174000001
2020-06-08,27.83595855,16.1664198,9.99645604,79.13385858000001
2020-06-09,30.19870635,20.96134515,10.62480248,85.03937043
2020-06-10,31.0265226,20.9859126,11.56732214,83.46456727000002
2020-06-11,31.33094535,21.21129225,12.82401502,75.98425226
2020-06-12,31.04895375,19.41252765,14.0807079,72.44094515
2020-06-13,25.580025749999997,18.3219465,5.283857739999999,81.88976411000002
2020-06-14,26.03078505,13.227939150000001,13.13818824,77.95275621000002
2020-06-15,26.4142509,17.2324335,14.0807079,79.13385858000001
2020-06-16,27.7430295,17.5614237,14.23779451,74.01574831
2020-06-17,28.04745225,18.38283105,14.394881119999999,70.4724412
2020-06-18,28.60289025,18.34865025,12.66692841,70.4724412
2020-06-19,29.565293399999998,17.55394665,13.60944807,70.86614199000002
2020-06-20,29.9733267,17.5272429,14.394881119999999,68.11023646000001
2020-06-21,30.662283449999997,16.3907313,14.70905434,62.20472461000001
2020-06-22,30.074800949999997,16.71224445,14.55196773,63.385826980000004
2020-06-23,29.162600849999997,17.59667265,14.55196773,59.05511829
2020-06-24,29.8536939,16.4911374,14.23779451,58.26771671
2020-06-25,23.563358549999997,16.50502335,1.9850389299999995,74.01574831
2020-06-26,18.94254165,8.5355562,7.01181045,85.82677201000001
2020-06-27,18.1852233,12.5987988,8.58267655,90.55118149000002
2020-06-28,21.97181505,10.77333045,8.89684977,87.79527596000001
2020-06-29,22.6159095,14.7564618,9.3681096,82.28346490000001
2020-06-30,27.17797815,16.3950039,7.325983669999999,80.70866174000001
2020-07-01,16.7966283,9.7169301,11.41023553,79.13385858000001
2020-07-02,17.3691567,6.600068400000001,13.60944807,79.52755937
2020-07-03,20.8577346,4.518244050000002,15.651574,75.59055147000001
2020-07-04,24.955157999999997,8.051684250000001,14.70905434,67.71653567000001
2020-07-05,25.53302715,16.04571885,6.383464009999999,68.89763804
2020-07-06,27.2709072,18.2664027,10.46771587,82.28346490000001
2020-07-07,28.575118349999997,18.56655285,8.73976316,83.46456727000002
2020-07-08,20.1570282,11.44199235,3.7129916399999994,93.70078781000001
2020-07-09,19.01731215,8.20763415,15.49448739,79.52755937
2020-07-10,24.88145565,7.8263046,15.180314169999999,71.65354357000001
2020-07-11,29.55995265,17.67357945,12.35275519,70.07874041000001
2020-07-12,29.109193349999998,18.674436,13.29527485,68.11023646000001
2020-07-13,29.83553535,18.76950135,11.56732214,78.34645700000002
2020-07-14,25.30230675,14.4082449,15.651574,73.22834673000001
2020-07-15,26.9974608,9.8237451,15.33740078,67.32283488000002
2020-07-16,25.50311895,16.91092035,12.5098418,70.07874041000001
2020-07-17,29.800286399999997,17.31681735,14.0807079,72.04724436000001
2020-07-18,30.082278,17.5122888,15.49448739,65.74803172000001
2020-07-19,29.5033407,16.95151005,15.651574,59.44881908
2020-07-20,29.4178887,14.74043955,16.12283383,61.417323030000006
2020-07-21,30.2403642,15.33219465,15.96574722,60.629921450000005
2020-07-22,30.5757633,15.78295395,15.808660609999999,57.874015920000005
2020-07-23,31.071384899999998,15.4657134,16.279920439999998,56.69291355
2020-07-24,30.89086755,16.42384395,15.808660609999999,55.118110390000005
2020-07-25,23.87525835,10.343934149999999,9.83936943,81.49606332000002
2020-07-26,22.519776,7.376613450000001,10.31062926,75.98425226
2020-07-27,28.992765,17.64580755,11.88149536,70.86614199000002
2020-07-28,25.5170049,14.7842337,9.3681096,74.40944910000002
2020-07-29,20.5864245,10.2125517,14.23779451,75.98425226
2020-07-30,23.8741902,6.636385500000001,14.394881119999999,74.40944910000002
2020-07-31,26.7774219,14.2672491,15.33740078,68.50393725
2020-08-01,29.4883866,14.62507935,17.37952671,67.32283488000002
2020-08-02,29.72444775,15.0491349,17.850786539999998,60.23622066
2020-08-03,29.39118495,13.5003174,17.69369993,55.118110390000005
2020-08-04,29.26087065,14.00341605,17.69369993,54.330708810000004
2020-08-05,29.47450065,13.36038975,17.850786539999998,56.69291355
2020-08-06,30.63451155,14.18927415,18.007873149999998,55.118110390000005
2020-08-07,29.8280583,14.1689793,18.007873149999998,53.93700802
2020-08-08,30.903685349999996,15.09079275,18.007873149999998,50.00000012
2020-08-09,31.2529704,15.2713101,18.007873149999998,46.8503938
2020-08-10,31.97610795,15.50523495,18.16495976,46.8503938
2020-08-11,32.63622465,16.09485375,15.651574,48.818897750000005
2020-08-12,24.505466849999998,16.3950039,3.7129916399999994,79.13385858000001
2020-08-13,21.1888611,16.47297885,7.325983669999999,89.37007912000001
2020-08-14,30.08975505,13.9660308,12.03858197,79.92126016000002
2020-08-15,26.2818003,17.60521785,4.6555113,87.79527596000001
2020-08-16,23.14250745,17.9587755,6.383464009999999,89.76377991000001
2020-08-17,22.71311115,19.1294679,4.6555113,89.76377991000001
2020-08-18,21.34587915,18.6402552,2.92755859,95.27559097000001
2020-08-19,20.1078933,16.1664198,2.6133853699999996,94.0944886
2020-08-20,16.8222639,10.064078850000001,5.283857739999999,86.61417359000001
2020-08-21,14.6005119,4.0151454000000015,20.992518739999998,60.629921450000005
2020-08-22,20.043804299999998,3.85812735,20.20708569,62.20472461000001
2020-08-23,24.580237349999997,9.32705535,20.52125891,65.74803172000001
2020-08-24,27.14806995,14.66780535,17.06535349,61.417323030000006
2020-08-25,28.758840149999997,15.1815855,19.26456603,59.05511829
2020-08-26,29.971190399999998,16.4035491,19.578739249999998,51.18110249
2020-08-27,32.60204385,17.12027775,19.578739249999998,46.45669301
2020-08-28,33.7823496,17.7408729,18.95039281,44.88188985
2020-08-29,35.1004467,18.96176835,20.20708569,46.062992220000005
2020-08-30,36.0382824,19.01517585,19.10747942,47.24409459
2020-08-31,35.2414425,17.029485,18.7933062,58.661417500000006
2020-09-01,33.1820493,19.3537794,19.10747942,62.20472461000001
2020-09-02,32.4129813,18.72891165,17.2224401,62.5984254
2020-09-03,29.625109799999997,15.961335,15.96574722,71.25984278000001
2020-09-04,31.8254988,15.57786915,17.69369993,66.92913409
2020-09-05,37.076524199999994,20.55438,17.69369993,53.93700802
2020-09-06,36.8287134,21.4494897,15.96574722,43.307086690000006
2020-09-07,28.3176942,19.1636487,10.78188909,71.65354357000001
2020-09-08,28.04317965,17.7750537,12.98110163,83.46456727000002
2020-09-09,34.74688905,18.964972799999998,14.86614095,68.50393725
2020-09-10,37.45358115,21.34160655,18.7933062,52.75590565
2020-09-11,38.67340845,20.47426875,17.53661332,47.24409459
2020-09-12,37.5230109,22.583865,15.651574,38.58267721
2020-09-13,38.00261025,21.047865299999998,19.10747942,36.220472470000004
2020-09-14,32.45250285,20.3492952,13.45236146,46.8503938
2020-09-15,30.829983,16.9931679,14.0807079,72.04724436000001
2020-09-16,33.756714,20.53194885,12.98110163,56.69291355
2020-09-17,26.067102149999997,19.03440255,5.91220418,75.59055147000001
2020-09-18,29.76931005,14.9829096,19.10747942,75.98425226
2020-09-19,33.5623107,16.8094461,21.149605349999998,59.05511829
2020-09-20,30.60246705,15.5639832,19.73582586,56.29921276
2020-09-21,28.8346788,16.37257275,18.007873149999998,56.29921276
2020-09-22,29.48518215,15.39201105,19.26456603,63.77952777000001
2020-09-23,30.512742449999998,15.1559499,24.291337549999998,61.81102382
2020-09-24,33.06134835,17.252728349999998,20.67834552,54.330708810000004
2020-09-25,35.4742992,19.1059686,23.66299111,46.062992220000005
2020-09-26,38.72681595,21.3533562,22.87755806,40.551181160000006
2020-09-27,36.789191849999995,23.38604565,14.86614095,43.307086690000006
2020-09-28,29.6058831,19.04294775,13.29527485,74.80314989000001
2020-09-29,35.82999315,16.38111795,20.04999908,62.5984254
2020-09-30,40.31622315,24.228816000000002,21.77795179,49.606299330000006
2020-10-01,39.9583929,24.11666025,19.89291247,41.33858274
2020-10-02,40.43585595,24.7692999,18.007873149999998,36.61417326
2020-10-03,39.854782349999994,23.380704899999998,18.7933062,49.21259854
2020-10-04,34.207473300000004,20.61526455,20.835432129999997,60.23622066
2020-10-05,34.3911951,20.6569224,20.04999908,61.417323030000006
2020-10-06,37.6255533,19.14549015,20.52125891,60.23622066
2020-10-07,38.7278841,23.31127515,20.52125891,51.96850407
2020-10-08,33.0880521,20.55972075,12.5098418,63.77952777000001
2020-10-09,29.88039765,20.6590587,9.83936943,67.71653567000001
2020-10-10,28.898767799999998,15.04379415,21.9350384,56.69291355
2020-10-11,31.944063449999998,16.06280925,21.9350384,48.818897750000005
2020-10-12,34.0472508,18.26747085,18.63621959,49.606299330000006
2020-10-13,34.4873286,19.3131897,16.12283383,52.362204860000006
2020-10-14,34.56957615,19.6699518,12.98110163,60.629921450000005
2020-10-15,27.12884325,19.53643305,9.68228282,85.03937043
2020-10-16,29.362344899999997,19.9198989,16.43700705,77.95275621000002
2020-10-17,30.6932598,17.4738354,22.24921162,59.05511829
2020-10-18,32.2634403,18.353991,21.46377857,53.14960644000001
2020-10-19,35.46789029999999,20.12177925,22.09212501,54.330708810000004
2020-10-20,35.03742585,21.537078,19.421652639999998,61.02362224
2020-10-21,36.87464385,21.637484099999998,19.421652639999998,54.7244096
2020-10-22,36.01798755,22.16621835,23.19173128,49.21259854
2020-10-23,36.205981949999995,21.86286375,21.149605349999998,48.42519696
2020-10-24,35.33864414999999,22.659703649999997,16.90826688,61.81102382
2020-10-25,37.35958395,21.6823464,21.62086518,57.48031513
2020-10-26,30.766962149999998,19.7511312,9.83936943,72.04724436000001
2020-10-27,29.9519637,17.76330405,25.23385721,68.11023646000001
2020-10-28,35.07587925,15.06729345,25.548030429999997,49.606299330000006
2020-10-29,29.035491,19.8985359,6.383464009999999,67.32283488000002
2020-10-30,30.20297895,15.78295395,20.67834552,73.22834673000001
2020-10-31,31.2764697,16.1407842,23.977164329999997,63.385826980000004
2020-11-01,31.8639522,17.36808855,24.91968399,54.7244096
2020-11-02,31.4473737,16.39179945,24.91968399,47.63779538
2020-11-03,32.35209675,17.35099815,22.406298229999997,42.9133859
2020-11-04,33.611445599999996,17.4503361,23.977164329999997,42.519685110000005
2020-11-05,33.23652495,15.8523837,26.49055009,37.79527563
2020-11-06,35.3418486,16.4996826,25.705117039999998,33.85826773
2020-11-07,37.01991225,19.76928975,23.82007772,35.82677168
2020-11-08,37.4226048,21.7037094,18.95039281,37.79527563
2020-11-09,29.45313765,20.68362615,5.283857739999999,68.89763804
2020-11-10,27.592420349999998,19.2576459,12.19566858,83.07086648
2020-11-11,31.129064999999997,20.49990435,14.0807079,77.95275621000002
2020-11-12,34.3057431,20.23713945,20.67834552,72.83464594000002
2020-11-13,35.180557949999994,18.14570175,23.5059045,62.20472461000001
2020-11-14,37.46853525,19.87183215,23.66299111,47.63779538
2020-11-15,30.7765755,20.86093905,6.2263774,71.25984278000001
2020-11-16,33.21729825,19.6592703,23.5059045,73.22834673000001
2020-11-17,34.2309726,19.414663949999998,23.977164329999997,60.23622066
2020-11-18,27.0786402,17.8968228,5.91220418,77.16535463000001
2020-11-19,30.0096438,15.6088455,26.49055009,70.86614199000002
2020-11-20,31.691980049999998,16.3394601,23.977164329999997,51.18110249
2020-11-21,33.62960415,16.6513599,22.563384839999998,45.275590640000004
2020-11-22,35.03528955,17.6532846,22.406298229999997,41.732283530000004
2020-11-23,35.447595449999994,20.1805275,27.118896529999997,42.12598432
2020-11-24,36.2006412,20.404839,29.161022459999998,40.15748037
2020-11-25,38.36791755,23.11046295,27.590156359999998,41.732283530000004
2020-11-26,36.192096,23.4063405,15.33740078,51.574803280000005
2020-11-27,37.3051083,22.75370085,18.7933062,59.05511829
2020-11-28,38.477937,22.60843245,24.60551077,55.51181118
2020-11-29,37.9887243,22.77506385,18.7933062,60.23622066
2020-11-30,29.523635549999998,21.2486775,10.62480248,74.80314989000001
2020-12-01,33.5324025,21.23692785,20.835432129999997,70.4724412
2020-12-02,34.939156049999994,22.28585115,18.7933062,70.86614199000002
2020-12-03,28.49393895,20.34822705,7.7972434999999995,86.61417359000001
2020-12-04,25.0491552,21.0414564,4.027164859999999,89.37007912000001
2020-12-05,25.29803415,21.55523655,6.854723839999999,90.94488228000002
2020-12-06,26.57767785,20.8427805,15.023227559999999,83.07086648
2020-12-07,31.2508341,20.30763735,20.3641723,74.01574831
2020-12-08,33.1713678,17.8498242,25.0767706,56.69291355
2020-12-09,34.4659656,17.4738354,26.49055009,50.787401700000004
2020-12-10,34.772524649999994,18.5099409,23.34881789,53.14960644000001
2020-12-11,34.0472508,21.9322935,21.77795179,59.05511829
2020-12-12,34.1903829,21.993178049999997,23.03464467,61.81102382
2020-12-13,35.20405725,23.093372549999998,20.20708569,69.29133883000002
2020-12-14,27.95559135,20.77335075,13.29527485,83.46456727000002
2020-12-15,32.01242505,21.2209056,23.03464467,75.19685068000001
2020-12-16,28.12222275,20.14955115,9.05393638,79.52755937
2020-12-17,28.279240799999997,20.938914,12.66692841,85.03937043
2020-12-18,32.6330202,21.8959764,22.720471449999998,82.28346490000001
2020-12-19,34.51830495,20.1719823,25.548030429999997,75.59055147000001
2020-12-20,30.8556186,23.8314642,11.88149536,83.46456727000002
2020-12-21,29.55140745,21.6887553,14.0807079,80.70866174000001
2020-12-22,32.5326141,18.581506949999998,29.63228229,65.74803172000001
2020-12-23,33.0260994,19.65820215,18.007873149999998,65.74803172000001
2020-12-24,32.81353755,22.14485535,28.06141619,68.11023646000001
2020-12-25,31.0735212,21.284994599999997,18.47913298,60.629921450000005
2020-12-26,32.2228506,20.3792034,24.134250939999998,62.20472461000001
2020-12-27,33.8720742,19.89319515,19.578739249999998,68.50393725
2020-12-28,32.22819135,22.25380665,12.35275519,76.37795305000002
2020-12-29,29.996826,21.57446325,12.82401502,82.28346490000001
2020-12-30,33.864597149999994,20.6804217,24.60551077,77.55905542
2020-12-31,28.16494875,22.26342,12.5098418,85.43307122000002
2021-01-01,32.06369625,21.323448,22.87755806,77.16535463000001
2021-01-02,33.05280315,20.23927575,22.563384839999998,68.11023646000001
2021-01-03,31.931245649999997,20.85025755,22.87755806,73.22834673000001
2021-01-04,30.01498455,20.6547861,20.04999908,74.80314989000001
2021-01-05,26.6898336,21.7998429,10.46771587,89.76377991000001
2021-01-06,30.312998399999998,21.964337999999998,23.66299111,83.46456727000002
2021-01-07,28.3775106,22.5753198,12.19566858,83.46456727000002
2021-01-08,29.74047,21.131180999999998,17.69369993,81.49606332000002
2021-01-09,31.876769999999997,22.372371299999998,22.563384839999998,78.34645700000002
2021-01-10,34.014138149999994,22.66611255,20.992518739999998,78.34645700000002
2021-01-11,33.4875402,21.3533562,25.23385721,76.37795305000002
2021-01-12,34.10172645,23.21941425,15.49448739,81.10236253000001
2021-01-13,33.05066685,22.04231295,20.52125891,81.88976411000002
2021-01-14,31.66314,23.28991215,23.5059045,79.13385858000001
2021-01-15,30.92718465,21.49969275,21.9350384,77.55905542
2021-01-16,28.6445481,23.374296,10.62480248,87.79527596000001
2021-01-17,26.00728575,22.32857715,7.168897059999999,91.73228386000001
2021-01-18,28.9393575,22.60843245,17.850786539999998,87.79527596000001
2021-01-19,29.0483088,22.5710472,9.3681096,88.58267754
2021-01-20,28.13076795,22.35421275,12.19566858,91.33858307000001
2021-01-21,25.729566749999996,21.9451113,11.72440875,91.33858307000001
2021-01-22,29.04083175,21.418513349999998,12.98110163,88.97637833000002
2021-01-23,30.778711799999996,20.597106,17.850786539999998,85.43307122000002
2021-01-24,30.80327925,20.97843555,15.808660609999999,83.46456727000002
2021-01-25,27.13311585,21.81586515,11.41023553,88.18897675000001
2021-01-26,29.675312849999997,21.4323993,13.45236146,85.03937043
2021-01-27,28.80797505,21.4345356,13.29527485,86.61417359000001
2021-01-28,28.8517692,22.2869193,13.29527485,88.58267754
2021-01-29,29.979735599999998,21.83295555,12.82401502,88.18897675000001
2021-01-30,28.53452865,20.8342353,15.96574722,86.61417359000001
2021-01-31,24.122000999999997,20.0373954,5.283857739999999,92.12598465
2021-02-01,26.0190354,19.98932865,10.15354265,88.18897675000001
2021-02-02,28.4864619,19.8216291,16.90826688,82.67716569000001
2021-02-03,32.7996516,23.1863016,20.3641723,78.74015779000001
2021-02-04,27.1277751,22.071153,16.75118027,86.22047280000001
2021-02-05,28.258945949999998,18.07947645,26.17637687,73.22834673000001
2021-02-06,28.71397785,15.70391085,29.161022459999998,68.50393725
2021-02-07,32.057287349999996,14.91134355,27.433069749999998,66.14173251000001
2021-02-08,30.88445865,16.69942665,27.590156359999998,58.661417500000006
2021-02-09,30.0737328,17.5486059,21.77795179,65.74803172000001
2021-02-10,31.7720913,18.75881985,22.720471449999998,69.68503962000001
2021-02-11,30.033143099999997,19.83337875,15.808660609999999,76.37795305000002
2021-02-12,28.47898485,19.65820215,16.75118027,85.03937043
2021-02-13,31.45698705,18.38710365,22.87755806,76.77165384000001
2021-02-14,31.74966015,20.6441046,16.75118027,79.13385858000001
2021-02-15,31.9451316,18.7363887,23.82007772,81.49606332000002
2021-02-16,32.58068085,20.24141205,23.82007772,74.40944910000002
2021-02-17,31.55312055,18.60714255,27.90432958,68.11023646000001
2021-02-18,30.75628065,16.3608231,29.31810907,55.51181118
2021-02-19,32.30296185,14.48408355,28.2185028,59.44881908
2021-02-20,34.206405149999995,18.56014395,27.275983139999997,57.874015920000005
2021-02-21,35.0235399,19.668883649999998,24.76259738,61.417323030000006
2021-02-22,35.40914205,21.56591805,25.0767706,60.629921450000005
2021-02-23,36.76141995,22.2911919,24.60551077,59.44881908
2021-02-24,36.6535368,21.5926218,17.2224401,70.86614199000002
2021-02-25,35.23610175,21.4131726,21.30669196,74.40944910000002
2021-02-26,34.42644405,21.1333173,26.01929026,67.32283488000002
2021-02-27,34.55889465,20.0587584,23.977164329999997,64.17322856000001
2021-02-28,34.002388499999995,19.8600825,23.19173128,66.14173251000001
2021-03-01,33.34974885,21.6417567,18.16495976,75.19685068000001
2021-03-02,34.34312835,21.3319932,20.20708569,76.37795305000002
2021-03-03,30.62596635,22.0177455,13.76653468,79.52755937
2021-03-04,26.3971605,20.48281395,8.11141672,91.33858307000001
2021-03-05,29.29932405,21.5007609,12.98110163,89.37007912000001
2021-03-06,32.50591034999999,21.2273145,20.20708569,82.28346490000001
2021-03-07,34.140179849999996,19.76928975,23.5059045,70.07874041000001
2021-03-08,35.10792375,19.80347055,24.60551077,66.92913409
2021-03-09,33.6883524,19.210647299999998,25.862203649999998,62.5984254
2021-03-10,33.493949099999995,18.2300856,26.49055009,58.26771671
2021-03-11,33.927617999999995,15.81072585,26.17637687,52.362204860000006
2021-03-12,35.540524500000004,16.6834044,25.862203649999998,48.818897750000005
2021-03-13,36.9034839,17.78039445,25.39094382,48.031496170000004
2021-03-14,37.22072445,20.0096235,22.87755806,51.18110249
2021-03-15,36.67596795,20.37599895,23.19173128,58.661417500000006
2021-03-16,36.00730605,22.88615145,21.9350384,60.629921450000005
2021-03-17,29.741538149999997,19.22666955,15.33740078,78.74015779000001
2021-03-18,32.69390475,20.85025755,23.34881789,77.95275621000002
2021-03-19,33.936163199999996,20.61312825,20.52125891,71.25984278000001
2021-03-20,33.4554957,23.25786765,19.10747942,70.4724412
2021-03-21,33.9895707,22.951308599999997,14.55196773,76.77165384000001
2021-03-22,35.8652421,22.15767315,18.7933062,79.92126016000002
2021-03-23,36.1750056,22.0647441,17.53661332,75.19685068000001
2021-03-24,36.60760635,22.3381905,17.37952671,72.04724436000001
2021-03-25,36.2625939,23.18523345,21.9350384,59.842519870000004
2021-03-26,35.263873649999994,22.45248255,18.16495976,67.71653567000001
2021-03-27,34.483056,22.8124491,17.37952671,71.65354357000001
2021-03-28,32.477070299999994,22.4193699,14.0807079,79.13385858000001
2021-03-29,30.16025295,21.4174452,13.45236146,85.03937043
2021-03-30,28.1980614,17.60521785,17.850786539999998,79.92126016000002
2021-03-31,29.7661056,16.0318329,23.34881789,70.4724412
2021-04-01,30.723168,16.3800498,22.87755806,58.661417500000006
2021-04-02,31.7421831,15.97308465,21.9350384,58.26771671
2021-04-03,33.5238573,18.95322315,21.30669196,54.7244096
2021-04-04,32.48881995,19.2597822,20.67834552,57.874015920000005
2021-04-05,32.30937075,19.77783495,20.04999908,59.44881908
2021-04-06,29.4328428,21.547759499999998,12.19566858,65.35433093000002
2021-04-07,31.887451499999997,19.585567949999998,20.04999908,62.99212619
2021-04-08,33.1478685,19.98932865,21.30669196,61.417323030000006
2021-04-09,33.180981149999994,21.6118485,20.992518739999998,59.842519870000004
2021-04-10,33.8827557,19.85901435,20.67834552,53.14960644000001
2021-04-11,35.5148889,20.29909215,18.95039281,50.787401700000004
2021-04-12,29.773582649999998,19.89319515,17.53661332,79.52755937
2021-04-13,32.08078665,18.5184861,19.421652639999998,71.25984278000001
2021-04-14,30.350383649999998,20.19868605,16.279920439999998,70.86614199000002
2021-04-15,31.40998845,19.62615765,18.63621959,66.53543330000001
2021-04-16,25.646251049999996,19.1636487,8.58267655,80.31496095000001
2021-04-17,30.12179955,16.77633345,15.023227559999999,81.10236253000001
2021-04-18,30.9731151,17.12668665,18.95039281,72.83464594000002
2021-04-19,29.80989975,18.28028865,19.26456603,68.11023646000001
2021-04-20,30.20511525,17.14164075,19.578739249999998,65.35433093000002
2021-04-21,29.6891988,16.89169365,20.04999908,60.629921450000005
2021-04-22,29.3901168,16.25080365,18.7933062,61.02362224
2021-04-23,27.9139335,16.06494555,15.808660609999999,60.629921450000005
2021-04-24,25.7989965,18.4479882,9.83936943,65.74803172000001
2021-04-25,26.53602,18.44051115,10.15354265,81.49606332000002
2021-04-26,25.89406185,14.8440501,17.850786539999998,77.16535463000001
2021-04-27,25.97951385,10.989096750000002,19.89291247,64.56692935000001
2021-04-28,27.38733555,9.2811249,19.26456603,59.05511829
2021-04-29,28.47043965,12.6222981,19.26456603,52.362204860000006
2021-04-30,27.54328545,13.53770265,18.95039281,56.69291355
2021-05-01,29.45954655,13.82610315,17.850786539999998,62.20472461000001
2021-05-02,32.12137635,18.78872805,16.75118027,63.77952777000001
2021-05-03,32.310438899999994,18.183087,17.37952671,57.874015920000005
2021-05-04,33.0389172,18.68832195,17.53661332,51.96850407
2021-05-05,32.83062795,17.23777425,15.180314169999999,55.51181118
2021-05-06,25.745589,15.19333515,3.0846451999999998,93.70078781000001
2021-05-07,21.98676915,9.972217950000001,18.32204637,81.10236253000001
2021-05-08,26.18887125,11.20486305,17.37952671,70.07874041000001
2021-05-09,28.30594455,15.44969115,17.06535349,67.32283488000002
2021-05-10,30.27988575,16.49541,16.90826688,61.81102382
2021-05-11,27.5123091,14.44563015,9.3681096,74.80314989000001
2021-05-12,20.2830699,15.68895675,3.8700782499999997,95.66929176000001
2021-05-13,23.6797869,11.688735000000001,14.23779451,83.46456727000002
2021-05-14,23.016465750000002,14.19354675,10.31062926,75.98425226
2021-05-15,26.15682675,13.55265675,15.180314169999999,68.89763804
2021-05-16,28.496075249999997,14.2672491,12.5098418,67.71653567000001
2021-05-17,27.271975349999998,14.6560557,15.023227559999999,67.71653567000001
2021-05-18,26.99852895,12.63832035,16.75118027,63.77952777000001
2021-05-19,27.8776164,11.09377545,16.43700705,57.48031513
2021-05-20,30.6184893,13.70647035,15.023227559999999,48.031496170000004
2021-05-21,31.55098425,19.34843865,12.35275519,54.7244096
2021-05-22,26.95793925,18.37001325,10.31062926,83.46456727000002
2021-05-23,20.54476665,11.49326355,16.279920439999998,64.56692935000001
2021-05-24,21.152544,7.1843464500000005,15.651574,68.11023646000001
2021-05-25,25.37707725,9.0781764,15.808660609999999,57.874015920000005
2021-05-26,26.917349549999997,12.521892000000001,11.72440875,51.96850407
2021-05-27,28.86992775,16.3800498,12.66692841,53.54330723
2021-05-28,31.7037297,19.785311999999998,9.3681096,64.17322856000001
2021-05-29,29.11346595,20.7808278,11.41023553,72.04724436000001
2021-05-30,23.797283399999998,17.38517895,9.99645604,78.74015779000001
2021-05-31,25.143152399999998,12.813496950000001,9.83936943,77.16535463000001
2021-06-01,22.5710472,13.9852575,10.31062926,76.37795305000002
2021-06-02,28.429849949999998,16.9183974,10.31062926,81.10236253000001
2021-06-03,29.51509035,18.3262191,13.76653468,79.13385858000001
2021-06-04,30.528764699999996,17.6725113,14.394881119999999,69.29133883000002
2021-06-05,31.47407745,19.4370951,13.60944807,62.20472461000001
2021-06-06,23.77485225,17.47490355,2.6133853699999996,77.55905542
2021-06-07,23.854963499999997,17.39158785,7.95433011,90.55118149000002
2021-06-08,22.843425449999998,17.7686448,6.69763723,88.97637833000002
2021-06-09,25.5234138,17.221752,10.9389757,87.00787438000002
2021-06-10,24.12093285,18.9008838,6.2263774,90.94488228000002
2021-06-11,23.9254614,16.3800498,11.88149536,84.64566964000001
2021-06-12,22.989762,8.85493305,15.023227559999999,70.4724412
2021-06-13,24.472354199999998,11.5028769,14.86614095,62.5984254
2021-06-14,24.84941115,12.2847627,14.70905434,67.32283488000002
2021-06-15,24.7372554,11.2144764,14.23779451,72.44094515
2021-06-16,21.3127665,11.8916835,11.25314892,84.64566964000001
2021-06-17,19.0333344,9.9497868,9.3681096,83.07086648
2021-06-18,16.9183974,10.04485215,7.640156889999999,83.85826806000001
2021-06-19,16.97714565,13.0709211,1.5137790999999998,92.91338623000001
2021-06-20,18.51741795,12.5987988,6.69763723,88.58267754
2021-06-21,16.57765755,12.228150750000001,2.29921215,90.55118149000002
2021-06-22,23.1521208,15.75518205,8.26850333,88.97637833000002
2021-06-23,24.4937172,17.10959625,11.72440875,81.10236253000001
2021-06-24,24.9060231,16.13330715,7.640156889999999,75.59055147000001
2021-06-25,27.29974725,15.20188035,11.72440875,84.25196885000001
2021-06-26,29.48518215,19.4178684,13.13818824,68.11023646000001
2021-06-27,23.593266749999998,10.96132485,4.34133808,86.22047280000001
2021-06-28,10.982687850000001,5.876930850000001,3.3988184199999996,86.61417359000001
2021-06-29,13.333686,0.7199026500000016,14.70905434,72.83464594000002
2021-06-30,17.5913319,1.2208650000000016,14.86614095,72.44094515
2021-07-01,20.0972118,4.709442900000001,15.49448739,64.17322856000001
2021-07-02,24.9188409,8.4992391,15.49448739,55.905511970000006
2021-07-03,24.84086595,7.9331196,14.23779451,54.7244096
2021-07-04,25.200832499999997,9.43173405,13.92362129,59.44881908
2021-07-05,25.61847915,13.5323619,14.55196773,61.02362224
2021-07-06,25.4614611,13.8827151,14.55196773,57.086614340000004
2021-07-07,24.9893388,11.66630385,14.86614095,62.5984254
2021-07-08,26.96007555,12.86476815,14.86614095,53.93700802
2021-07-09,25.317260849999997,11.897024250000001,15.33740078,57.48031513
2021-07-10,28.008998849999998,13.48429515,12.98110163,56.29921276
2021-07-11,28.43198625,14.09741325,15.180314169999999,49.21259854
2021-07-12,29.175418649999997,12.82845105,15.023227559999999,48.818897750000005
2021-07-13,28.4693715,16.50075075,11.88149536,46.45669301
2021-07-14,29.06433105,16.74215265,11.88149536,46.45669301
2021-07-15,26.38113825,17.90857245,6.2263774,61.81102382
2021-07-16,18.4351704,14.8803672,7.483070279999999,92.51968544000002
2021-07-17,21.2572227,13.84105725,9.05393638,87.40157517000002
2021-07-18,15.38560215,6.24223815,17.06535349,64.17322856000001
2021-07-19,17.046575400000002,1.1909568000000004,15.651574,58.661417500000006
2021-07-20,22.618045799999997,3.399891,13.60944807,54.330708810000004
2021-07-21,25.64197845,8.5911,14.394881119999999,44.09448827
2021-07-22,29.13910155,13.12753305,16.75118027,34.25196852
2021-07-23,30.620625599999997,13.28775555,16.279920439999998,35.0393701
2021-07-24,30.2894991,14.84939085,15.96574722,44.48818906
2021-07-25,31.30103715,15.48814455,15.96574722,46.45669301
2021-07-26,32.6095209,17.9715933,15.180314169999999,46.45669301
2021-07-27,25.37921355,10.75837635,5.283857739999999,72.83464594000002
2021-07-28,14.98825035,4.308886650000002,16.279920439999998,53.14960644000001
2021-07-29,14.17004745,0.6077469000000004,18.32204637,57.48031513
2021-07-30,19.2127836,-0.031006799999998336,17.69369993,51.96850407
2021-07-31,19.0760604,7.917097350000001,10.31062926,51.574803280000005
2021-08-01,23.6797869,11.5648296,14.0807079,58.26771671
2021-08-02,24.69773385,10.4261817,17.850786539999998,55.118110390000005
2021-08-03,25.521277499999997,8.484285,18.32204637,52.362204860000006
2021-08-04,24.259792349999998,9.885697799999999,17.69369993,53.54330723
2021-08-05,26.29141365,11.93761395,14.23779451,61.02362224
2021-08-06,28.482189299999998,16.40034465,16.279920439999998,57.48031513
2021-08-07,29.37195825,17.169412649999998,17.53661332,53.93700802
2021-08-08,30.67723755,16.23798585,17.850786539999998,51.574803280000005
2021-08-09,32.48881995,17.3413848,16.59409366,43.70078748
2021-08-10,25.5234138,14.93697915,11.72440875,73.22834673000001
2021-08-11,23.12114445,14.27045355,11.41023553,77.55905542
2021-08-12,20.35463595,13.47147735,8.89684977,75.98425226
2021-08-13,21.7635258,13.8506706,8.11141672,82.67716569000001
2021-08-14,27.638350799999998,13.10403375,15.96574722,75.59055147000001
2021-08-15,29.92312365,15.87695115,14.70905434,69.68503962000001
2021-08-16,33.5067669,17.31254475,17.2224401,56.29921276
2021-08-17,35.63345355,20.0288502,18.007873149999998,43.307086690000006
2021-08-18,37.07759235,20.3087055,17.850786539999998,35.0393701
2021-08-19,36.0468276,21.135453599999998,18.16495976,31.889763780000003
2021-08-20,34.53539535,19.75006305,17.06535349,30.70866141
2021-08-21,34.9423605,18.10297575,18.16495976,36.220472470000004
2021-08-22,34.92633825,17.39372415,18.95039281,32.28346457
2021-08-23,32.976964499999994,20.91221025,11.88149536,33.464566940000005
2021-08-24,33.4811313,23.141439300000002,9.52519621,42.519685110000005
2021-08-25,32.95026075,21.5093061,9.3681096,53.54330723
2021-08-26,22.714179299999998,14.3975634,5.12677113,86.61417359000001
2021-08-27,22.07008485,10.680401400000001,9.21102299,85.82677201000001
2021-08-28,25.8865848,13.80474015,9.52519621,80.31496095000001
2021-08-29,30.28202205,16.81478685,18.47913298,73.22834673000001
2021-08-30,29.80562715,15.54582465,21.62086518,64.56692935000001
2021-08-31,31.58302875,17.04764355,21.77795179,57.086614340000004
2021-09-01,31.72616085,16.5915435,21.62086518,51.96850407
2021-09-02,33.8720742,15.9933795,20.52125891,41.732283530000004
2021-09-03,35.490321449999996,19.01090325,18.63621959,41.33858274
2021-09-04,34.42430775,21.70905015,10.46771587,51.574803280000005
2021-09-05,32.69390475,18.85495335,18.95039281,68.89763804
2021-09-06,35.78299455,18.30378795,18.7933062,62.5984254
2021-09-07,36.726170999999994,22.7739957,18.63621959,48.42519696
2021-09-08,30.39097335,21.173907,8.11141672,61.417323030000006
2021-09-09,22.818858,14.5876941,14.394881119999999,73.62204752000001
2021-09-10,25.9955361,8.8111389,21.62086518,61.02362224
2021-09-11,29.17755495,15.1431321,18.007873149999998,62.20472461000001
2021-09-12,35.85135615,18.69259455,19.421652639999998,54.330708810000004
2021-09-13,37.852001099999995,24.10170615,17.06535349,43.307086690000006
2021-09-14,31.79665875,20.539425899999998,8.58267655,71.25984278000001
2021-09-15,28.03143,17.8711872,14.23779451,83.85826806000001
2021-09-16,29.354867849999998,19.327075649999998,10.15354265,80.31496095000001
2021-09-17,32.407640549999996,18.57296175,17.69369993,69.68503962000001
2021-09-18,37.1833392,20.8150086,20.835432129999997,61.417323030000006
2021-09-19,39.426454199999995,24.869706,17.69369993,46.062992220000005
2021-09-20,40.52130794999999,24.521489099999997,20.67834552,35.43307089
2021-09-21,33.9126639,22.4108247,13.13818824,63.385826980000004
2021-09-22,32.689632149999994,16.303143,21.9350384,68.11023646000001
2021-09-23,30.20511525,16.69088145,15.651574,55.118110390000005
2021-09-24,31.40571585,18.076272,19.578739249999998,61.81102382
2021-09-25,32.8210146,16.06815,23.19173128,54.7244096
2021-09-26,36.62683305,18.88913415,20.835432129999997,44.48818906
2021-09-27,37.3777425,20.3984301,23.5059045,44.88188985
2021-09-28,36.13441589999999,21.39501405,18.7933062,47.24409459
2021-09-29,29.2619388,21.0200934,12.03858197,66.14173251000001
2021-09-30,34.17863325,19.5310923,20.04999908,62.5984254
2021-10-01,28.1638806,20.22859425,5.12677113,72.83464594000002
2021-10-02,23.7417396,18.7406613,5.7551175699999995,90.94488228000002
2021-10-03,21.214496699999998,18.68832195,3.3988184199999996,90.94488228000002
2021-10-04,25.0363374,19.1828754,8.58267655,90.15748070000001
2021-10-05,30.22220565,16.3800498,19.73582586,77.95275621000002
2021-10-06,33.74710065,21.05320605,16.279920439999998,73.62204752000001
2021-10-07,27.546489899999997,20.55972075,7.640156889999999,86.22047280000001
2021-10-08,28.6765926,21.89277195,12.5098418,81.10236253000001
2021-10-09,24.779981399999997,19.01731215,2.14212554,88.97637833000002
2021-10-10,25.59070725,18.35505915,12.98110163,84.64566964000001
2021-10-11,29.862239099999996,20.04914505,19.578739249999998,72.83464594000002
2021-10-12,32.94171555,19.11558195,25.548030429999997,64.96063014
2021-10-13,34.5556902,19.16258055,26.01929026,53.93700802
2021-10-14,29.6400639,19.21598805,14.0807079,73.62204752000001
2021-10-15,23.755625549999998,20.01710055,3.2417318099999997,87.00787438000002
2021-10-16,25.79151945,18.4308978,14.0807079,88.18897675000001
2021-10-17,24.933795,18.26747085,9.83936943,87.40157517000002
2021-10-18,28.5954132,17.49413025,20.992518739999998,78.74015779000001
2021-10-19,28.5783228,17.31681735,17.850786539999998,68.50393725
2021-10-20,29.013059849999998,14.98825035,26.96180992,59.842519870000004
2021-10-21,30.562945499999998,16.13971605,26.49055009,54.7244096
2021-10-22,33.30915915,17.34245295,28.689762629999997,46.45669301
2021-10-23,31.87997445,18.29310645,10.31062926,61.02362224
2021-10-24,25.78511055,17.94488955,21.149605349999998,79.13385858000001
2021-10-25,30.62383005,14.90920725,25.705117039999998,59.842519870000004
2021-10-26,32.57213565,20.0053509,21.9350384,53.14960644000001
2021-10-27,33.7652592,18.73745685,25.862203649999998,46.45669301
2021-10-28,35.35787085,21.91199865,22.09212501,56.69291355
2021-10-29,35.231829149999996,22.4962767,21.149605349999998,68.11023646000001
2021-10-30,31.48048635,21.76886655,15.49448739,69.68503962000001
2021-10-31,31.260447449999997,19.089946349999998,23.977164329999997,75.59055147000001
2021-11-01,31.725092699999998,18.82504515,27.590156359999998,67.71653567000001
2021-11-02,33.61037745,19.2726,27.74724297,61.81102382
2021-11-03,34.31322015,20.4625191,26.49055009,59.842519870000004
2021-11-04,35.981670449999996,21.3170391,25.39094382,60.23622066
2021-11-05,35.62704465,23.0367606,19.10747942,63.77952777000001
2021-11-06,32.31791595,20.635559399999998,24.76259738,74.40944910000002
2021-11-07,33.14466405,21.48687495,25.23385721,69.68503962000001
2021-11-08,31.931245649999997,21.2721768,19.421652639999998,70.86614199000002
2021-11-09,34.00986555,20.5864245,28.846849239999997,63.77952777000001
2021-11-10,28.61570805,21.4537623,12.66692841,67.32283488000002
2021-11-11,31.2593793,19.47661665,22.87755806,70.86614199000002
2021-11-12,32.307234449999996,19.44670845,29.161022459999998,64.17322856000001
2021-11-13,29.604814949999998,19.535364899999998,28.689762629999997,58.661417500000006
2021-11-14,31.81588545,18.01966005,26.33346348,54.330708810000004
2021-11-15,34.2865164,20.9709585,24.91968399,52.75590565
2021-11-16,35.527706699999996,21.4815342,25.862203649999998,53.14960644000001
2021-11-17,33.16816335,22.2869193,18.47913298,70.07874041000001
2021-11-18,28.98956055,21.7122546,13.76653468,87.79527596000001
2021-11-19,29.6656995,19.3495068,24.60551077,78.34645700000002
2021-11-20,32.85839985,16.90878405,27.74724297,66.14173251000001
2021-11-21,34.42858035,19.7575401,29.94645551,59.842519870000004
2021-11-22,35.69967885,20.79471375,31.51732161,51.96850407
2021-11-23,35.0577207,20.33754555,22.24921162,48.42519696
2021-11-24,36.96650475,20.3001603,27.74724297,51.574803280000005
2021-11-25,36.9718455,22.15553685,20.992518739999998,58.661417500000006
2021-11-26,30.5479914,21.4067637,27.590156359999998,79.13385858000001
2021-11-27,31.37580765,16.47938775,31.51732161,71.65354357000001
2021-11-28,34.77679725,18.539849099999998,22.406298229999997,72.04724436000001
2021-11-29,28.70756895,20.07050805,26.33346348,73.22834673000001
2021-11-30,30.2724087,14.8739583,31.98858144,61.81102382
2021-12-01,33.3550896,16.3330512,31.20314839,57.086614340000004
2021-12-02,34.585598399999995,18.47682825,31.20314839,51.18110249
2021-12-03,35.8801962,18.97244985,31.04606178,53.54330723
2021-12-04,35.4144828,21.109818,30.417715339999997,57.874015920000005
2021-12-05,36.731511749999996,21.79236585,26.33346348,55.905511970000006
2021-12-06,35.352530099999996,20.96775405,28.53267602,57.874015920000005
2021-12-07,32.623406849999995,17.92566285,30.103542119999997,56.29921276
2021-12-08,32.06155995,18.17988255,31.51732161,50.787401700000004
2021-12-09,33.44160975,17.2837047,31.20314839,51.18110249
2021-12-10,35.273487,17.96197995,30.731888559999998,48.031496170000004
2021-12-11,36.57556185,19.9006722,26.96180992,44.48818906
2021-12-12,36.01585125,23.2781625,16.75118027,47.24409459
2021-12-13,33.08057505,23.85816795,15.651574,65.35433093000002
2021-12-14,35.1709446,22.970535299999998,20.3641723,70.86614199000002
2021-12-15,36.70373985,24.113455799999997,25.23385721,68.89763804
2021-12-16,37.309380899999994,22.9000374,27.118896529999997,67.32283488000002
2021-12-17,38.30916929999999,23.135030399999998,28.689762629999997,58.661417500000006
2021-12-18,37.2068385,25.309783799999998,28.37558941,56.69291355
2021-12-19,36.55099439999999,24.20852115,30.417715339999997,56.29921276
2021-12-20,36.4740876,22.4791863,29.003935849999998,54.7244096
2021-12-21,37.8050025,23.634924599999998,23.19173128,52.75590565
2021-12-22,38.426665799999995,23.481111,28.37558941,54.330708810000004
2021-12-23,36.88318905,23.180960849999998,28.846849239999997,51.18110249
2021-12-24,34.7714565,21.4537623,30.260628729999997,46.8503938
2021-12-25,36.43242975,20.63235495,29.7893689,49.21259854
2021-12-26,37.1705214,20.7423744,26.33346348,46.45669301
2021-12-27,38.64136395,19.68811035,29.7893689,47.63779538
2021-12-28,39.80030669999999,20.13032445,29.003935849999998,36.220472470000004
2021-12-29,38.5121178,23.0196702,26.6476367,49.606299330000006
2021-12-30,34.2651534,20.3877486,26.33346348,70.07874041000001
2021-12-31,33.59969595,19.85687805,26.96180992,67.71653567000001
2022-01-01,37.1299317,20.87162055,29.63228229,59.44881908
2022-01-02,38.3326686,23.79194265,29.003935849999998,55.905511970000006
2022-01-03,30.97631955,20.293751399999998,11.88149536,73.62204752000001
2022-01-04,33.847506749999994,22.122424199999998,21.46377857,77.95275621000002
2022-01-05,35.24464695,21.94831575,24.134250939999998,76.37795305000002
2022-01-06,35.25746475,21.0072756,28.06141619,70.86614199000002
2022-01-07,33.72573765,22.96305825,26.17637687,68.89763804
2022-01-08,33.50356245,20.86093905,27.433069749999998,64.96063014
2022-01-09,30.9902055,18.7128894,23.66299111,68.89763804
2022-01-10,31.6075962,18.51955425,26.49055009,67.32283488000002
2022-01-11,32.70885885,18.98526765,26.49055009,67.32283488000002
2022-01-12,34.71270825,22.0818345,24.44842416,62.20472461000001
2022-01-13,32.73449445,21.7485717,18.63621959,65.74803172000001
2022-01-14,34.11027165,22.931013749999998,21.62086518,74.80314989000001
2022-01-15,37.409786999999994,22.806040199999998,27.90432958,69.29133883000002
2022-01-16,38.17565055,23.887008,27.74724297,62.5984254
2022-01-17,38.26964775,22.80283575,31.20314839,58.26771671
2022-01-18,38.260034399999995,23.9126436,26.96180992,55.51181118
2022-01-19,35.27455515,21.96113355,20.04999908,66.14173251000001
2022-01-20,36.952618799999996,23.48645175,27.74724297,64.17322856000001
2022-01-21,37.12886355,23.31127515,27.275983139999997,60.23622066
2022-01-22,38.69263515,23.908371,29.7893689,55.51181118
2022-01-23,39.2555502,24.5022624,26.01929026,55.905511970000006
2022-01-24,38.20342245,24.3975837,20.992518739999998,64.17322856000001
2022-01-25,38.30062409999999,22.89042405,20.67834552,67.32283488000002
2022-01-26,35.337576,23.630651999999998,21.149605349999998,72.04724436000001
2022-01-27,31.57661985,23.032488,15.023227559999999,86.22047280000001
2022-01-28,28.605026549999998,22.639408799999998,12.35275519,91.33858307000001
2022-01-29,30.444380849999998,21.52105575,16.59409366,84.25196885000001
2022-01-30,31.9280412,21.1034091,23.03464467,75.19685068000001
2022-01-31,32.00174355,19.5225471,21.62086518,75.59055147000001
2022-02-01,35.40273315,21.11515875,28.37558941,61.81102382
2022-02-02,34.022683349999994,22.39266615,24.134250939999998,64.17322856000001
2022-02-03,31.5285531,22.370235,15.49448739,76.37795305000002
2022-02-04,31.069248599999998,22.543275299999998,13.29527485,89.76377991000001
2022-02-05,26.47513545,21.251881949999998,8.89684977,91.73228386000001
2022-02-06,31.352308349999998,22.06367595,20.3641723,76.37795305000002
2022-02-07,30.36961035,17.07114285,23.977164329999997,51.574803280000005
2022-02-08,31.65139035,15.91540455,30.731888559999998,48.42519696
2022-02-09,33.76205475,17.60308155,22.406298229999997,55.51181118
2022-02-10,34.30040235,21.28819905,28.37558941,57.086614340000004
2022-02-11,35.3568027,21.1931337,28.37558941,55.118110390000005
2022-02-12,36.60760635,21.27751755,28.37558941,55.905511970000006
2022-02-13,34.7223216,22.44607365,23.34881789,65.35433093000002
2022-02-14,34.8205914,21.3277206,26.6476367,62.20472461000001
2022-02-15,36.7197621,20.4582465,27.74724297,46.062992220000005
2022-02-16,38.067767399999994,21.7229361,26.80472331,46.45669301
2022-02-17,35.87592359999999,21.03184305,23.34881789,51.574803280000005
2022-02-18,35.83640205,19.51507005,25.39094382,50.39370091
2022-02-19,35.88553695,20.55438,25.23385721,51.574803280000005
2022-02-20,36.71228505,22.8274032,20.20708569,53.14960644000001
2022-02-21,36.2284131,22.62338655,17.850786539999998,68.11023646000001
2022-02-22,35.71783739999999,22.3082823,17.2224401,72.83464594000002
2022-02-23,35.93253555,21.98890545,26.01929026,68.50393725
2022-02-24,37.4802849,24.4296282,21.62086518,61.81102382
2022-02-25,35.3140767,23.963914799999998,16.12283383,77.16535463000001
2022-02-26,36.35979555,22.001723249999998,26.17637687,70.86614199000002
2022-02-27,37.2837453,24.238429349999997,24.44842416,61.417323030000006
2022-02-28,37.5037842,24.55032915,18.32204637,64.56692935000001
2022-03-01,34.39439955,23.7267855,16.75118027,80.70866174000001
2022-03-02,31.57661985,22.972671599999998,13.76653468,83.85826806000001
2022-03-03,32.040196949999995,21.1867248,11.88149536,83.46456727000002
2022-03-04,33.689420549999994,21.760321349999998,19.26456603,79.13385858000001
2022-03-05,34.83874994999999,22.2783741,21.77795179,71.25984278000001
2022-03-06,36.021192,23.89448505,22.09212501,64.56692935000001
2022-03-07,36.214527149999995,23.49499695,24.60551077,60.629921450000005
2022-03-08,37.18013474999999,23.76630705,21.77795179,66.92913409
2022-03-09,36.59478855,23.599675650000002,22.563384839999998,68.50393725
2022-03-10,34.4659656,21.95472465,13.60944807,79.92126016000002
2022-03-11,26.11623705,21.7955703,7.325983669999999,92.91338623000001
2022-03-12,26.74965,20.725284,10.46771587,92.91338623000001
2022-03-13,28.88274555,21.2230419,11.72440875,88.18897675000001
2022-03-14,29.0013102,18.717162,22.720471449999998,81.10236253000001
2022-03-15,30.981660299999998,17.4695628,21.62086518,75.59055147000001
2022-03-16,33.33693105,19.0653789,20.992518739999998,75.98425226
2022-03-17,34.547145,21.835091849999998,21.62086518,73.22834673000001
2022-03-18,32.4706614,21.951520199999997,12.03858197,79.52755937
2022-03-19,28.754567549999997,21.88636305,13.76653468,88.18897675000001
2022-03-20,31.620414,18.839999249999998,21.30669196,81.49606332000002
2022-03-21,31.15576875,19.40825505,24.60551077,70.07874041000001
2022-03-22,31.44844185,19.91349,21.30669196,66.53543330000001
2022-03-23,30.2937717,20.6932395,9.3681096,81.88976411000002
2022-03-24,31.926973049999997,19.21171545,7.95433011,82.28346490000001
2022-03-25,23.1841653,17.4247005,10.31062926,88.58267754
2022-03-26,26.805193799999998,13.867761,23.34881789,73.22834673000001
2022-03-27,29.316414449999996,14.98184145,23.977164329999997,75.59055147000001
2022-03-28,31.960085699999997,16.43879805,23.34881789,70.07874041000001
2022-03-29,32.79431085,21.1119543,22.87755806,73.62204752000001
2022-03-30,30.815028899999998,20.60031045,8.89684977,85.03937043
2022-03-31,23.0367606,13.97350785,8.89684977,79.52755937
2022-04-01,23.6028801,14.19141045,11.56732214,77.95275621000002
2022-04-02,26.97289335,16.9269426,15.651574,80.31496095000001
2022-04-03,30.54478695,19.62829395,19.89291247,77.55905542
2022-04-04,26.30209515,20.543698499999998,5.12677113,89.76377991000001
2022-04-05,29.014128,18.32942355,13.92362129,87.40157517000002
2022-04-06,31.4089203,20.97843555,18.007873149999998,81.88976411000002
2022-04-07,29.9156466,21.80091105,12.66692841,86.22047280000001
2022-04-08,25.68897705,20.760532949999998,7.168897059999999,91.73228386000001
2022-04-09,30.07693725,18.05811345,18.63621959,85.03937043
2022-04-10,30.212592299999997,20.42727015,16.279920439999998,81.10236253000001
2022-04-11,25.696454099999997,18.70754865,8.42558994,87.79527596000001
2022-04-12,23.05491915,19.7746305,3.7129916399999994,94.88189018000001
2022-04-13,25.90260705,19.93592115,8.26850333,90.94488228000002
2022-04-14,25.46893815,17.8113708,20.52125891,81.10236253000001
2022-04-15,25.2072414,10.8299424,23.5059045,68.11023646000001
2022-04-16,26.3245263,10.32684375,21.149605349999998,66.14173251000001
2022-04-17,26.21450685,14.4296079,18.47913298,67.71653567000001
2022-04-18,27.309360599999998,14.34949665,15.808660609999999,70.86614199000002
2022-04-19,28.417032149999997,14.81734635,19.421652639999998,72.04724436000001
2022-04-20,29.237371349999997,16.0937856,17.69369993,68.50393725
2022-04-21,28.96178865,18.42128445,12.66692841,75.19685068000001
2022-04-22,28.5099612,17.3755656,13.13818824,85.03937043
2022-04-23,25.5704124,16.23798585,11.25314892,89.37007912000001
2022-04-24,29.609087549999998,19.11344565,17.850786539999998,82.28346490000001
2022-04-25,30.9517521,21.31383465,18.47913298,76.77165384000001
2022-04-26,32.0626281,21.20701965,17.850786539999998,72.04724436000001
2022-04-27,32.43327615,21.8318874,18.32204637,70.4724412
2022-04-28,32.50591034999999,20.32045515,16.90826688,72.04724436000001
2022-04-29,29.91030585,20.56399335,13.76653468,84.64566964000001
2022-04-30,28.7065008,20.6782854,13.60944807,84.25196885000001
2022-05-01,29.1658053,20.45504205,13.92362129,88.18897675000001
2022-05-02,29.5930653,20.39736195,13.13818824,85.03937043
2022-05-03,22.78147275,14.8995939,2.4562987599999997,95.66929176000001
2022-05-04,18.8218407,13.52702115,6.540550619999999,93.30708702000001
2022-05-05,24.8504793,16.1685561,9.99645604,87.40157517000002
2022-05-06,26.8500561,12.92672085,12.35275519,81.49606332000002
2022-05-07,25.950673799999997,13.34543565,12.5098418,79.13385858000001
2022-05-08,25.3290105,13.0046958,12.35275519,74.01574831
2022-05-09,27.11816175,12.94594755,12.98110163,76.77165384000001
2022-05-10,22.80283575,17.7857352,5.283857739999999,89.37007912000001
2022-05-11,21.82868295,14.59944375,12.98110163,85.43307122000002
2022-05-12,24.2736783,11.017936800000001,15.49448739,84.64566964000001
2022-05-13,25.83210915,12.5475276,16.90826688,79.13385858000001
2022-05-14,19.48302555,16.196328,3.0846451999999998,87.79527596000001
2022-05-15,22.86906105,16.93441965,7.640156889999999,90.55118149000002
2022-05-16,18.23969895,10.706037,14.394881119999999,77.55905542
2022-05-17,16.3544142,7.8946662000000005,12.66692841,75.59055147000001
2022-05-18,15.78936285,9.57913875,7.483070279999999,82.28346490000001
2022-05-19,16.54561305,9.2853975,10.9389757,83.85826806000001
2022-05-20,20.21791275,5.012797500000001,16.59409366,77.55905542
2022-05-21,22.10640195,8.3796063,14.86614095,68.89763804
2022-05-22,23.5751082,9.7041123,11.56732214,67.71653567000001
2022-05-23,25.6195473,12.88399485,12.98110163,64.96063014
2022-05-24,28.30380825,14.22559125,15.023227559999999,62.99212619
2022-05-25,29.33564115,14.9978637,12.5098418,64.17322856000001
2022-05-26,25.9442649,16.34266455,8.58267655,71.65354357000001
2022-05-27,26.5189296,17.1192096,9.68228282,73.22834673000001
2022-05-28,25.64197845,18.64773225,7.01181045,73.62204752000001
2022-05-29,28.91479005,19.42748175,9.52519621,73.62204752000001
2022-05-30,21.0414564,15.95813055,1.9850389299999995,94.88189018000001
2022-05-31,17.221752,11.8425486,5.91220418,93.30708702000001
2022-06-01,15.60777735,12.230287050000001,1.5137790999999998,93.70078781000001
2022-06-02,15.22965225,13.33902675,2.29921215,95.66929176000001
2022-06-03,20.46358725,12.5154831,9.3681096,88.18897675000001
2022-06-04,22.6415451,11.36829,9.83936943,86.61417359000001
2022-06-05,25.46893815,16.3800498,11.09606231,79.13385858000001
2022-06-06,26.226256499999998,17.48772135,7.168897059999999,81.49606332000002
2022-06-07,22.89896925,17.21641125,8.73976316,88.97637833000002
2022-06-08,23.2696173,12.3146709,9.3681096,92.51968544000002
2022-06-09,19.3922328,15.6793434,1.8279523199999996,94.48818939000002
2022-06-10,19.80347055,13.867761,5.283857739999999,89.37007912000001
2022-06-11,16.06494555,6.3223494,13.76653468,77.16535463000001
2022-06-12,17.81884785,3.3678465000000006,15.023227559999999,66.14173251000001
2022-06-13,21.0863187,3.210828450000001,14.86614095,66.53543330000001
2022-06-14,22.85410695,7.76755635,14.86614095,68.50393725
2022-06-15,25.376009099999997,11.15466,13.29527485,68.50393725
2022-06-16,28.10299605,14.9295021,12.82401502,69.68503962000001
2022-06-17,23.5857897,16.6086339,3.0846451999999998,81.49606332000002
2022-06-18,17.8583694,8.051684250000001,14.86614095,77.16535463000001
2022-06-19,21.3405384,4.372975650000001,12.66692841,76.77165384000001
2022-06-20,23.9703237,14.6346927,9.68228282,81.49606332000002
2022-06-21,28.1190183,16.5274545,12.03858197,76.37795305000002
2022-06-22,29.94662295,18.21192705,13.29527485,72.83464594000002
2022-06-23,27.76118805,16.94296485,9.99645604,79.92126016000002
2022-06-24,28.4074188,17.84234715,11.25314892,77.16535463000001
2022-06-25,26.9483259,16.22089545,10.15354265,83.07086648
2022-06-26,21.72614055,16.84683135,7.325983669999999,90.94488228000002
2022-06-27,25.496710049999997,15.75518205,13.60944807,79.92126016000002
2022-06-28,27.10748025,14.18927415,9.52519621,75.19685068000001
2022-06-29,21.09806835,12.271944900000001,13.76653468,79.52755937
2022-06-30,24.84941115,7.6019931000000005,13.92362129,81.10236253000001
2022-07-01,27.5699892,13.0367403,12.82401502,72.83464594000002
2022-07-02,30.2019108,14.8696857,13.92362129,59.842519870000004
2022-07-03,30.87591345,20.37813525,12.98110163,61.02362224
2022-07-04,30.481766099999998,17.905368,13.92362129,59.44881908
2022-07-05,29.00665095,17.2153431,13.13818824,60.23622066
2022-07-06,28.6872741,15.3289902,13.45236146,58.661417500000006
2022-07-07,29.63472315,15.7434324,13.76653468,53.93700802
2022-07-08,29.6101557,18.01325115,11.72440875,51.18110249
2022-07-09,29.2619388,17.4802443,14.394881119999999,53.54330723
2022-07-10,29.041899899999997,18.32301465,12.66692841,57.086614340000004
2022-07-11,30.16452555,17.97907035,11.72440875,54.7244096
2022-07-12,25.75733865,13.31552745,10.31062926,78.74015779000001
2022-07-13,25.62275175,8.895522750000001,14.55196773,77.95275621000002
2022-07-14,29.07287625,18.29951535,13.29527485,71.25984278000001
2022-07-15,31.0115685,17.86798275,11.41023553,53.14960644000001
2022-07-16,27.76973325,15.3973518,4.1842514699999995,64.96063014
2022-07-17,17.23991055,10.487066250000002,5.7551175699999995,83.46456727000002
2022-07-18,22.38839355,8.7000513,7.640156889999999,78.74015779000001
2022-07-19,28.575118349999997,16.1685561,13.92362129,79.13385858000001
2022-07-20,29.97439485,18.7662969,13.92362129,70.07874041000001
2022-07-21,29.942350349999998,17.09677845,11.41023553,66.92913409
2022-07-22,30.8107563,17.45567685,15.023227559999999,59.44881908
2022-07-23,31.29890085,17.7301914,12.35275519,49.606299330000006
2022-07-24,31.054294499999997,17.6661024,11.09606231,51.574803280000005
2022-07-25,31.3704669,18.44905635,15.180314169999999,50.39370091
2022-07-26,31.74752385,19.28434965,15.49448739,51.18110249
2022-07-27,30.554400299999998,17.6960106,15.49448739,53.14960644000001
2022-07-28,31.975039799999998,18.07520385,15.33740078,53.54330723
2022-07-29,26.73576405,11.182431900000001,17.37952671,70.4724412
2022-07-30,23.7417396,7.675695450000001,17.37952671,65.35433093000002
2022-07-31,27.355291049999998,10.2616866,17.06535349,54.7244096
2022-08-01,29.46168285,17.01559905,11.56732214,56.29921276
2022-08-02,31.39930695,19.6165443,11.09606231,53.14960644000001
2022-08-03,32.6330202,18.19697295,16.279920439999998,47.24409459
2022-08-04,27.7601199,18.90836085,5.7551175699999995,59.05511829
2022-08-05,22.86051585,12.86476815,13.76653468,83.07086648
2022-08-06,20.86307535,11.472968700000001,4.812597909999999,81.88976411000002
2022-08-07,19.7254956,15.9656076,2.29921215,95.27559097000001
2022-08-08,24.11025135,18.27601605,6.69763723,92.91338623000001
2022-08-09,19.8600825,14.7094632,3.5559050299999995,94.88189018000001
2022-08-10,17.5293792,10.71992295,10.78188909,88.18897675000001
2022-08-11,22.589205749999998,8.20977045,18.7933062,75.59055147000001
2022-08-12,24.48196755,11.346927,18.63621959,67.32283488000002
2022-08-13,27.546489899999997,11.95897695,16.12283383,62.5984254
2022-08-14,31.492236,15.8993823,17.69369993,54.330708810000004
2022-08-15,33.0239631,18.71395755,18.007873149999998,45.66929143
2022-08-16,26.04360285,16.3715046,3.5559050299999995,81.49606332000002
2022-08-17,22.4620959,14.72121285,4.9696845199999995,92.12598465
2022-08-18,21.18138405,13.0089684,6.2263774,85.43307122000002
2022-08-19,16.5466812,4.202071650000001,20.52125891,58.661417500000006
2022-08-20,21.710118299999998,1.9824559500000003,16.59409366,61.417323030000006
2022-08-21,25.525550099999997,9.7511109,15.023227559999999,71.25984278000001
2022-08-22,27.21002265,13.0153773,19.89291247,73.62204752000001
2022-08-23,28.9991739,14.2629765,15.651574,68.50393725
2022-08-24,29.3730264,14.52680955,18.63621959,61.81102382
2022-08-25,30.1720026,15.63554925,19.421652639999998,57.086614340000004
2022-08-26,30.64519305,15.5298024,19.89291247,59.05511829
2022-08-27,32.645838,16.1044671,19.73582586,51.574803280000005
2022-08-28,27.70564425,16.01794695,13.13818824,63.77952777000001
2022-08-29,25.23180885,10.218960599999999,19.10747942,63.385826980000004
2022-08-30,24.53964765,9.12837945,20.67834552,55.51181118
2022-08-31,26.987847449999997,12.311466450000001,19.89291247,60.629921450000005
2022-09-01,31.360853549999998,16.02862845,19.10747942,59.05511829
2022-09-02,27.45142455,18.8047503,7.7972434999999995,71.25984278000001
2022-09-03,23.48645175,15.32792205,14.0807079,73.62204752000001
2022-09-04,24.8526156,7.6030612500000005,15.96574722,61.417323030000006
2022-09-05,19.3131897,12.9534246,6.854723839999999,85.82677201000001
2022-09-06,18.0271371,14.63148825,4.812597909999999,90.94488228000002
2022-09-07,26.496498449999997,15.30655905,17.2224401,84.64566964000001
2022-09-08,33.5089032,18.1147254,19.421652639999998,66.92913409
2022-09-09,33.58260555,20.63662755,14.0807079,60.629921450000005
2022-09-10,24.659280449999997,14.22559125,14.70905434,74.01574831
2022-09-11,25.531959,11.41422045,12.98110163,69.29133883000002
2022-09-12,21.9622017,17.40654195,6.69763723,85.82677201000001
2022-09-13,23.37750045,15.5191209,8.26850333,89.76377991000001
2022-09-14,22.20680805,15.3268539,9.68228282,83.07086648
2022-09-15,25.76161125,11.78807295,21.9350384,68.89763804
2022-09-16,27.8947068,12.88185855,22.406298229999997,66.53543330000001
2022-09-17,27.0935943,13.80687645,24.91968399,57.874015920000005
2022-09-18,29.287574399999997,13.03139955,23.82007772,51.96850407
2022-09-19,22.593478349999998,15.68254785,3.5559050299999995,76.37795305000002
2022-09-20,26.296754399999998,13.96923525,15.49448739,84.25196885000001
2022-09-21,21.372582899999998,16.47084255,3.0846451999999998,92.91338623000001
2022-09-22,22.54861605,15.37064805,17.2224401,79.52755937
2022-09-23,21.626802599999998,6.52209345,25.862203649999998,62.5984254
2022-09-24,26.775285599999997,8.77375365,23.5059045,57.48031513
2022-09-25,23.093372549999998,15.982698,7.01181045,75.59055147000001
2022-09-26,19.80774315,16.05212775,3.2417318099999997,93.70078781000001
2022-09-27,20.73062475,17.17368525,2.92755859,94.48818939000002
2022-09-28,22.33712235,16.86178545,6.69763723,89.37007912000001
2022-09-29,25.312988249999997,15.0299082,17.2224401,81.88976411000002
2022-09-30,24.7821177,16.89169365,13.29527485,79.13385858000001
2022-10-01,25.7626794,17.948094,13.92362129,83.46456727000002
2022-10-02,29.945554799999996,15.78081765,22.720471449999998,68.89763804
2022-10-03,29.9177829,14.1711156,26.17637687,58.661417500000006
2022-10-04,31.319195699999998,12.7611576,26.80472331,53.14960644000001
2022-10-05,27.18652335,17.691738,6.069290789999999,69.29133883000002
2022-10-06,21.6844827,18.70968495,3.8700782499999997,87.79527596000001
2022-10-07,23.330501849999997,13.854943200000001,20.52125891,77.16535463000001
2022-10-08,28.394601,11.2871106,27.74724297,66.14173251000001
2022-10-09,26.69731065,16.8115824,15.808660609999999,61.81102382
2022-10-10,23.12755335,15.3311265,6.854723839999999,88.18897675000001
2022-10-11,19.29075855,16.0510596,3.3988184199999996,96.06299255000002
2022-10-12,21.03611565,15.31296795,9.3681096,92.51968544000002
2022-10-13,28.71611415,16.55629455,16.90826688,85.03937043
2022-10-14,27.23138565,18.674436,16.59409366,83.46456727000002
2022-10-15,26.684492849999998,19.0055625,15.651574,75.19685068000001
2022-10-16,29.5823838,18.3582636,19.89291247,74.80314989000001
2022-10-17,33.3059547,18.06665865,23.66299111,67.32283488000002
2022-10-18,27.6191241,19.627225799999998,12.98110163,82.28346490000001
2022-10-19,29.649677249999996,19.48943445,18.7933062,79.13385858000001
2022-10-20,24.77250435,18.1104528,4.34133808,91.73228386000001
2022-10-21,27.54542175,16.94082855,21.62086518,81.10236253000001
2022-10-22,28.7278638,14.6838276,22.24921162,75.19685068000001
2022-10-23,32.51766,16.21662285,28.53267602,62.5984254
2022-10-24,33.568719599999994,18.3582636,28.53267602,50.787401700000004
2022-10-25,34.3206972,18.0954987,28.37558941,48.031496170000004
2022-10-26,35.1987165,19.6699518,28.37558941,47.24409459
2022-10-27,30.237159749999996,20.19654975,17.2224401,66.14173251000001
2022-10-28,34.162611,18.80795475,27.433069749999998,67.71653567000001
2022-10-29,28.529187899999997,20.5693341,9.52519621,77.16535463000001
2022-10-30,27.7729377,19.3922328,11.88149536,85.43307122000002
2022-10-31,24.8462067,13.78978605,7.168897059999999,91.33858307000001
2022-11-01,20.362113,10.4219091,24.91968399,66.53543330000001
2022-11-02,24.0130497,7.571016750000001,30.103542119999997,52.75590565
2022-11-03,27.10748025,10.930348500000001,30.103542119999997,53.93700802
2022-11-04,28.00686255,12.4663482,29.161022459999998,53.54330723
2022-11-05,28.608230999999996,14.2373409,28.2185028,52.362204860000006
2022-11-06,29.18610015,14.94979695,27.433069749999998,50.39370091
2022-11-07,29.291846999999997,15.8780193,27.118896529999997,51.18110249
2022-11-08,30.341838449999997,14.1198444,29.003935849999998,47.24409459
2022-11-09,32.08505925,14.2202505,29.47519568,44.48818906
2022-11-10,34.5343272,18.39778515,24.76259738,46.062992220000005
2022-11-11,29.32282335,18.32515095,20.835432129999997,73.62204752000001
2022-11-12,30.63878415,19.3409616,18.007873149999998,76.37795305000002
2022-11-13,26.73576405,19.19248875,7.95433011,86.61417359000001
2022-11-14,27.708848699999997,16.44520695,23.34881789,77.95275621000002
2022-11-15,28.5142338,13.29202815,30.88897517,57.086614340000004
2022-11-16,31.547779799999997,15.384534,31.04606178,51.18110249
2022-11-17,32.2228506,17.20145715,30.88897517,48.031496170000004
2022-11-18,32.15128455,16.8436269,31.674408219999997,41.732283530000004
2022-11-19,32.9321022,17.5037436,30.574801949999998,47.24409459
2022-11-20,33.29420505,19.8899907,28.53267602,58.661417500000006
2022-11-21,28.633866599999998,20.94639105,10.31062926,74.80314989000001
2022-11-22,28.995969449999997,18.2599938,20.20708569,83.46456727000002
2022-11-23,29.13910155,18.70327605,28.689762629999997,73.62204752000001
2022-11-24,32.04233325,15.384534,31.04606178,59.44881908
2022-11-25,32.116035600000004,17.5037436,30.103542119999997,57.874015920000005
2022-11-26,31.61934585,17.8605057,28.689762629999997,57.48031513
2022-11-27,32.28373515,18.81009105,28.06141619,63.77952777000001
2022-11-28,31.7614098,19.19462505,29.31810907,62.99212619
2022-11-29,31.985721299999998,17.81243895,28.2185028,62.99212619
2022-11-30,32.465320649999995,19.9882605,26.96180992,65.74803172000001
2022-12-01,34.1668836,19.78851645,25.548030429999997,70.4724412
2022-12-02,33.4512231,21.135453599999998,20.992518739999998,77.16535463000001
2022-12-03,32.86908135,20.1399378,22.87755806,80.31496095000001
2022-12-04,32.324324849999996,22.0134729,21.62086518,79.92126016000002
2022-12-05,32.62981575,21.5712588,23.19173128,80.31496095000001
2022-12-06,34.69561785,22.6009554,26.6476367,74.80314989000001
2022-12-07,35.50954815,22.9192641,25.39094382,73.22834673000001
2022-12-08,35.602477199999996,23.1777564,24.60551077,74.01574831
2022-12-09,35.77658565,24.3399036,23.5059045,74.40944910000002
2022-12-10,33.59969595,22.3745076,24.44842416,73.62204752000001
2022-12-11,33.519584699999996,23.9019621,20.52125891,80.31496095000001
2022-12-12,32.82208275,22.42471065,23.34881789,79.92126016000002
2022-12-13,31.81161285,22.547547899999998,27.90432958,72.83464594000002
2022-12-14,30.8022111,16.3074156,30.103542119999997,61.02362224
2022-12-15,32.24314545,18.6423915,28.846849239999997,67.32283488000002
2022-12-16,33.64242195,20.09400735,27.90432958,62.20472461000001
2022-12-17,33.157481849999996,18.033546,27.433069749999998,59.842519870000004
2022-12-18,28.7620446,19.9498071,18.32204637,78.34645700000002
2022-12-19,30.7146228,19.46807145,23.82007772,79.52755937
2022-12-20,32.57213565,17.8305975,29.003935849999998,72.44094515
2022-12-21,32.5219326,18.8111592,29.003935849999998,65.74803172000001
2022-12-22,31.65779925,19.32493935,29.7893689,62.99212619
2022-12-23,32.39268645,18.7043442,29.31810907,62.20472461000001
2022-12-24,33.5259936,18.28456125,27.590156359999998,60.629921450000005
2022-12-25,29.234166899999998,21.40569555,19.26456603,71.65354357000001
2022-12-26,34.31749275,18.831454049999998,27.590156359999998,68.11023646000001
2022-12-27,36.21773159999999,20.69858025,26.17637687,64.56692935000001
2022-12-28,31.257243,21.260427149999998,26.01929026,75.19685068000001
2022-12-29,33.16602705,16.7774016,30.731888559999998,57.874015920000005
2022-12-30,34.93488345,18.2535849,29.47519568,53.14960644000001
2022-12-31,36.08848544999999,21.06816015,27.90432958,61.02362224
2023-01-01,36.7966689,22.49520855,28.2185028,63.77952777000001
2023-01-02,30.57683145,20.9837763,12.66692841,81.49606332000002
2023-01-03,30.2617272,21.02970675,16.43700705,88.18897675000001
2023-01-04,30.38456445,19.5823635,26.6476367,77.16535463000001
2023-01-05,31.96542645,16.7539023,31.20314839,62.5984254
2023-01-06,30.817165199999998,17.081824349999998,31.20314839,59.842519870000004
2023-01-07,30.648397499999998,17.542197,29.7893689,61.417323030000006
2023-01-08,31.2892875,18.99167655,29.161022459999998,62.5984254
2023-01-09,30.60246705,19.550319000000002,20.52125891,72.44094515
2023-01-10,30.9688425,19.664611049999998,18.16495976,81.10236253000001
2023-01-11,32.7676071,19.6336347,27.74724297,75.98425226
2023-01-12,32.6842914,20.6483772,25.548030429999997,75.98425226
2023-01-13,31.633231799999997,21.297812399999998,21.46377857,81.10236253000001
2023-01-14,29.2982559,20.45290575,15.808660609999999,87.40157517000002
2023-01-15,30.1720026,20.881233899999998,20.835432129999997,84.25196885000001
2023-01-16,33.69369315,20.80753155,26.96180992,76.77165384000001
2023-01-17,32.2207143,22.243125149999997,18.95039281,79.13385858000001
2023-01-18,34.0237515,20.9880489,23.03464467,81.10236253000001
2023-01-19,32.4834792,20.0801214,26.33346348,77.95275621000002
2023-01-20,33.51851655,20.96989035,26.49055009,75.19685068000001
2023-01-21,33.6840798,21.7442991,23.66299111,78.34645700000002
2023-01-22,26.733627749999997,21.3426747,10.31062926,86.61417359000001
2023-01-23,32.70992699999999,20.25850245,26.17637687,78.34645700000002
2023-01-24,34.8141825,21.45055785,28.689762629999997,70.07874041000001
2023-01-25,35.43477765,21.1418625,28.53267602,65.74803172000001
2023-01-26,35.0149947,22.387325399999998,28.689762629999997,60.23622066
2023-01-27,35.50100295,20.68148985,28.37558941,60.23622066
2023-01-28,35.55013785,22.11921975,25.548030429999997,66.14173251000001
2023-01-29,34.16581545,21.6203937,17.53661332,77.55905542
2023-01-30,32.21750985,21.284994599999997,19.73582586,82.67716569000001
2023-01-31,26.31277665,22.06367595,10.9389757,92.12598465
2023-02-01,30.587512949999997,21.77527545,20.992518739999998,84.64566964000001
2023-02-02,31.41639735,22.589205749999998,15.33740078,87.00787438000002
2023-02-03,28.074156,21.03611565,10.46771587,90.55118149000002
2023-02-04,31.727228999999998,21.344811,23.03464467,81.88976411000002
2023-02-05,32.944919999999996,18.93399645,25.862203649999998,71.65354357000001
2023-02-06,34.510827899999995,18.76095615,27.118896529999997,62.20472461000001
2023-02-07,35.6131587,18.96817725,28.06141619,59.44881908
2023-02-08,35.855628749999994,19.1123775,28.06141619,59.44881908
2023-02-09,35.2499877,20.21364015,24.60551077,62.5984254
2023-02-10,32.931034049999994,22.31148675,18.007873149999998,77.16535463000001
2023-02-11,33.623195249999995,19.9241715,23.34881789,77.55905542
2023-02-12,35.02674435,21.64282485,23.5059045,74.40944910000002
2023-02-13,32.853059099999996,21.88422675,19.421652639999998,81.10236253000001
2023-02-14,31.196358449999998,22.4150973,15.023227559999999,86.22047280000001
2023-02-15,29.233098749999996,21.28606275,15.808660609999999,86.61417359000001
2023-02-16,29.1593964,19.4178684,14.86614095,88.58267754
2023-02-17,27.4888098,20.0929392,14.394881119999999,87.00787438000002
2023-02-18,26.638562399999998,12.3766236,28.689762629999997,61.417323030000006
2023-02-19,29.2469847,13.995939,20.04999908,69.29133883000002
2023-02-20,23.2268913,18.881657099999998,4.34133808,89.76377991000001
2023-02-21,30.3856326,16.84042245,22.09212501,83.07086648
2023-02-22,32.707790700000004,20.71353435,21.30669196,80.70866174000001
2023-02-23,31.599051,20.94425475,13.92362129,87.40157517000002
2023-02-24,28.1895162,19.868627699999998,12.98110163,88.58267754
2023-02-25,31.571279099999998,21.20915595,18.16495976,83.85826806000001
2023-02-26,27.540081,20.08332585,13.60944807,83.07086648
2023-02-27,27.54969435,20.2424802,10.46771587,84.64566964000001
2023-02-28,31.779568349999998,19.73510895,19.26456603,80.31496095000001
2023-03-01,29.91030585,19.6806333,19.10747942,80.70866174000001
2023-03-02,29.2811655,20.55331185,10.46771587,85.82677201000001
2023-03-03,28.2429237,21.045729,9.05393638,89.76377991000001
2023-03-04,33.4255875,22.5902739,21.149605349999998,80.70866174000001
2023-03-05,32.586021599999995,20.7124662,23.66299111,77.55905542
2023-03-06,33.9468447,19.62615765,25.862203649999998,69.29133883000002
2023-03-07,35.92399035,19.379415,24.91968399,66.92913409
2023-03-08,29.61976905,21.1461351,10.9389757,80.31496095000001
2023-03-09,29.8857384,22.01881365,9.05393638,85.43307122000002
2023-03-10,33.36256665,20.52981255,22.24921162,79.13385858000001
2023-03-11,33.0175542,21.12797655,21.149605349999998,79.13385858000001
2023-03-12,31.89492855,21.53600985,18.95039281,79.13385858000001
2023-03-13,29.762901149999998,22.5603657,13.45236146,84.64566964000001
2023-03-14,30.8812542,22.4727774,15.33740078,84.64566964000001
2023-03-15,31.056430799999998,22.7504964,15.023227559999999,83.07086648
2023-03-16,31.87356555,22.0903797,18.7933062,80.31496095000001
2023-03-17,33.135050699999994,23.145711900000002,20.20708569,73.62204752000001
2023-03-18,34.29399345,22.2078762,22.09212501,69.68503962000001
2023-03-19,33.890232749999996,20.62808235,20.3641723,74.40944910000002
2023-03-20,34.244858550000004,19.8323106,22.406298229999997,72.04724436000001
2023-03-21,35.43477765,21.27324495,22.87755806,70.07874041000001
2023-03-22,34.61657475,21.77100285,22.24921162,68.11023646000001
2023-03-23,35.30232705,22.5176397,22.09212501,65.35433093000002
2023-03-24,35.50313925,22.089311549999998,20.67834552,69.68503962000001
2023-03-25,34.96265535,22.08290265,18.16495976,74.40944910000002
2023-03-26,31.06177155,21.64496115,19.73582586,78.34645700000002
2023-03-27,32.62127055,17.63726235,23.66299111,68.11023646000001
2023-03-28,33.485403899999994,20.5714704,20.67834552,74.40944910000002
2023-03-29,35.1816261,22.10640195,19.89291247,74.80314989000001
2023-03-30,28.86138255,19.00449435,11.25314892,80.70866174000001
2023-03-31,32.2890759,18.49391865,22.87755806,75.19685068000001
2023-04-01,32.2378047,21.39074145,21.77795179,72.44094515
2023-04-02,32.41832205,15.06515715,22.563384839999998,61.81102382
2023-04-03,32.5347504,18.4031259,21.30669196,66.92913409
2023-04-04,33.2888643,20.6334231,19.578739249999998,70.4724412
2023-04-05,29.1059889,19.80987945,10.15354265,75.59055147000001
2023-04-06,23.130757799999998,19.9070811,3.3988184199999996,91.73228386000001
2023-04-07,27.3734496,18.75454725,12.82401502,88.18897675000001
2023-04-08,29.26087065,18.40419405,17.37952671,84.25196885000001
2023-04-09,30.73491765,19.14335385,18.47913298,80.70866174000001
2023-04-10,31.0799301,20.1356652,20.67834552,74.80314989000001
2023-04-11,30.98486475,19.3644609,21.30669196,72.04724436000001
2023-04-12,32.1053541,19.21385175,20.52125891,68.89763804
2023-04-13,28.73961345,19.03440255,10.78188909,80.31496095000001
2023-04-14,27.6789405,18.67977675,15.33740078,85.43307122000002
2023-04-15,28.188448049999998,18.4073985,11.25314892,86.22047280000001
2023-04-16,29.2768929,20.9196873,9.83936943,87.40157517000002
2023-04-17,24.4915809,20.9025969,4.9696845199999995,95.66929176000001
2023-04-18,26.367252299999997,19.993601249999998,14.55196773,84.64566964000001
2023-04-19,24.31106355,12.05511045,17.850786539999998,74.40944910000002
2023-04-20,23.34545595,12.18328845,20.835432129999997,68.50393725
2023-04-21,25.8182232,11.41635675,20.67834552,67.32283488000002
2023-04-22,27.13952475,12.46741635,20.20708569,67.32283488000002
2023-04-23,28.1147457,14.102754000000001,18.63621959,73.62204752000001
2023-04-24,29.517226649999998,18.23756265,17.37952671,70.07874041000001
2023-04-25,27.72700725,18.32301465,12.66692841,79.92126016000002
2023-04-26,25.53516345,18.0634542,10.78188909,89.37007912000001
2023-04-27,25.59497985,14.66994165,17.06535349,83.07086648
2023-04-28,26.9120088,13.1948265,18.47913298,78.74015779000001
2023-04-29,27.71418945,15.94744905,17.53661332,79.52755937
2023-04-30,28.438395149999998,16.217691,18.95039281,75.98425226
2023-05-01,29.6443365,17.211070499999998,14.70905434,76.37795305000002
2023-05-02,29.1893046,19.68170145,11.88149536,82.67716569000001
2023-05-03,23.9318703,20.21577645,5.283857739999999,93.30708702000001
2023-05-04,27.4567653,20.26704765,9.05393638,90.94488228000002
2023-05-05,30.73919025,21.368310299999997,14.86614095,82.67716569000001
2023-05-06,29.16046455,20.8385079,11.72440875,81.88976411000002
2023-05-07,29.859034649999998,20.3706582,13.45236146,82.28346490000001
2023-05-08,24.7692999,19.8942633,8.42558994,90.15748070000001
2023-05-09,26.3394804,17.35954335,14.23779451,83.85826806000001
2023-05-10,25.8780396,13.0730574,17.850786539999998,74.40944910000002
2023-05-11,24.37942515,9.95299125,18.007873149999998,71.25984278000001
2023-05-12,23.7780567,9.36764505,17.850786539999998,70.86614199000002
2023-05-13,24.676370849999998,7.172596800000001,17.69369993,69.68503962000001
2023-05-14,26.1664401,9.1166298,17.53661332,71.25984278000001
2023-05-15,26.9483259,10.101464100000001,17.53661332,70.86614199000002
2023-05-16,27.84450375,11.18350005,17.53661332,68.50393725
2023-05-17,26.6278809,12.54859575,16.75118027,68.89763804
2023-05-18,25.9869909,11.55521625,16.90826688,72.44094515
2023-05-19,25.49884635,11.9792718,15.180314169999999,75.19685068000001
2023-05-20,25.04167815,13.4234106,10.31062926,79.52755937
2023-05-21,24.56101065,15.47319045,8.26850333,78.74015779000001
2023-05-22,24.055775699999998,17.328567,6.383464009999999,83.85826806000001
2023-05-23,28.79302095,17.7686448,15.49448739,72.04724436000001
2023-05-24,28.45334925,17.04977985,15.49448739,69.68503962000001
2023-05-25,29.18182755,16.5851346,15.808660609999999,66.92913409
2023-05-26,29.24378025,17.2495239,13.29527485,68.50393725
2023-05-27,26.02437615,19.315326,4.6555113,80.70866174000001
2023-05-28,24.81523035,18.3347643,7.95433011,88.97637833000002
2023-05-29,25.18267395,15.96240315,9.52519621,88.58267754
2023-05-30,21.17924775,16.41102615,6.2263774,88.18897675000001
2023-05-31,24.59091885,15.33646725,8.89684977,85.03937043
2023-06-01,26.3501619,13.0324677,14.86614095,82.28346490000001
2023-06-02,26.005149449999998,14.5043784,15.49448739,79.13385858000001
2023-06-03,26.362979699999997,13.6220865,15.49448739,77.16535463000001
2023-06-04,27.70991685,14.86648125,15.180314169999999,76.77165384000001
2023-06-05,27.441811199999997,14.6945091,14.394881119999999,75.98425226
2023-06-06,26.051079899999998,14.43708495,14.86614095,74.40944910000002
2023-06-07,27.2773161,14.0856636,14.86614095,72.83464594000002
2023-06-08,27.9053883,14.5556496,15.023227559999999,72.44094515
2023-06-09,28.821861,13.64024505,15.180314169999999,68.50393725
2023-06-10,28.0677471,16.17389685,9.3681096,70.07874041000001
2023-06-11,23.8101012,16.01153805,3.3988184199999996,81.10236253000001
2023-06-12,17.5614237,12.482370450000001,5.283857739999999,90.15748070000001
2023-06-13,13.45225065,9.607978800000001,2.92755859,87.79527596000001
2023-06-14,12.35632875,10.00853505,2.14212554,97.24409492000001
2023-06-15,13.3614579,10.734877050000001,3.2417318099999997,97.24409492000001
2023-06-16,15.3866703,11.5669659,3.8700782499999997,93.30708702000001
2023-06-17,18.51100905,11.397130050000001,7.7972434999999995,86.61417359000001
2023-06-18,20.210435699999998,6.767767950000001,15.651574,80.31496095000001
2023-06-19,22.9812168,8.9734977,15.33740078,79.13385858000001
2023-06-20,24.54605655,10.5479508,14.394881119999999,77.16535463000001
2023-06-21,23.17882455,14.8376412,6.069290789999999,80.70866174000001
2023-06-22,22.80924465,17.32108995,5.283857739999999,88.58267754
2023-06-23,22.7269971,17.8925502,4.34133808,85.82677201000001
2023-06-24,28.96392495,15.2157663,14.70905434,74.40944910000002
2023-06-25,28.732136399999998,15.64623075,14.70905434,71.25984278000001
2023-06-26,28.3646928,16.2347814,14.86614095,72.44094515
2023-06-27,27.725939099999998,14.8632768,15.180314169999999,70.86614199000002
2023-06-28,28.5120975,13.90941885,14.86614095,70.86614199000002
2023-06-29,28.01113515,15.1644951,14.394881119999999,73.62204752000001
2023-06-30,26.68662915,15.46678155,14.394881119999999,75.98425226
2023-07-01,27.4567653,14.78743815,14.70905434,77.95275621000002
2023-07-02,27.066890549999997,14.11236735,15.023227559999999,76.77165384000001
2023-07-03,26.8372383,14.08673175,15.023227559999999,74.40944910000002
2023-07-04,25.847063249999998,13.3593216,15.33740078,72.83464594000002
2023-07-05,25.8374499,13.6733577,11.72440875,70.4724412
2023-07-06,26.084192549999997,15.2029485,11.25314892,68.11023646000001
2023-07-07,27.700303499999997,17.4887895,8.42558994,66.14173251000001
2023-07-08,26.01155835,18.50887275,6.2263774,74.80314989000001
2023-07-09,26.55417855,19.2320103,9.3681096,87.40157517000002
2023-07-10,23.838941249999998,19.3025082,4.1842514699999995,89.76377991000001
2023-07-11,28.6979556,19.79919795,8.58267655,81.49606332000002
2023-07-12,30.28202205,18.28669755,8.42558994,72.44094515
2023-07-13,18.27601605,11.63425935,8.42558994,84.25196885000001
2023-07-14,16.93014705,7.45352025,13.45236146,80.31496095000001
2023-07-15,21.0585468,6.293509350000001,13.76653468,79.13385858000001
2023-07-16,24.422151149999998,13.11257895,11.25314892,68.89763804
2023-07-17,21.2956761,14.76821145,6.69763723,83.07086648
2023-07-18,17.4182916,12.0027711,7.95433011,89.37007912000001
2023-07-19,23.0004435,11.1503874,10.78188909,86.61417359000001
2023-07-20,27.1064121,15.0320445,12.82401502,74.80314989000001
2023-07-21,29.232030599999998,17.80603005,15.49448739,70.07874041000001
2023-07-22,29.57277045,18.32301465,15.96574722,68.50393725
2023-07-23,30.7402584,15.9335631,15.49448739,64.96063014
2023-07-24,29.20746315,19.4477766,11.25314892,65.74803172000001
2023-07-25,30.49778835,17.2666143,15.808660609999999,59.842519870000004
2023-07-26,30.04702905,17.794280399999998,11.41023553,64.17322856000001
2023-07-27,22.39907505,16.62892875,2.92755859,92.51968544000002
2023-07-28,20.5736067,16.71865335,3.5559050299999995,93.30708702000001
2023-07-29,24.0002319,14.8034604,11.88149536,86.22047280000001
2023-07-30,26.8073301,13.80687645,16.12283383,81.49606332000002
2023-07-31,29.358072299999996,15.57359655,16.90826688,75.19685068000001
2023-08-01,29.4905229,16.60542945,17.06535349,72.44094515
2023-08-02,30.38456445,15.9527898,17.53661332,66.14173251000001
2023-08-03,31.78597725,15.90472305,17.2224401,61.02362224
2023-08-04,31.383284699999997,15.76586355,17.2224401,61.81102382
2023-08-05,30.902617199999998,16.1856465,17.53661332,64.17322856000001
2023-08-06,32.4663888,15.29587755,17.2224401,57.086614340000004
2023-08-07,28.925471549999997,18.35292285,8.89684977,68.89763804
2023-08-08,21.97181505,17.49199395,6.540550619999999,87.40157517000002
2023-08-09,23.58685785,16.65670065,7.483070279999999,86.61417359000001
2023-08-10,30.033143099999997,18.41808,14.23779451,77.55905542
2023-08-11,30.70287315,19.8387195,14.23779451,69.68503962000001
2023-08-12,23.313411449999997,17.54112885,3.3988184199999996,88.18897675000001
2023-08-13,24.117728399999997,10.4881344,14.23779451,74.01574831
2023-08-14,27.7067124,12.0860868,17.06535349,73.22834673000001
2023-08-15,29.3730264,15.89190525,18.007873149999998,75.59055147000001
2023-08-16,31.6225503,16.94723745,18.007873149999998,68.50393725
2023-08-17,32.2890759,19.85260545,18.47913298,62.5984254
2023-08-18,28.979947199999998,14.82375525,7.483070279999999,70.07874041000001
2023-08-19,23.77485225,12.85622295,16.75118027,83.46456727000002
2023-08-20,25.8502677,13.20871245,9.52519621,85.43307122000002
2023-08-21,30.4903113,15.87695115,18.47913298,77.95275621000002
2023-08-22,33.179913,19.93805745,16.75118027,65.35433093000002
2023-08-23,35.206193549999995,21.2679042,17.850786539999998,56.69291355
2023-08-24,32.6223387,20.4732006,14.86614095,62.5984254
2023-08-25,26.5445652,18.88272525,7.7972434999999995,83.85826806000001
2023-08-26,25.171992449999998,13.5793605,18.47913298,65.35433093000002
2023-08-27,25.3311468,9.347350200000001,18.7933062,61.81102382
2023-08-28,25.638773999999998,10.1570079,20.20708569,63.385826980000004
2023-08-29,26.81053455,14.479810950000001,15.808660609999999,65.35433093000002
2023-08-30,29.95516815,15.03738525,19.26456603,66.92913409
2023-08-31,31.1205198,18.31446945,18.16495976,65.74803172000001
2023-09-01,29.7511515,18.60286995,12.5098418,73.22834673000001
2023-09-02,26.2604373,18.19056405,10.15354265,79.92126016000002
2023-09-03,34.8974982,20.535153299999998,17.850786539999998,71.25984278000001
2023-09-04,33.2504109,17.34886185,9.21102299,72.44094515
2023-09-05,24.104910599999997,13.6434495,14.394881119999999,81.49606332000002
2023-09-06,29.69881215,15.86840595,16.279920439999998,75.98425226
2023-09-07,28.62425325,19.5161382,9.83936943,69.68503962000001
2023-09-08,25.0107018,17.59453635,1.6708657099999997,87.00787438000002
2023-09-09,23.76844335,17.53258365,6.540550619999999,91.73228386000001
2023-09-10,31.07458935,18.4437156,20.67834552,78.74015779000001
2023-09-11,34.444602599999996,19.9241715,22.563384839999998,62.20472461000001
2023-09-12,35.0641296,20.88871095,15.96574722,55.905511970000006
2023-09-13,28.88274555,13.15316865,3.5559050299999995,78.34645700000002
2023-09-14,22.23244365,11.103388800000001,22.720471449999998,74.80314989000001
2023-09-15,28.0079307,8.0826606,24.291337549999998,58.661417500000006
2023-09-16,32.3873457,13.3465038,23.66299111,51.96850407
2023-09-17,36.748602149999996,19.51507005,22.720471449999998,53.14960644000001
2023-09-18,35.42195984999999,22.36275795,19.26456603,51.96850407
2023-09-19,33.5366751,21.6118485,14.86614095,69.29133883000002
2023-09-20,36.53283585,21.09593205,21.46377857,68.11023646000001
2023-09-21,36.40252155,21.62359815,20.67834552,63.77952777000001
2023-09-22,38.7407019,22.5005493,22.406298229999997,56.29921276
2023-09-23,38.72467965,23.822919,22.09212501,55.51181118
2023-09-24,39.51297434999999,24.312131700000002,20.52125891,54.7244096
2023-09-25,39.13698555,24.20638485,20.835432129999997,56.69291355
2023-09-26,39.00667125,24.7522095,21.30669196,55.118110390000005
2023-09-27,32.29228035,18.01538745,9.99645604,77.95275621000002
2023-09-28,30.68151015,12.3317613,22.563384839999998,68.50393725
2023-09-29,28.333716449999997,19.5375012,12.03858197,66.14173251000001
2023-09-30,29.41895685,21.284994599999997,13.13818824,74.40944910000002
2023-10-01,30.58110405,20.69217135,17.69369993,70.07874041000001
2023-10-02,33.49288095,18.6124833,23.19173128,55.905511970000006
2023-10-03,38.081653349999996,21.0927276,18.95039281,54.330708810000004
2023-10-04,32.0733096,23.183097150000002,9.83936943,74.01574831
2023-10-05,24.768231749999998,19.10490045,8.11141672,86.61417359000001
2023-10-06,36.59051595,19.8579462,19.73582586,74.80314989000001
2023-10-07,33.33693105,23.55694965,14.70905434,69.68503962000001
2023-10-08,24.18609,19.24589625,3.8700782499999997,89.37007912000001
2023-10-09,28.5035523,14.7543255,25.862203649999998,76.77165384000001
2023-10-10,32.4151176,15.0683616,26.33346348,63.385826980000004
2023-10-11,37.148090249999996,21.24547305,23.34881789,56.69291355
2023-10-12,29.71376625,19.18821615,13.60944807,79.13385858000001
2023-10-13,27.134183999999998,15.54582465,20.3641723,75.98425226
2023-10-14,30.26065905,16.8906255,21.62086518,69.68503962000001
2023-10-15,35.09510595,19.7511312,24.60551077,63.77952777000001
2023-10-16,38.9991942,23.78553375,24.60551077,59.05511829
2023-10-17,31.1781999,21.7485717,11.88149536,70.86614199000002
2023-10-18,33.6178545,20.52767625,19.10747942,76.77165384000001
2023-10-19,27.967340999999998,20.87375685,9.52519621,79.52755937
2023-10-20,28.78874835,19.0739241,17.53661332,81.10236253000001
2023-10-21,34.27690305,21.43346745,25.862203649999998,71.25984278000001
2023-10-22,34.4787834,21.237996,24.91968399,61.417323030000006
2023-10-23,36.71869395,20.0053509,18.95039281,62.20472461000001
2023-10-24,26.557383,20.5629252,3.7129916399999994,87.40157517000002
2023-10-25,29.97866745,19.7917209,18.63621959,82.67716569000001
2023-10-26,32.4492984,19.2960993,22.24921162,75.19685068000001
2023-10-27,26.02223985,20.54049405,2.6133853699999996,89.76377991000001
2023-10-28,29.55140745,20.2830699,10.78188909,88.58267754
2023-10-29,32.41618575,20.9068695,18.16495976,84.64566964000001
2023-10-30,30.5928537,18.6701634,9.05393638,85.43307122000002
2023-10-31,28.88274555,19.1914206,13.13818824,88.18897675000001
2023-11-01,29.12628375,21.38219625,13.45236146,87.40157517000002
2023-11-02,27.710985,21.45269415,9.3681096,88.58267754
2023-11-03,24.4296282,18.0634542,10.46771587,88.18897675000001
2023-11-04,23.122212599999997,11.87779755,26.33346348,71.25984278000001
2023-11-05,29.31214185,9.6677952,30.260628729999997,65.74803172000001
2023-11-06,32.66826915,15.29801385,28.846849239999997,57.874015920000005
2023-11-07,34.0536597,18.20765445,27.433069749999998,55.118110390000005
2023-11-08,35.98380675,19.93378485,25.0767706,57.48031513
2023-11-09,29.5717023,22.2164214,3.2417318099999997,81.49606332000002
2023-11-10,34.6069614,20.88443835,24.91968399,75.98425226
2023-11-11,36.60974265,24.3313584,26.01929026,63.77952777000001
2023-11-12,37.46746709999999,24.509739449999998,24.44842416,58.661417500000006
2023-11-13,30.3300888,24.69773385,14.0807079,70.86614199000002
2023-11-14,26.950462199999997,19.53856935,7.325983669999999,87.00787438000002
2023-11-15,33.0645528,20.69217135,20.835432129999997,78.74015779000001
2023-11-16,35.61636315,25.28948895,18.47913298,68.89763804
2023-11-17,35.90476365,25.722089699999998,20.835432129999997,63.385826980000004
2023-11-18,34.457420400000004,23.155325249999997,17.06535349,62.5984254
2023-11-19,32.12137635,20.07264435,23.03464467,75.59055147000001
2023-11-20,28.6573659,21.41637705,15.33740078,76.77165384000001
2023-11-21,33.60183225,21.464443799999998,26.49055009,74.40944910000002
2023-11-22,34.4253759,22.4898678,19.578739249999998,75.19685068000001
2023-11-23,26.0724429,22.03376775,6.2263774,92.91338623000001
2023-11-24,27.79109625,21.5413506,12.5098418,86.61417359000001
2023-11-25,23.14250745,17.9715933,11.72440875,83.07086648
2023-11-26,24.103842450000002,18.97458615,9.52519621,89.76377991000001
2023-11-27,24.69346125,21.0136845,6.540550619999999,92.51968544000002
2023-11-28,25.8353136,21.372582899999998,9.68228282,92.51968544000002
2023-11-29,33.820803,20.81821305,26.17637687,83.46456727000002
2023-11-30,34.9124523,23.5323822,25.39094382,78.74015779000001
2023-12-01,35.0983104,23.1734838,27.275983139999997,76.77165384000001
2023-12-02,35.1987165,24.0493668,22.563384839999998,76.77165384000001
2023-12-03,34.731934949999996,22.76865495,22.563384839999998,81.88976411000002
2023-12-04,30.66014715,22.1202879,18.007873149999998,85.03937043
2023-12-05,30.47215275,23.2418454,14.70905434,87.00787438000002
2023-12-06,30.403791149999996,23.09123625,16.90826688,87.00787438000002
2023-12-07,29.649677249999996,21.3640377,8.42558994,90.15748070000001
2023-12-08,31.2657882,20.22645795,23.66299111,82.67716569000001
2023-12-09,33.244001999999995,19.81628835,25.862203649999998,79.52755937
2023-12-10,27.73555245,20.118574799999998,4.6555113,89.76377991000001
2023-12-11,30.2852265,19.4541855,25.548030429999997,83.07086648
2023-12-12,32.98871415,20.45504205,28.2185028,77.55905542
2023-12-13,32.71740405,22.3937343,26.17637687,74.80314989000001
2023-12-14,34.824864,23.21300535,25.23385721,72.44094515
2023-12-15,36.4121349,24.10170615,28.53267602,65.35433093000002
2023-12-16,37.45785375,22.9662627,29.63228229,62.5984254
2023-12-17,36.42815715,23.4661569,28.37558941,67.71653567000001
2023-12-18,35.957103000000004,23.47149765,26.17637687,68.50393725
2023-12-19,33.90945945,22.44180105,23.03464467,76.77165384000001
2023-12-20,31.0265226,23.54199555,16.59409366,82.67716569000001
2023-12-21,34.051523399999994,22.1480598,27.90432958,72.44094515
2023-12-22,35.92185404999999,22.54861605,29.161022459999998,69.29133883000002
2023-12-23,32.890444349999996,23.04423765,16.75118027,80.70866174000001
2023-12-24,28.6872741,20.38240785,10.78188909,89.37007912000001
2023-12-25,28.3176942,22.69815705,8.42558994,90.15748070000001
2023-12-26,31.062839699999998,20.826758249999997,28.689762629999997,77.95275621000002
2023-12-27,33.55483365,16.31062005,31.04606178,65.35433093000002
2023-12-28,34.7671839,19.8301743,30.260628729999997,68.89763804
2023-12-29,33.2546835,21.48687495,14.394881119999999,78.34645700000002
2023-12-30,30.4646757,18.34651395,24.134250939999998,78.34645700000002
2023-12-31,31.735774199999998,19.208511,23.82007772,74.80314989000001
2024-01-01,34.697754149999994,20.6099238,25.39094382,72.44094515
2024-01-02,32.5005696,22.0412448,18.32204637,81.88976411000002
2024-01-03,34.7287305,21.4388082,26.6476367,75.59055147000001
2024-01-04,35.0833563,20.8043271,27.590156359999998,70.4724412
2024-01-05,35.648407649999996,21.28179015,28.06141619,67.32283488000002
2024-01-06,36.39611265,22.2356481,28.2185028,65.35433093000002
2024-01-07,38.75672415,23.093372549999998,27.590156359999998,62.5984254
2024-01-08,38.8710162,23.55054075,25.862203649999998,64.56692935000001
2024-01-09,39.377319299999996,23.389250099999998,22.406298229999997,67.71653567000001
2024-01-10,35.24891955,21.02757045,26.96180992,72.44094515
2024-01-11,31.54030275,24.667825649999997,15.023227559999999,76.37795305000002
2024-01-12,34.71804899999999,21.589417349999998,23.34881789,76.37795305000002
2024-01-13,34.6368696,23.2781625,24.91968399,74.40944910000002
2024-01-14,36.11625735,24.109183199999997,24.91968399,70.86614199000002
2024-01-15,31.14935985,23.4917925,10.78188909,84.64566964000001
2024-01-16,34.861181099999996,22.9000374,23.03464467,81.88976411000002
2024-01-17,33.26002425,24.356994,16.75118027,78.34645700000002
2024-01-18,36.22734495,24.40292445,23.03464467,76.37795305000002
2024-01-19,34.643278499999994,23.4875199,12.98110163,83.46456727000002
2024-01-20,31.64284515,23.339047049999998,14.55196773,88.18897675000001
2024-01-21,34.48839675,22.928877449999998,23.5059045,81.10236253000001
2024-01-22,28.0827012,22.0861071,11.09606231,87.79527596000001
2024-01-23,27.5571714,19.44884475,17.37952671,83.85826806000001
2024-01-24,31.4302833,18.70113975,26.96180992,75.98425226
2024-01-25,30.54051435,17.03055315,26.33346348,71.25984278000001
2024-01-26,30.95709285,16.87033065,28.06141619,66.53543330000001
2024-01-27,31.0777938,17.91070875,25.39094382,66.53543330000001
2024-01-28,33.669125699999995,17.58812745,27.433069749999998,66.92913409
2024-01-29,35.34078045,19.05576555,27.74724297,63.385826980000004
2024-01-30,36.814827449999996,19.6250895,28.37558941,58.661417500000006
2024-01-31,37.66721115,20.5693341,27.433069749999998,57.874015920000005
2024-02-01,36.105575849999994,21.1781796,27.590156359999998,64.17322856000001
2024-02-02,36.772101449999994,22.48239075,26.01929026,64.56692935000001
2024-02-03,36.585175199999995,22.1331057,27.74724297,63.77952777000001
2024-02-04,35.91117255,23.0089887,26.01929026,63.385826980000004
2024-02-05,36.389703749999995,22.0561989,24.60551077,67.32283488000002
2024-02-06,36.944073599999996,22.519776,23.5059045,68.50393725
2024-02-07,36.09489435,21.59155365,21.62086518,74.80314989000001
2024-02-08,35.29164555,21.8062518,22.24921162,77.95275621000002
2024-02-09,36.6065382,22.14485535,24.76259738,75.19685068000001
2024-02-10,36.93018764999999,24.18929445,23.82007772,69.68503962000001
2024-02-11,38.035722899999996,24.81095775,27.275983139999997,61.81102382
2024-02-12,37.6554615,24.63578115,25.39094382,59.05511829
2024-02-13,34.70202675,23.9703237,13.45236146,75.59055147000001
2024-02-14,33.8229393,23.46295245,18.32204637,86.22047280000001
2024-02-15,30.45506235,23.70649065,12.19566858,87.40157517000002
2024-02-16,32.9086029,22.07435745,20.992518739999998,80.70866174000001
2024-02-17,35.72958705,21.743230949999997,24.76259738,72.04724436000001
2024-02-18,34.5727806,21.5605773,20.835432129999997,73.22834673000001
2024-02-19,32.3788005,21.85859115,17.850786539999998,82.28346490000001
2024-02-20,32.560385999999994,19.5909087,23.66299111,80.70866174000001
2024-02-21,32.8124694,19.5375012,23.82007772,75.19685068000001
2024-02-22,34.697754149999994,21.49969275,24.44842416,70.4724412
2024-02-23,33.12116475,23.47149765,15.808660609999999,76.77165384000001
2024-02-24,36.139756649999995,23.53345035,19.578739249999998,78.34645700000002
2024-02-25,35.11006005,23.8613724,20.835432129999997,80.31496095000001
2024-02-26,35.3867109,24.10597875,23.5059045,77.16535463000001
2024-02-27,37.326471299999994,24.426423749999998,19.421652639999998,75.19685068000001
2024-02-28,37.702460099999996,23.135030399999998,22.24921162,74.40944910000002
2024-02-29,33.96286695,23.00792055,17.37952671,77.55905542
2024-03-01,35.62490835,21.857523,25.23385721,75.59055147000001
2024-03-02,36.476223899999994,22.909650749999997,24.91968399,71.25984278000001
2024-03-03,36.19957305,24.4082652,19.578739249999998,71.65354357000001
2024-03-04,32.514455549999994,23.3443878,15.33740078,80.70866174000001
2024-03-05,31.302105299999997,21.81372885,14.86614095,82.67716569000001
2024-03-06,34.94129235,21.0564105,19.10747942,77.55905542
2024-03-07,34.235245199999994,23.70862695,15.33740078,80.31496095000001
2024-03-08,32.04446955,24.2822235,13.45236146,85.03937043
2024-03-09,36.5232225,23.7267855,18.95039281,80.70866174000001
2024-03-10,37.12459095,23.8143738,22.563384839999998,75.98425226
2024-03-11,35.61209055,22.1010612,25.23385721,69.29133883000002
2024-03-12,35.81290275,23.1841653,25.39094382,65.35433093000002
2024-03-13,37.110704999999996,22.14271905,25.23385721,60.629921450000005
2024-03-14,38.419188749999996,22.36916685,23.977164329999997,59.44881908
2024-03-15,38.4223932,24.61014555,18.007873149999998,68.50393725
2024-03-16,38.26110255,24.38583405,21.46377857,69.68503962000001
2024-03-17,30.0566424,23.6199705,6.540550619999999,83.07086648
2024-03-18,35.4486636,22.7654505,20.52125891,83.85826806000001
2024-03-19,37.7793669,24.801344399999998,20.67834552,76.37795305000002
2024-03-20,36.6535368,23.5815171,22.87755806,74.01574831
2024-03-21,33.528129899999996,19.7297682,10.78188909,77.55905542
2024-03-22,31.8532707,19.7190867,21.77795179,76.77165384000001
2024-03-23,30.658010849999997,20.40804345,22.87755806,68.50393725
2024-03-24,31.4943723,18.68191305,21.77795179,68.89763804
2024-03-25,33.52492545,19.89960405,20.52125891,72.44094515
2024-03-26,34.50762345,20.41658865,22.720471449999998,68.11023646000001
2024-03-27,32.63836095,21.60864405,20.835432129999997,70.86614199000002
2024-03-28,33.09125655,20.78616855,21.77795179,71.25984278000001
2024-03-29,33.2760465,20.39095305,21.30669196,68.89763804
2024-03-30,35.272418849999994,19.756471949999998,22.720471449999998,66.53543330000001
2024-03-31,35.85990135,19.3708698,19.73582586,64.17322856000001
2024-04-01,31.069248599999998,21.05320605,11.88149536,78.34645700000002
2024-04-02,33.180981149999994,20.872688699999998,17.850786539999998,81.10236253000001
2024-04-03,35.8481517,21.29033535,22.09212501,72.44094515
2024-04-04,34.344196499999995,23.9340066,12.19566858,71.65354357000001
2024-04-05,37.05836565,24.3035865,17.06535349,72.83464594000002
2024-04-06,36.4719513,20.8513257,20.992518739999998,72.83464594000002
2024-04-07,29.4328428,20.22004905,4.027164859999999,79.92126016000002
2024-04-08,31.36726245,20.9154147,13.45236146,87.00787438000002
2024-04-09,33.96286695,21.79022955,18.007873149999998,80.70866174000001
2024-04-10,33.70437465,21.710118299999998,17.37952671,77.16535463000001
2024-04-11,30.41020005,22.6799985,11.25314892,77.95275621000002
2024-04-12,33.468313499999994,22.6586355,18.95039281,72.04724436000001
2024-04-13,30.208319699999997,22.89469665,9.83936943,76.37795305000002
2024-04-14,28.554823499999998,23.45227095,6.540550619999999,90.15748070000001
2024-04-15,29.03442285,23.26214025,8.58267655,88.97637833000002
2024-04-16,26.3907516,21.36083325,4.1842514699999995,93.30708702000001
2024-04-17,26.00301315,17.252728349999998,20.3641723,81.10236253000001
2024-04-18,27.8242089,12.93099345,21.77795179,67.71653567000001
2024-04-19,28.1937888,12.809224350000001,21.149605349999998,64.96063014
2024-04-20,29.32709595,14.76393885,21.149605349999998,70.07874041000001
2024-04-21,31.883178899999997,16.6727229,20.3641723,72.44094515
2024-04-22,30.8257104,19.97651085,11.41023553,76.37795305000002
2024-04-23,29.56422525,22.2078762,7.95433011,85.43307122000002
2024-04-24,24.9615669,21.126908399999998,3.2417318099999997,91.33858307000001
2024-04-25,32.17478385,20.5736067,15.651574,81.10236253000001
2024-04-26,32.85412725,21.57019065,18.47913298,75.59055147000001
2024-04-27,34.22990445,22.37130315,17.2224401,73.62204752000001
2024-04-28,33.75778215,22.887219599999998,12.66692841,78.34645700000002
2024-04-29,34.28544825,23.19805125,18.16495976,74.01574831
2024-04-30,34.38478619999999,22.5753198,17.850786539999998,66.53543330000001
2024-05-01,35.0320851,23.0901681,16.59409366,69.68503962000001
2024-05-02,34.6304607,23.058123600000002,15.33740078,70.07874041000001
2024-05-03,28.829338049999997,20.8876428,6.69763723,84.25196885000001
2024-05-04,33.17243594999999,22.36489425,15.023227559999999,80.31496095000001
2024-05-05,33.78769035,21.97822395,17.37952671,67.32283488000002
2024-05-06,32.67254174999999,19.28648595,18.007873149999998,61.417323030000006
2024-05-07,32.86908135,20.02778205,17.06535349,62.20472461000001
2024-05-08,33.38392965,21.1055454,16.12283383,61.81102382
2024-05-09,28.1702895,19.26298665,4.9696845199999995,80.70866174000001
2024-05-10,31.312786799999998,20.6782854,12.03858197,80.70866174000001
2024-05-11,32.8402413,21.44628525,16.279920439999998,68.11023646000001
2024-05-12,32.477070299999994,21.15361215,15.180314169999999,64.96063014
2024-05-13,25.659068849999997,16.77206085,3.2417318099999997,87.79527596000001
2024-05-14,18.6658908,14.37085965,6.69763723,90.55118149000002
2024-05-15,19.5674094,11.2913832,6.69763723,86.22047280000001
2024-05-16,27.36169995,16.37470905,8.73976316,83.46456727000002
2024-05-17,26.0638977,18.71823015,9.21102299,81.10236253000001
2024-05-18,21.50823795,14.78957445,3.3988184199999996,90.15748070000001
2024-05-19,16.28178,13.00362765,5.12677113,90.94488228000002
2024-05-20,20.46785985,11.35654035,11.88149536,82.67716569000001
2024-05-21,30.23075085,14.4167901,14.86614095,75.19685068000001
2024-05-22,31.97824425,19.144422,14.0807079,70.4724412
2024-05-23,30.2617272,21.4409445,6.2263774,67.32283488000002
2024-05-24,23.05705545,13.98205305,4.6555113,93.70078781000001
2024-05-25,14.65498755,10.2595503,5.91220418,85.82677201000001
2024-05-26,16.7346756,7.207845750000001,7.483070279999999,91.33858307000001
2024-05-27,14.2907484,11.67057645,2.29921215,96.45669334000002
2024-05-28,14.82161895,8.468262750000001,12.82401502,80.70866174000001
2024-05-29,19.5417738,7.879712100000001,13.76653468,80.31496095000001
2024-05-30,23.8912806,8.1467496,15.651574,77.55905542
2024-05-31,24.284359799999997,11.090571,15.808660609999999,72.44094515
2024-06-01,25.9271745,10.91859885,15.023227559999999,71.65354357000001
2024-06-02,29.6656995,14.3142477,14.86614095,67.32283488000002
2024-06-03,28.888086299999998,18.097635,11.72440875,64.17322856000001
2024-06-04,30.21579675,15.52232535,13.13818824,71.65354357000001
2024-06-05,28.679797049999998,17.1640719,14.23779451,72.04724436000001
2024-06-06,29.53645335,16.538136,14.394881119999999,68.89763804
2024-06-07,30.35251995,17.254864650000002,14.23779451,65.35433093000002
2024-06-08,30.0160527,17.3007951,14.23779451,64.17322856000001
2024-06-09,31.21985775,17.04764355,14.55196773,62.20472461000001
2024-06-10,31.431351449999998,17.7622359,13.45236146,62.5984254
2024-06-11,31.05963525,18.5163498,12.66692841,63.385826980000004
2024-06-12,31.021181849999998,16.666314,14.70905434,59.44881908
2024-06-13,31.22626665,17.1021192,14.394881119999999,55.905511970000006
2024-06-14,31.654594799999998,18.67977675,14.23779451,48.031496170000004
2024-06-15,30.43156305,22.2676926,8.11141672,52.75590565
2024-06-16,25.9036752,20.45504205,4.34133808,70.07874041000001
2024-06-17,25.12499385,19.5310923,5.7551175699999995,77.55905542
2024-06-18,29.1615327,19.4541855,9.05393638,68.50393725
2024-06-19,29.90603325,18.71823015,9.21102299,59.05511829
2024-06-20,27.2110908,19.43175435,6.2263774,64.96063014
2024-06-21,30.453994199999997,17.3627478,13.76653468,55.118110390000005
2024-06-22,31.3576491,18.09015795,13.13818824,52.362204860000006
2024-06-23,32.21003279999999,20.78403225,10.9389757,56.29921276
2024-06-24,28.38071505,19.1935569,6.383464009999999,72.44094515
2024-06-25,22.8573114,16.132239,5.91220418,87.00787438000002
2024-06-26,19.68597405,13.84105725,3.2417318099999997,93.30708702000001
2024-06-27,21.71118645,10.21361985,14.23779451,81.88976411000002
2024-06-28,25.0149744,13.6797666,5.283857739999999,82.28346490000001
2024-06-29,19.7126778,10.8235335,7.7972434999999995,74.40944910000002
2024-06-30,18.206586299999998,4.69342065,14.23779451,60.629921450000005
2024-07-01,24.2565879,4.914527700000001,15.49448739,57.874015920000005
2024-07-02,27.680008649999998,11.46762795,14.70905434,64.17322856000001
2024-07-03,31.41426105,15.63127665,13.92362129,64.17322856000001
2024-07-04,30.2638635,18.59859735,9.68228282,54.7244096
2024-07-05,28.6701837,17.65862535,9.52519621,52.75590565
2024-07-06,20.533017,13.38175275,6.2263774,79.13385858000001
2024-07-07,17.8070982,13.9339863,2.6133853699999996,87.79527596000001
2024-07-08,15.75731835,11.48685465,4.9696845199999995,92.51968544000002
2024-07-09,12.393714,9.29928345,2.14212554,94.0944886
2024-07-10,12.8701089,8.141408850000001,7.168897059999999,90.15748070000001
2024-07-11,11.88207015,8.87629605,1.35669249,96.06299255000002
2024-07-12,10.26916365,7.628696850000001,2.14212554,95.66929176000001
2024-07-13,13.4960448,8.94679395,3.7129916399999994,98.03149650000002
2024-07-14,12.79854285,9.351622800000001,4.027164859999999,96.06299255000002
2024-07-15,17.97693405,10.19652945,8.73976316,88.58267754
2024-07-16,23.24504985,10.76692155,10.78188909,83.46456727000002
2024-07-17,26.4163872,14.22131865,14.55196773,80.31496095000001
2024-07-18,28.40635065,15.36851175,15.33740078,74.01574831
2024-07-19,29.45741025,15.598164,15.96574722,59.842519870000004
2024-07-20,28.554823499999998,15.14420025,16.279920439999998,61.417323030000006
2024-07-21,28.4394633,14.26831725,15.49448739,60.23622066
2024-07-22,29.2448484,14.2587039,15.96574722,59.44881908
2024-07-23,28.544142,15.128178,15.96574722,57.874015920000005
2024-07-24,29.566361549999996,14.8760946,15.651574,51.96850407
2024-07-25,30.61742115,15.75090945,15.49448739,52.75590565
2024-07-26,28.537733099999997,17.56249185,10.78188909,56.69291355
2024-07-27,24.4744905,18.13502025,4.6555113,62.99212619
2024-07-28,25.72315785,16.80196905,6.854723839999999,66.53543330000001
2024-07-29,20.1527556,16.27857555,2.29921215,92.91338623000001
2024-07-30,21.4024911,12.9641061,8.58267655,89.76377991000001
2024-07-31,25.79792835,14.49049245,14.70905434,75.98425226
2024-08-01,30.816097049999996,17.60735415,16.12283383,66.14173251000001
2024-08-02,31.562733899999998,18.6573456,16.43700705,53.14960644000001
2024-08-03,31.264720049999998,20.1527556,12.03858197,46.062992220000005
2024-08-04,27.88936605,20.041668,6.69763723,55.118110390000005
2024-08-05,28.233310349999996,18.97458615,7.95433011,59.842519870000004
2024-08-06,32.393754599999994,18.1382247,16.75118027,51.574803280000005
2024-08-07,27.50269575,18.08802165,4.9696845199999995,59.05511829
2024-08-08,19.1081049,13.00576395,2.4562987599999997,94.0944886
2024-08-09,14.2181142,7.965164100000001,10.46771587,77.16535463000001
2024-08-10,17.76971295,3.6199299000000007,19.578739249999998,69.29133883000002
2024-08-11,20.701784699999997,4.427451300000001,18.007873149999998,68.50393725
2024-08-12,18.7534791,6.44091405,19.421652639999998,57.48031513
2024-08-13,22.30080525,3.539818650000001,20.04999908,53.93700802
2024-08-14,27.108548399999997,8.01963975,18.95039281,50.787401700000004
2024-08-15,31.000887,14.50758285,16.12283383,48.42519696
2024-08-16,34.151929499999994,18.32728725,15.808660609999999,45.66929143
2024-08-17,35.26600995,19.6806333,16.12283383,44.48818906
2024-08-18,37.0402071,19.6635429,18.007873149999998,38.976378000000004
2024-08-19,35.82785685,19.42961805,17.2224401,36.220472470000004
2024-08-20,36.84473565,20.22645795,17.37952671,39.37007879
2024-08-21,35.41555095,20.0587584,17.53661332,39.763779580000005
2024-08-22,34.12522575,18.28669755,12.19566858,43.307086690000006
2024-08-23,20.27986545,12.9982869,7.483070279999999,83.46456727000002
2024-08-24,18.70327605,11.71757505,12.82401502,81.49606332000002
2024-08-25,16.73147115,5.549008800000001,16.279920439999998,65.74803172000001
2024-08-26,19.9583523,3.4127088000000008,21.77795179,59.44881908
2024-08-27,24.89213715,5.874794550000001,19.89291247,51.18110249
2024-08-28,28.03463445,14.9124117,17.69369993,44.88188985
2024-08-29,33.6306723,16.31275635,19.578739249999998,47.24409459
2024-08-30,35.252123999999995,18.3283554,19.421652639999998,44.88188985
2024-08-31,35.418755399999995,19.3900965,17.37952671,43.70078748
2024-09-01,26.079919949999997,15.88122375,14.0807079,72.04724436000001
2024-09-02,27.1811826,11.565897750000001,16.279920439999998,63.385826980000004
2024-09-03,37.0124352,16.9846227,20.20708569,44.48818906
2024-09-04,35.48818515,19.6720881,10.46771587,42.12598432
2024-09-05,24.534306899999997,14.0578917,15.33740078,75.98425226
2024-09-06,28.934016749999998,10.60242645,17.850786539999998,69.68503962000001
2024-09-07,35.86203765,18.86563485,18.007873149999998,56.29921276
2024-09-08,38.03251845,21.43774005,17.69369993,41.732283530000004
2024-09-09,38.31023745,21.1418625,17.06535349,34.64566931
2024-09-10,37.13313615,20.91648285,16.90826688,34.64566931
2024-09-11,36.5787663,19.4691396,15.808660609999999,31.496062990000002
2024-09-12,32.004948,19.75860825,9.68228282,42.12598432
2024-09-13,28.7556357,17.9651844,9.68228282,72.44094515
2024-09-14,25.82356395,17.8476879,8.42558994,83.46456727000002
2024-09-15,20.78189595,15.77654505,1.9850389299999995,91.33858307000001
2024-09-16,26.68876545,13.1969628,23.19173128,77.16535463000001
2024-09-17,27.67359975,14.21063715,24.134250939999998,66.14173251000001
2024-09-18,29.1017163,16.18671465,18.47913298,59.05511829
2024-09-19,35.148513449999996,19.635771,18.63621959,59.44881908
2024-09-20,29.525771849999998,17.68639725,4.9696845199999995,72.44094515
2024-09-21,29.6315187,16.1087397,18.32204637,77.55905542
2024-09-22,32.83062795,20.639832,15.651574,70.07874041000001
2024-09-23,36.8821209,22.992966449999997,18.63621959,58.26771671
2024-09-24,38.06242665,22.9876257,19.578739249999998,50.787401700000004
2024-09-25,38.46725549999999,22.48025445,19.89291247,39.37007879
2024-09-26,30.6718968,20.802190799999998,7.325983669999999,62.5984254
2024-09-27,26.10341925,15.58641435,22.24921162,73.22834673000001
2024-09-28,31.71547935,12.70881825,25.705117039999998,61.02362224
2024-09-29,33.519584699999996,18.1638603,24.44842416,52.362204860000006
2024-09-30,37.952407199999996,19.89319515,23.34881789,45.275590640000004
2024-10-01,38.484345899999994,23.122212599999997,20.20708569,42.519685110000005
2024-10-02,33.9810255,22.38839355,14.55196773,52.75590565
2024-10-03,28.53880125,17.77184925,15.180314169999999,74.01574831
2024-10-04,32.290144049999995,16.91092035,23.5059045,62.20472461000001
2024-10-05,32.9491926,17.54753775,25.23385721,55.118110390000005
2024-10-06,30.3065895,18.75454725,15.96574722,51.96850407
2024-10-07,37.025253,20.168777849999998,21.46377857,46.8503938
2024-10-08,33.36683925,20.68789875,14.0807079,47.63779538
2024-10-09,27.4183119,20.456110199999998,5.283857739999999,77.16535463000001
2024-10-10,23.5772445,19.86328695,3.3988184199999996,90.94488228000002
2024-10-11,23.6819232,19.828038,6.540550619999999,94.48818939000002
2024-10-12,28.63279845,17.91070875,20.3641723,81.10236253000001
2024-10-13,32.578544550000004,17.8327338,24.134250939999998,67.71653567000001
2024-10-14,30.620625599999997,20.84812125,18.63621959,64.17322856000001
2024-10-15,32.2484862,20.0032146,21.30669196,67.71653567000001
2024-10-16,32.53795485,17.94916215,23.03464467,69.68503962000001
2024-10-17,35.12928675,19.7468586,21.77795179,60.629921450000005
2024-10-18,28.42344105,19.12839975,7.01181045,77.95275621000002
2024-10-19,27.857321549999998,19.133740500000002,11.41023553,85.82677201000001
2024-10-20,29.53858965,18.36146805,19.10747942,74.40944910000002
2024-10-21,32.42900355,20.52340365,20.835432129999997,67.32283488000002
2024-10-22,35.145309,23.20018755,23.977164329999997,66.14173251000001
2024-10-23,35.536251899999996,24.21065745,23.34881789,67.32283488000002
2024-10-24,35.364279749999994,22.2997371,19.578739249999998,72.83464594000002
2024-10-25,31.07886195,18.439443,27.118896529999997,67.32283488000002
2024-10-26,30.0523698,18.5227587,23.34881789,58.26771671
2024-10-27,33.381793349999995,14.8013241,26.6476367,53.14960644000001
2024-10-28,34.022683349999994,19.528956,25.0767706,58.661417500000006
2024-10-29,32.90112585,21.2508138,21.30669196,68.50393725
2024-10-30,35.5554786,20.2595706,26.96180992,64.56692935000001
2024-10-31,34.323901649999996,22.28371485,23.977164329999997,51.96850407
2024-11-01,33.298477649999995,22.12562865,19.73582586,56.29921276
2024-11-02,27.37024515,21.909862349999997,7.168897059999999,88.18897675000001
2024-11-03,30.537309899999997,20.95493625,18.32204637,85.03937043
2024-11-04,31.8319077,21.10661355,20.52125891,79.13385858000001
2024-11-05,33.5836737,23.075214,21.77795179,76.37795305000002
2024-11-06,32.76226635,23.48645175,16.90826688,79.92126016000002
2024-11-07,28.2728319,21.55310025,10.15354265,88.58267754
2024-11-08,30.262795349999998,19.26298665,25.548030429999997,79.52755937
2024-11-09,31.6994571,17.9630481,28.53267602,68.89763804
2024-11-10,33.4896765,17.4652902,29.003935849999998,64.17322856000001
2024-11-11,35.3653479,21.21770115,27.433069749999998,62.99212619
2024-11-12,28.736409,16.7047674,12.98110163,71.65354357000001
2024-11-13,28.38071505,11.3341092,30.417715339999997,57.086614340000004
2024-11-14,31.881042599999997,13.33261785,29.47519568,56.29921276
2024-11-15,33.4619046,19.02585735,27.90432958,59.44881908
2024-11-16,34.782138,22.541139,28.37558941,62.20472461000001
2024-11-17,36.039350549999995,22.21748955,28.2185028,62.5984254
2024-11-18,36.5039958,22.9491723,23.34881789,61.81102382
2024-11-19,37.26985935,21.40783185,22.87755806,66.14173251000001
2024-11-20,35.772313049999994,23.1713475,21.30669196,70.07874041000001
2024-11-21,32.5048422,22.48239075,13.29527485,83.85826806000001
2024-11-22,31.5221442,21.4067637,20.20708569,81.49606332000002
2024-11-23,33.881687549999995,22.3616898,27.275983139999997,71.65354357000001
2024-11-24,33.7588503,21.2358597,29.161022459999998,61.81102382
2024-11-25,34.11881685,20.4069753,27.590156359999998,57.874015920000005
2024-11-26,36.3993171,21.13224915,25.862203649999998,54.7244096
2024-11-27,36.0959625,23.742807749999997,22.406298229999997,62.20472461000001
2024-11-28,32.5368867,21.15361215,14.394881119999999,81.10236253000001
2024-11-29,31.435624049999998,21.0371838,16.43700705,87.00787438000002
2024-11-30,30.78405255,22.8936285,13.60944807,86.61417359000001
2024-12-01,33.723601349999996,24.59091885,20.04999908,79.13385858000001
2024-12-02,31.7785002,23.80689675,15.651574,80.31496095000001
2024-12-03,28.504620449999997,22.4150973,12.82401502,85.43307122000002
2024-12-04,27.467446799999998,21.18352035,11.09606231,86.22047280000001
2024-12-05,31.1974266,20.86307535,21.30669196,80.31496095000001
2024-12-06,32.769743399999996,23.43518055,19.10747942,82.28346490000001
2024-12-07,29.0226732,20.39522565,9.52519621,93.30708702000001
2024-12-08,26.454840599999997,19.58770425,7.7972434999999995,96.45669334000002
2024-12-09,28.79302095,22.409756549999997,10.9389757,95.27559097000001
2024-12-10,29.3260278,20.85666645,19.73582586,86.22047280000001
2024-12-11,31.96756275,18.8944749,26.17637687,75.19685068000001
2024-12-12,32.11710375,21.247609349999998,26.80472331,71.25984278000001
2024-12-13,27.355291049999998,21.07029645,10.31062926,83.85826806000001
2024-12-14,28.81224765,20.9730948,18.63621959,86.61417359000001
2024-12-15,29.72231145,19.4755485,29.161022459999998,71.25984278000001
2024-12-16,29.68172175,17.12455035,29.63228229,64.96063014
2024-12-17,31.45912335,16.498614449999998,31.360235,62.20472461000001
2024-12-18,33.0816432,16.96219155,30.417715339999997,61.417323030000006
2024-12-19,27.963068399999997,21.05534235,7.640156889999999,80.70866174000001
2024-12-20,30.4048593,21.56164545,15.651574,88.97637833000002
2024-12-21,32.2570314,22.130969399999998,19.73582586,83.85826806000001
2024-12-22,32.3339382,22.7291334,22.24921162,80.31496095000001
2024-12-23,33.3379992,18.99167655,27.118896529999997,69.29133883000002
2024-12-24,32.68322325,21.1012728,27.118896529999997,72.44094515
2024-12-25,28.3775106,21.20701965,13.76653468,81.88976411000002
2024-12-26,29.9733267,15.555438,30.103542119999997,61.81102382
2024-12-27,31.4516463,15.8246118,30.731888559999998,61.417323030000006
2024-12-28,32.9491926,16.7133126,30.574801949999998,58.26771671
2024-12-29,33.72146505,17.97907035,28.689762629999997,58.26771671
2024-12-30,33.8827557,18.673367849999998,28.37558941,62.99212619
2024-12-31,34.24913115,20.69644395,27.433069749999998,66.14173251000001
2025-01-01,35.984874899999994,22.3082823,28.2185028,66.53543330000001
2025-01-02,31.1803362,22.1608776,17.69369993,78.34645700000002
2025-01-03,34.9252701,20.43795165,25.23385721,74.01574831
2025-01-04,33.59328705,21.7464354,28.689762629999997,53.54330723
2025-01-05,34.17649695,16.7880831,31.360235,49.606299330000006
2025-01-06,35.027812499999996,16.9803501,27.90432958,49.606299330000006
2025-01-07,35.7456093,17.5721052,29.161022459999998,49.21259854
2025-01-08,36.452724599999996,18.50032755,27.74724297,50.787401700000004
2025-01-09,36.5787663,20.60885565,28.846849239999997,57.874015920000005
2025-01-10,36.44952015,21.2614953,26.33346348,62.99212619
2025-01-11,36.021192,22.118151599999997,26.49055009,62.99212619
2025-01-12,35.95176225,20.701784699999997,27.590156359999998,62.20472461000001
2025-01-13,35.63452169999999,21.8297511,28.06141619,58.26771671
2025-01-14,36.59478855,22.14912795,26.17637687,59.842519870000004
2025-01-15,35.105787449999994,20.4133842,25.548030429999997,70.86614199000002
2025-01-16,37.6212807,21.85004595,27.590156359999998,62.20472461000001
2025-01-17,38.242943999999994,23.7866019,26.96180992,62.99212619
2025-01-18,37.6170081,23.68299135,22.563384839999998,69.68503962000001
2025-01-19,36.021192,23.734262549999997,22.09212501,70.07874041000001
2025-01-20,32.52727335,24.164727,15.33740078,77.16535463000001
2025-01-21,35.622772049999995,20.881233899999998,24.44842416,66.53543330000001
2025-01-22,37.39590105,23.072009549999997,22.09212501,67.32283488000002
2025-01-23,36.683445,22.81138095,19.421652639999998,70.86614199000002
2025-01-24,35.935739999999996,22.3360542,25.23385721,75.59055147000001
2025-01-25,36.597993,22.1929221,14.70905434,76.77165384000001
2025-01-26,34.45207965,20.77975965,22.87755806,80.31496095000001
2025-01-27,33.08484765,22.56997905,12.35275519,83.46456727000002
2025-01-28,34.034433,21.76673025,20.3641723,83.46456727000002
2025-01-29,33.73641915,22.0626078,21.62086518,77.95275621000002
2025-01-30,33.19166265,23.0367606,13.76653468,81.10236253000001
2025-01-31,35.143172699999994,20.40163455,24.44842416,75.59055147000001
2025-02-01,36.0703269,21.24547305,26.01929026,71.25984278000001
2025-02-02,35.529843,22.0989249,24.291337549999998,70.4724412
2025-02-03,35.32155375,21.9942462,23.34881789,69.68503962000001
2025-02-04,36.0575091,22.0903797,20.3641723,74.80314989000001
2025-02-05,34.947701249999994,22.5988191,19.89291247,78.34645700000002
2025-02-06,33.54628845,23.47577025,18.47913298,79.92126016000002
2025-02-07,34.1754288,22.27730595,18.63621959,81.10236253000001
2025-02-08,34.2822438,22.02308625,18.95039281,81.49606332000002
2025-02-09,35.78299455,22.29866895,22.720471449999998,74.01574831
2025-02-10,37.51339754999999,22.4578233,25.862203649999998,69.29133883000002
2025-02-11,36.81696375,23.3144796,27.74724297,59.842519870000004
2025-02-12,35.52663855,22.9342182,20.992518739999998,67.71653567000001
2025-02-13,34.6795956,22.9235367,20.67834552,78.74015779000001
2025-02-14,35.177353499999995,22.130969399999998,24.134250939999998,75.59055147000001
2025-02-15,36.19316415,24.0878202,21.77795179,75.59055147000001
2025-02-16,36.95155065,24.36447105,22.720471449999998,73.22834673000001
2025-02-17,38.0164962,24.371948099999997,21.62086518,70.4724412
2025-02-18,31.4110566,21.909862349999997,14.0807079,83.46456727000002
2025-02-19,29.267279549999998,21.2422686,12.03858197,85.82677201000001
2025-02-20,35.1367638,22.24526145,22.563384839999998,76.37795305000002
2025-02-21,35.89408215,22.584933149999998,19.26456603,74.01574831
2025-02-22,36.28716135,22.418301749999998,25.705117039999998,73.22834673000001
2025-02-23,35.4507999,22.714179299999998,20.3641723,74.40944910000002
2025-02-24,36.2390946,23.05491915,23.5059045,73.62204752000001
2025-02-25,35.92399035,23.30700255,23.03464467,71.25984278000001
2025-02-26,33.7417599,23.37109155,19.421652639999998,75.98425226
2025-02-27,35.7755175,23.566563,21.46377857,72.04724436000001
2025-02-28,36.5744937,23.25359505,23.82007772,69.29133883000002
2025-03-01,37.3991055,23.54626815,24.44842416,63.385826980000004
2025-03-02,38.30062409999999,24.3826296,24.44842416,57.874015920000005
2025-03-03,38.09447115,24.70841535,24.91968399,55.118110390000005
2025-03-04,37.3991055,24.22774785,25.39094382,56.69291355
2025-03-05,36.177141899999995,22.428983249999998,23.03464467,63.77952777000001
2025-03-06,35.3546664,22.176899849999998,18.47913298,70.86614199000002
2025-03-07,36.3822267,23.192710499999997,25.0767706,61.81102382
2025-03-08,37.2944268,22.83701655,25.39094382,55.118110390000005
2025-03-09,37.4610582,22.18971765,21.62086518,59.05511829
2025-03-10,33.64669455,21.080977949999998,20.3641723,70.86614199000002
2025-03-11,29.5781112,22.418301749999998,7.95433011,81.88976411000002
2025-03-12,30.650533799999998,20.12605185,15.023227559999999,83.85826806000001
2025-03-13,31.404647699999998,21.8105244,15.96574722,79.92126016000002
2025-03-14,32.681086949999994,19.20957915,20.992518739999998,67.71653567000001
2025-03-15,27.08611725,19.7169504,11.41023553,67.32283488000002
2025-03-16,33.6178545,16.6129065,23.19173128,72.04724436000001
2025-03-17,34.59307545,20.90793765,21.77795179,68.89763804
2025-03-18,31.30530975,20.543698499999998,17.2224401,76.37795305000002
2025-03-19,33.8143941,18.5013957,23.03464467,66.14173251000001
2025-03-20,33.393542999999994,19.13908125,24.291337549999998,59.44881908
2025-03-21,33.3486807,19.20530655,24.291337549999998,60.23622066
2025-03-22,30.9261165,17.8241886,13.45236146,62.5984254
2025-03-23,34.03763745,20.21150385,19.73582586,70.4724412
2025-03-24,34.2843801,21.3277206,20.992518739999998,74.01574831
2025-03-25,34.648619249999996,21.5691225,15.808660609999999,77.55905542
2025-03-26,32.4813429,20.1292563,21.9350384,78.74015779000001
2025-03-27,33.631740449999995,22.64047695,19.421652639999998,73.62204752000001
2025-03-28,31.516803449999998,21.54028245,13.76653468,80.31496095000001
2025-03-29,28.36148835,21.8895675,8.26850333,89.37007912000001
2025-03-30,33.4319964,20.785100399999997,20.992518739999998,79.13385858000001
2025-03-31,32.8658769,22.7910861,15.96574722,82.67716569000001
2025-04-01,31.47835005,22.8359484,13.92362129,88.58267754
2025-04-02,31.53816645,22.992966449999997,11.88149536,90.55118149000002
2025-04-03,31.08313455,23.051714699999998,13.92362129,87.00787438000002
2025-04-04,28.1190183,21.40142295,15.180314169999999,79.52755937
2025-04-05,25.2649215,14.61226155,8.73976316,74.80314989000001
2025-04-06,28.6189125,18.34010505,15.33740078,70.07874041000001
2025-04-07,29.916714749999997,17.7088284,18.32204637,70.07874041000001
2025-04-08,24.967975799999998,20.2723884,4.812597909999999,87.00787438000002
2025-04-09,26.5232022,18.7855236,14.70905434,85.43307122000002
2025-04-10,26.726150699999998,14.98825035,16.43700705,80.31496095000001
2025-04-11,30.5394462,15.2478108,19.10747942,75.59055147000001
2025-04-12,24.0536394,19.90174035,3.2417318099999997,86.61417359000001
2025-04-13,26.4142509,20.0950755,8.11141672,94.0944886
2025-04-14,29.7682419,16.41316245,18.47913298,82.28346490000001
2025-04-15,26.21877945,18.73745685,9.99645604,87.00787438000002
2025-04-16,27.50269575,19.60693095,10.62480248,88.18897675000001
2025-04-17,30.0908232,18.60714255,15.808660609999999,85.43307122000002
2025-04-18,27.63941895,20.81180415,7.95433011,89.37007912000001
2025-04-19,29.3901168,20.4197931,11.56732214,89.76377991000001
2025-04-20,29.6592906,18.3091287,14.55196773,83.07086648
2025-04-21,29.945554799999996,18.92758755,16.90826688,78.34645700000002
2025-04-22,28.587936149999997,18.0292734,14.394881119999999,78.74015779000001
2025-04-23,27.351018449999998,20.2745247,10.46771587,80.70866174000001
2025-04-24,22.681066649999998,17.59667265,2.7704719799999995,94.88189018000001
2025-04-25,24.093160949999998,17.0209398,6.69763723,92.51968544000002
2025-04-26,29.06860365,20.5244718,9.68228282,88.97637833000002
2025-04-27,24.813094049999997,20.42727015,3.7129916399999994,95.66929176000001
2025-04-28,26.5232022,18.89554305,15.33740078,81.10236253000001
2025-04-29,26.097010349999998,10.563973050000001,19.10747942,66.53543330000001
2025-04-30,27.275179799999997,9.09419865,18.47913298,67.32283488000002
2025-05-01,27.006006,14.02264275,17.37952671,70.4724412
2025-05-02,28.58152725,14.05041465,16.59409366,73.62204752000001
2025-05-03,28.907313,17.8711872,13.60944807,74.40944910000002
2025-05-04,29.329232249999997,17.5806504,14.55196773,75.59055147000001
2025-05-05,29.334573,19.39116465,14.86614095,73.22834673000001
2025-05-06,28.462962599999997,18.3497184,11.56732214,77.95275621000002
2025-05-07,27.88722975,18.58791585,7.95433011,77.95275621000002
2025-05-08,32.1566253,18.9286557,15.808660609999999,73.62204752000001
2025-05-09,32.273053649999994,19.48088925,10.15354265,79.92126016000002
2025-05-10,26.492225849999997,16.5317271,14.70905434,83.07086648
2025-05-11,27.083980949999997,13.38175275,16.59409366,70.4724412
2025-05-12,26.76567225,14.1347985,17.2224401,73.22834673000001
2025-05-13,28.66057035,16.7603112,12.98110163,78.34645700000002
2025-05-14,28.754567549999997,18.36787695,14.0807079,75.59055147000001
2025-05-15,27.79323255,15.43473705,15.49448739,69.29133883000002
2025-05-16,29.19891795,14.8803672,13.76653468,70.86614199000002
2025-05-17,29.23950765,16.559499,11.88149536,75.98425226
2025-05-18,30.995546249999997,18.82718145,9.52519621,76.37795305000002
2025-05-19,29.995757849999997,17.0252124,14.394881119999999,83.07086648
2025-05-20,29.99362155,19.55993235,10.78188909,86.22047280000001
2025-05-21,30.737053949999996,17.84875605,11.88149536,82.67716569000001
2025-05-22,26.2412106,19.1123775,4.6555113,92.12598465
2025-05-23,29.1828957,15.7391598,12.66692841,83.46456727000002
2025-05-24,28.7470905,17.377701899999998,12.98110163,79.52755937
2025-05-25,29.683858049999998,17.38090635,12.82401502,76.37795305000002
2025-05-26,29.079285149999997,17.2238883,9.99645604,75.19685068000001
2025-05-27,29.5567482,18.93399645,8.58267655,67.71653567000001
2025-05-28,26.025444299999997,10.809647550000001,6.69763723,87.79527596000001
2025-05-29,15.6387537,6.1204690500000005,9.68228282,81.88976411000002
2025-05-30,19.3195986,4.687011750000002,13.92362129,77.55905542
2025-05-31,21.493283849999997,7.2890251500000005,10.46771587,80.31496095000001
2025-06-01,24.3698118,9.58554765,11.88149536,77.95275621000002
2025-06-02,23.1756201,15.21042555,7.01181045,83.46456727000002
2025-06-03,26.1472134,17.008122,8.89684977,87.00787438000002
2025-06-04,28.715046,18.36787695,8.89684977,86.61417359000001
2025-06-05,24.25338345,19.4798211,3.2417318099999997,94.48818939000002
2025-06-06,23.94789255,19.29716745,6.540550619999999,94.48818939000002
2025-06-07,25.3354194,18.2514486,6.2263774,93.70078781000001
2025-06-08,23.66590095,17.1320274,6.540550619999999,94.0944886
2025-06-09,19.31212155,12.35632875,12.03858197,87.40157517000002
2025-06-10,21.93122535,7.988663400000001,14.394881119999999,85.03937043
2025-06-11,24.071797949999997,7.881848400000001,14.0807079,80.31496095000001
2025-06-12,21.87140895,9.11342535,15.651574,70.4724412
2025-06-13,23.96071035,11.85429825,11.56732214,69.68503962000001
2025-06-14,22.02094995,15.8417022,4.027164859999999,75.59055147000001
2025-06-15,22.79856315,15.28305975,9.05393638,88.18897675000001
2025-06-16,28.4052825,13.8186261,9.68228282,85.82677201000001
2025-06-17,29.524703699999996,19.7959935,9.99645604,74.80314989000001
2025-06-18,29.21173575,18.5783025,12.5098418,66.53543330000001
2025-06-19,25.1068353,17.57530965,6.2263774,78.74015779000001
2025-06-20,19.2277377,14.98611405,2.92755859,98.03149650000002
2025-06-21,19.9006722,12.5688906,7.325983669999999,91.33858307000001
2025-06-22,24.356994,16.6364058,5.12677113,94.0944886
2025-06-23,22.039108499999998,9.36337245,8.26850333,79.92126016000002
2025-06-24,14.3185203,0.23282625000000046,15.023227559999999,63.385826980000004
2025-06-25,20.4176568,2.0956798500000016,13.13818824,58.661417500000006
2025-06-26,18.5056683,12.88185855,2.29921215,83.85826806000001
2025-06-27,19.42748175,11.11727475,5.44094435,95.66929176000001
2025-06-28,28.7342727,15.770136149999999,8.42558994,89.37007912000001
2025-06-29,23.626379399999998,13.51847595,3.0846451999999998,91.73228386000001
2025-06-30,13.7139474,10.36316085,3.7129916399999994,88.58267754
2025-07-01,13.313391150000001,5.679323100000001,8.73976316,72.04724436000001
2025-07-02,19.373006099999998,8.608190400000002,13.60944807,68.89763804
2025-07-03,22.60629615,7.2473673000000005,13.76653468,77.55905542
2025-07-04,23.034624299999997,9.35696355,14.23779451,76.37795305000002
2025-07-05,25.529822699999997,11.25399795,13.60944807,73.62204752000001
2025-07-06,26.3458893,11.68553055,13.13818824,68.89763804
2025-07-07,25.88551665,11.9942259,14.0807079,68.89763804
2025-07-08,26.1878031,12.0262704,13.60944807,71.65354357000001
2025-07-09,25.2991023,12.3873051,11.88149536,70.07874041000001
2025-07-10,25.84919955,11.92906875,12.35275519,68.89763804
2025-07-11,27.6618501,14.06536875,10.62480248,68.89763804
2025-07-12,28.4843256,16.2753711,11.88149536,58.661417500000006
2025-07-13,28.6103673,17.74407735,10.46771587,57.086614340000004
2025-07-14,28.10299605,14.87929905,12.03858197,64.17322856000001
2025-07-15,28.4736441,16.51356855,10.9389757,63.385826980000004
2025-07-16,29.2811655,17.5144251,11.88149536,59.842519870000004
2025-07-17,22.43111955,10.9538478,4.9696845199999995,75.59055147000001
2025-07-18,20.118574799999998,6.1941714,15.651574,73.62204752000001
2025-07-19,25.12926645,6.31700865,14.70905434,72.83464594000002
2025-07-20,26.06496585,10.60456275,12.19566858,66.14173251000001
2025-07-21,28.2642867,12.94808385,13.29527485,64.17322856000001
2025-07-22,29.984008199999998,14.30890695,12.35275519,62.5984254
2025-07-23,30.33970215,16.1301027,12.98110163,58.26771671
2025-07-24,22.968398999999998,15.87054225,4.34133808,80.70866174000001
2025-07-25,27.38519925,14.8226871,13.29527485,81.49606332000002
2025-07-26,28.46403075,16.6577688,10.78188909,70.4724412
2025-07-27,29.500136249999997,18.1125891,7.640156889999999,75.19685068000001
2025-07-28,19.2555096,12.0454971,7.325983669999999,89.76377991000001
2025-07-29,19.44670845,7.57956195,16.90826688,75.59055147000001
2025-07-30,23.1029859,5.602416300000002,17.37952671,66.92913409
2025-07-31,26.47940805,10.4817255,16.43700705,55.905511970000006
2025-08-01,29.206395,13.43088765,14.70905434,54.330708810000004
2025-08-02,31.3234683,18.45332895,12.35275519,52.75590565
2025-08-03,29.1551238,18.9991536,8.26850333,53.54330723
2025-08-04,24.6817116,17.2153431,3.2417318099999997,87.79527596000001
2025-08-05,25.805405399999998,14.9017302,11.09606231,84.64566964000001
2025-08-06,25.29376155,14.9444562,14.55196773,80.31496095000001
2025-08-07,25.6686822,14.63148825,11.41023553,77.55905542
2025-08-08,21.43774005,12.8145651,10.31062926,85.03937043
2025-08-09,16.25934885,5.895089400000002,16.12283383,75.59055147000001
2025-08-10,21.9493839,3.6327477000000012,18.16495976,71.25984278000001
2025-08-11,23.21514165,6.767767950000001,18.007873149999998,63.385826980000004
2025-08-12,24.52469355,8.50244355,17.2224401,57.48031513
2025-08-13,26.4890214,9.88035705,15.180314169999999,56.29921276
2025-08-14,27.7708014,9.50436825,15.33740078,55.118110390000005
2025-08-15,26.53708815,11.5007406,18.32204637,62.5984254
2025-08-16,28.4394633,12.4813023,17.2224401,62.20472461000001
2025-08-17,31.503985649999997,15.45182745,17.69369993,58.26771671
2025-08-18,31.643913299999998,16.6940859,13.60944807,52.75590565
2025-08-19,31.045749299999997,16.18457835,10.78188909,54.330708810000004
2025-08-20,25.2307407,13.6242228,14.70905434,79.92126016000002
2025-08-21,31.0158411,14.28968025,16.43700705,70.07874041000001
2025-08-22,35.03742585,20.70712545,15.023227559999999,55.51181118
2025-08-23,31.6973208,15.69322935,8.42558994,62.99212619
2025-08-24,16.4548203,10.86091875,2.6133853699999996,92.91338623000001
2025-08-25,14.69771355,9.9839676,5.44094435,93.30708702000001
2025-08-26,20.3129781,10.2275058,13.45236146,88.18897675000001
2025-08-27,25.6815,9.347350200000001,17.37952671,80.31496095000001
2025-08-28,27.9566595,13.08480705,17.2224401,72.83464594000002
2025-08-29,29.675312849999997,15.0726342,19.10747942,69.29133883000002
2025-08-30,31.014772949999998,18.6167559,20.3641723,65.74803172000001
2025-08-31,31.444169249999998,17.8540968,18.63621959,57.874015920000005
2025-09-01,25.489233,18.54732615,6.69763723,69.29133883000002
2025-09-02,32.0647644,18.960700199999998,18.32204637,68.11023646000001
2025-09-03,34.66143705,20.4411561,19.26456603,53.93700802
2025-09-04,29.00237835,19.8194928,7.168897059999999,63.385826980000004
2025-09-05,20.6291505,13.4020476,4.1842514699999995,96.45669334000002
2025-09-06,20.56185705,12.04442895,9.52519621,87.79527596000001
2025-09-07,24.69773385,14.37299595,9.52519621,81.88976411000002
2025-09-08,33.0132816,19.2213288,16.43700705,71.25984278000001
2025-09-09,27.771869549999998,17.92779915,20.67834552,80.70866174000001
2025-09-10,31.82443065,11.5691022,23.19173128,66.14173251000001
2025-09-11,32.4920244,16.04999145,14.70905434,48.031496170000004
2025-09-12,34.354878,16.06921815,21.46377857,55.51181118
2025-09-13,28.83574695,19.7254956,16.59409366,57.48031513
2025-09-14,29.45527395,18.0784083,14.0807079,64.17322856000001
2025-09-15,32.87976285,16.9632597,16.59409366,66.14173251000001
2025-09-16,31.9964028,18.4693512,18.95039281,70.4724412
2025-09-17,34.2758349,19.1529672,21.62086518,62.20472461000001
2025-09-18,32.8231509,19.2555096,22.09212501,55.51181118
2025-09-19,35.2115343,18.94681425,21.62086518,51.574803280000005
2025-09-20,37.401241799999994,21.05961495,18.95039281,48.818897750000005
2025-09-21,36.64392345,22.0241544,18.16495976,62.5984254
2025-09-22,30.78405255,17.3050677,16.59409366,74.40944910000002
2025-09-23,27.388403699999998,10.19439315,25.548030429999997,57.086614340000004
2025-09-24,31.2081081,14.24054535,24.134250939999998,51.574803280000005
2025-09-25,30.12179955,15.11429205,25.39094382,52.362204860000006
2025-09-26,29.59413345,15.22324335,25.23385721,56.69291355
2025-09-27,33.009009,16.34907345,24.134250939999998,53.93700802
2025-09-28,31.5285531,19.077128549999998,16.12283383,68.11023646000001
2025-09-29,33.25147905,20.47854135,15.33740078,70.4724412
2025-09-30,28.60289025,19.9690338,6.2263774,77.95275621000002
2025-10-01,25.54584495,18.6829812,10.15354265,89.37007912000001
2025-10-02,29.98507635,20.3065692,12.19566858,81.10236253000001
2025-10-03,25.130334599999998,19.4755485,7.95433011,88.97637833000002
2025-10-04,33.97568475,17.5592874,22.406298229999997,75.19685068000001
2025-10-05,37.6810971,22.51443525,22.406298229999997,48.818897750000005
2025-10-06,31.2850149,21.8190696,8.89684977,67.32283488000002
2025-10-07,26.450567999999997,16.39179945,16.279920439999998,72.04724436000001
2025-10-08,19.70092815,15.34501245,4.027164859999999,84.25196885000001
2025-10-09,25.9015389,16.6043613,11.56732214,81.49606332000002
2025-10-10,32.34568785,17.6126949,22.24921162,71.25984278000001
2025-10-11,34.26835785,19.9626249,24.60551077,66.14173251000001
2025-10-12,27.492014249999997,20.05128135,3.2417318099999997,91.73228386000001
2025-10-13,27.63941895,19.4093232,18.63621959,81.10236253000001
2025-10-14,31.716547499999997,14.3697915,27.433069749999998,58.661417500000006
2025-10-15,32.919284399999995,18.1788144,24.76259738,61.81102382
2025-10-16,33.44374605,20.15596005,16.12283383,72.04724436000001
2025-10-17,29.7725145,20.01710055,14.0807079,83.85826806000001
2025-10-18,27.44501565,19.93164855,14.23779451,88.18897675000001
2025-10-19,27.44715195,14.16577485,28.06141619,64.17322856000001
2025-10-20,27.5123091,14.36231445,28.53267602,55.51181118
2025-10-21,28.95324345,13.771627500000001,28.37558941,52.362204860000006
2025-10-22,31.010500349999997,14.84511825,21.30669196,48.42519696
2025-10-23,30.34397475,16.3159608,23.34881789,50.00000012
2025-10-24,33.4512231,18.3796266,26.17637687,48.031496170000004
2025-10-25,36.3800904,21.22624635,23.34881789,44.88188985
2025-10-26,28.63920735,19.85901435,7.483070279999999,87.79527596000001
2025-10-27,29.69453955,19.34843865,19.421652639999998,81.10236253000001
2025-10-28,26.7432411,20.7637374,9.99645604,90.55118149000002
2025-10-29,21.73682205,15.5298024,11.25314892,90.15748070000001
2025-10-30,26.0703066,15.0170904,22.720471449999998,80.70866174000001
2025-10-31,29.20746315,16.30634745,25.705117039999998,72.04724436000001
2025-11-01,29.64754095,18.9756543,12.35275519,80.31496095000001
2025-11-02,29.05364955,18.69045825,17.06535349,89.37007912000001
2025-11-03,31.810544699999998,21.1803159,22.87755806,82.28346490000001
2025-11-04,34.65289185,20.23286685,24.76259738,72.04724436000001
2025-11-05,28.658434049999997,21.31383465,13.76653468,79.92126016000002
2025-11-06,31.878906299999997,17.21427495,28.53267602,69.68503962000001
2025-11-07,32.4813429,20.7658737,22.24921162,72.04724436000001
2025-11-08,25.9207656,16.7453571,20.992518739999998,77.95275621000002
2025-11-09,28.437327,14.64003345,26.17637687,72.04724436000001
2025-11-10,29.94875925,16.68019995,29.003935849999998,66.92913409
2025-11-11,31.2551067,17.072211,29.31810907,58.661417500000006
2025-11-12,32.344619699999996,19.9968057,15.808660609999999,70.07874041000001
2025-11-13,26.22946095,19.95087525,8.73976316,91.33858307000001
2025-11-14,28.4031462,20.9965941,15.808660609999999,87.79527596000001
2025-11-15,27.271975349999998,21.664187849999998,11.88149536,90.15748070000001
2025-11-16,29.06433105,20.57894745,17.2224401,87.40157517000002
2025-11-17,24.9743847,17.77825815,9.52519621,92.12598465
2025-11-18,24.58237365,15.87267855,26.17637687,79.13385858000001
2025-11-19,29.5994742,12.5048016,29.94645551,67.71653567000001
2025-11-20,31.858611449999998,16.303143,30.260628729999997,65.74803172000001
2025-11-21,34.24699485,17.84448345,29.161022459999998,58.661417500000006
2025-11-22,33.8250756,19.4200047,28.846849239999997,62.99212619
2025-11-23,31.73043345,19.9903968,21.46377857,73.22834673000001
2025-11-24,29.39118495,18.84213555,26.33346348,75.59055147000001
2025-11-25,30.76055325,17.1768897,29.161022459999998,68.50393725
2025-11-26,32.431139849999994,17.5891956,29.47519568,61.81102382
2025-11-27,32.9299659,19.0995597,29.161022459999998,58.661417500000006
2025-11-28,34.397604,19.4178684,26.80472331,59.842519870000004
2025-11-29,35.914377,21.1034091,28.37558941,61.02362224
2025-11-30,37.0658427,20.5714704,27.275983139999997,60.23622066
2025-12-01,33.00366825,21.8917038,15.808660609999999,78.74015779000001
2025-12-02,31.0094322,20.664399449999998,20.992518739999998,85.03937043
2025-12-03,33.1222329,19.89105885,28.53267602,70.07874041000001
2025-12-04,33.37752075,17.2495239,29.7893689,56.69291355
2025-12-05,34.1156124,18.85708965,28.846849239999997,62.20472461000001
2025-12-06,35.93253555,20.34075,28.06141619,58.26771671
2025-12-07,35.52450225,21.02329785,19.421652639999998,66.14173251000001
2025-12-08,26.742172949999997,21.77100285,7.168897059999999,90.55118149000002
2025-12-09,27.59028405,21.3747192,20.04999908,87.40157517000002
2025-12-10,28.10299605,20.7210114,24.76259738,76.77165384000001
2025-12-11,31.3491039,16.12476195,29.003935849999998,71.65354357000001
2025-12-12,23.729989949999997,17.88293685,2.92755859,91.33858307000001
2025-12-13,29.11773855,17.28050025,18.7933062,87.40157517000002
2025-12-14,28.91906265,21.414240749999998,14.394881119999999,91.33858307000001
2025-12-15,31.837248449999997,20.747715149999998,21.62086518,88.97637833000002
2025-12-16,27.47919645,21.343742849999998,15.808660609999999,85.03937043
2025-12-17,29.9733267,15.1965396,25.39094382,70.4724412
2025-12-18,31.181404349999998,19.35698385,30.731888559999998,74.01574831
2025-12-19,32.5881579,18.831454049999998,30.574801949999998,69.29133883000002
2025-12-20,33.27711465,20.0181687,28.06141619,70.86614199000002
2025-12-21,33.5494929,23.79835155,19.26456603,78.34645700000002
2025-12-22,33.6477627,22.1053338,21.30669196,81.88976411000002
2025-12-23,32.45250285,22.8359484,17.69369993,83.46456727000002
2025-12-24,33.13398255,22.94383155,23.82007772,83.85826806000001
2025-12-25,33.64242195,22.330713449999998,20.992518739999998,79.92126016000002
2025-12-26,35.38564275,22.52938935,25.548030429999997,78.34645700000002
2025-12-27,34.9872228,21.73041315,28.846849239999997,76.37795305000002
2025-12-28,31.6097325,22.2783741,20.835432129999997,77.16535463000001
2025-12-29,33.5153121,22.681066649999998,21.46377857,84.64566964000001
2025-12-30,32.927829599999995,22.07435745,20.835432129999997,87.79527596000001
2025-12-31,32.1630342,22.74942825,17.06535349,90.55118149000002
